generation,best_score,mean_score,median_score,elite_median_score,worst_score,best_turns,median_turns,worst_turns,best_food_eaten,best_sc_survival,best_sc_towards,best_sc_against,best_sc_ate,best_sc_bomb
1,15.95,2.3275,1.1517,7.8867,-2.35,65,12.2,3,1.0,1.95,34.333,-15.333,5.0,-10.0
2,12.4733,3.4611,3.4733,5.5183,-4.1133,71,15.8,3,0.6666666666666666,2.14,36.0,-17.667,3.333,-11.333
3,17.54,5.2229,4.7533,6.1717,-4.55,51,17.3,3,1.3333333333333333,0.54,14.0,-2.0,6.667,-1.667
4,22.1733,5.908,6.1567,6.6833,-3.71,60,17.3,3,1.6666666666666667,1.34,27.0,-8.833,8.333,-5.667
5,22.9333,7.1243,6.8033,8.4533,-2.4733,248,18.2,3,1.0,2.1,41.0,-14.5,5.0,-10.667
6,21.72,5.7492,4.645,5.615,-2.1233,50,15.7,3,1.3333333333333333,0.72,19.333,-2.333,6.667,-2.667
7,41.0033,10.0421,6.61,6.1417,-3.53,187,20.3,3,2.6666666666666665,1.17,33.333,-2.833,13.333,-4.0
8,28.65,7.1347,5.645,4.16,-0.91,96,17.2,3,2.6666666666666665,0.65,17.667,-2.0,13.333,-1.0
9,30.0933,9.0426,8.29,6.805,-2.13,72,20.5,3,2.6666666666666665,0.76,20.667,-2.333,13.333,-2.333
10,39.36,8.8221,6.3733,7.48,-2.74,98,20.0,3,3.0,1.36,33.333,-6.0,15.0,-4.333
11,29.7767,8.9526,7.0283,9.355,-1.7233,90,19.3,3,1.3333333333333333,2.61,51.333,-17.833,6.667,-13.0
12,80.0533,11.0301,7.9383,7.5133,-1.4833,224,22.3,3,4.0,6.72,133.333,-45.333,20.0,-34.667
13,40.6467,9.9325,6.0367,6.6133,-1.0733,116,23.7,3,3.3333333333333335,2.98,56.667,-21.333,16.667,-14.333
14,53.8367,10.6318,7.1117,4.9467,-1.41,191,25.5,3,4.0,4.67,86.667,-34.5,20.0,-23.0
15,82.32,13.7294,9.3567,7.5067,-1.41,261,26.0,3,5.666666666666667,7.82,144.333,-58.167,28.333,-40.0
16,53.4133,12.1063,7.7633,10.1783,-1.6833,103,24.0,3,2.6666666666666665,3.08,68.667,-17.0,13.333,-14.667
17,81.06,13.119,10.0083,10.505,-1.8267,202,24.7,8,5.333333333333333,6.06,120.0,-41.0,26.667,-30.667
18,50.1867,12.059,10.505,11.625,-3.1,151,27.3,3,2.6666666666666665,4.52,87.333,-31.667,13.333,-23.333
19,78.39,14.3859,9.8833,21.485,-0.81,196,32.5,6,5.333333333333333,5.89,116.0,-40.167,26.667,-30.0
20,53.51,13.4183,9.3467,14.2217,-1.3867,138,24.2,3,4.0,1.51,41.667,-4.333,20.0,-5.333
21,60.51,12.6508,10.9117,16.7717,-1.41,86,16.2,3,5.333333333333333,1.51,41.0,-4.667,26.667,-4.0
22,86.79,13.7729,10.1867,13.6067,-1.67,210,18.8,3,6.333333333333333,6.29,123.333,-43.167,31.667,-31.333
23,53.1533,14.5869,11.12,16.8417,-1.31,163,23.0,3,2.6666666666666665,4.82,93.333,-33.667,13.333,-24.667
24,59.85,12.9821,9.17,14.1817,-2.23,173,21.5,3,5.0,1.35,39.333,-2.833,25.0,-3.0
25,41.2233,14.013,8.5133,13.5,-1.41,113,19.2,3,2.3333333333333335,3.39,66.667,-23.167,11.667,-17.333
26,41.6367,11.8583,9.8383,15.43,-2.35,122,20.2,3,3.3333333333333335,0.97,28.333,-2.0,16.667,-2.333
27,79.1933,15.3489,11.4533,19.775,-1.41,229,22.8,3,5.0,6.86,130.667,-49.0,25.0,-34.333
28,61.6267,14.1812,11.9383,17.195,-0.91,83,22.2,3,6.0,1.46,39.0,-4.833,30.0,-4.0
29,99.47,18.4148,14.1083,18.965,-2.0067,91,21.7,3,9.666666666666666,2.47,64.333,-9.0,48.333,-6.667
30,84.3633,14.5605,11.4617,20.775,-1.4967,240,18.0,3,8.333333333333334,1.53,46.0,-2.5,41.667,-2.333
31,76.4167,14.617,12.25,18.7933,-1.99,73,17.7,3,7.0,1.75,49.0,-4.667,35.0,-4.667
32,55.9067,15.6109,10.8583,15.7567,-1.41,95,20.7,3,5.333333333333333,1.24,34.0,-3.667,26.667,-2.333
33,53.6733,19.2759,18.9767,18.4267,-2.1,161,22.3,3,4.333333333333333,1.34,38.0,-3.333,21.667,-4.0
34,56.3067,20.3941,17.7933,19.1217,-4.5133,151,24.2,3,5.0,1.14,34.333,-1.833,25.0,-2.333
35,130.5933,27.0833,21.6033,28.9333,-1.6933,174,23.8,5,11.666666666666666,3.76,95.0,-15.167,58.333,-11.333
36,88.86,20.2885,16.215,25.2167,-2.0933,162,23.8,5,6.0,4.86,104.667,-28.667,30.0,-22.0
37,149.7667,27.6369,16.7633,31.5133,-1.41,320,21.0,3,8.666666666666666,9.6,203.0,-58.5,43.333,-47.667
38,141.2133,35.3039,19.06,22.065,1.8767,267,31.3,7,10.333333333333334,6.88,152.0,-38.667,51.667,-30.667
39,156.2367,30.5513,26.4083,26.5983,-3.8567,275,29.5,3,13.0,5.07,126.0,-21.5,65.0,-18.333
40,140.3567,38.5233,27.4267,26.0417,-2.59,256,49.3,3,7.333333333333333,7.69,173.667,-41.333,36.667,-36.333
41,217.48,42.2216,31.3317,36.3217,-1.85,416,50.0,3,12.0,12.48,275.333,-70.333,60.0,-60.0
42,245.01,43.9198,30.1033,28.5217,-1.41,450,38.5,3,14.0,13.51,301.333,-74.5,70.0,-65.333
43,183.4833,47.9423,30.5817,23.8117,-1.41,338,67.5,3,10.0,10.15,227.667,-55.333,50.0,-49.0
44,219.8467,44.9528,23.1167,51.6917,-1.41,538,55.7,3,14.666666666666666,11.68,255.0,-67.167,73.333,-53.0
45,166.9033,42.1743,27.785,46.9283,-2.2167,283,79.3,3,11.0,8.07,182.667,-43.167,55.0,-35.667
46,181.44,58.3175,47.0117,36.6517,-2.5067,456,57.3,3,12.333333333333334,13.44,264.667,-91.667,61.667,-66.667
47,279.61,55.0775,30.0783,54.07,-0.38,520,57.5,3,19.0,15.61,335.667,-92.333,95.0,-74.333
48,315.8967,60.3671,38.6417,37.88,-1.41,808,68.8,3,21.666666666666668,24.23,472.333,-167.667,108.333,-121.333
49,221.2533,53.8259,45.6333,33.525,-0.41,481,85.0,3,14.666666666666666,14.42,296.333,-92.167,73.333,-70.667
50,205.2267,65.0683,43.815,35.7917,-0.4833,519,101.7,8,13.666666666666666,15.56,306.0,-106.333,68.333,-78.333
51,232.78,57.9892,31.6183,30.3217,-2.17,603,76.3,3,15.333333333333334,17.28,342.333,-116.833,76.667,-86.667
52,245.02,59.1645,35.6133,45.7583,-1.85,652,80.0,3,17.666666666666668,15.02,309.333,-95.667,88.333,-72.0
53,245.28,47.6813,32.5483,52.0567,-2.0367,593,78.3,3,15.0,17.78,359.667,-116.5,75.0,-90.667
54,178.5367,39.045,24.205,34.635,-4.6767,462,58.2,3,11.333333333333334,13.87,273.0,-94.667,56.667,-70.333
55,274.5433,69.925,44.705,46.0417,-1.41,840,80.0,3,16.333333333333332,25.21,479.0,-180.667,81.667,-130.667
56,442.1467,60.5186,17.63,82.1,-1.41,1399,39.7,3,24.333333333333332,41.98,799.0,-300.167,121.667,-220.333
57,280.9567,59.2581,38.8667,47.6583,-2.9767,860,90.5,3,15.0,25.79,496.667,-181.5,75.0,-135.0
58,268.3233,72.2428,65.54,83.5067,-1.41,683,171.0,3,19.666666666666668,20.49,395.333,-143.833,98.333,-102.0
59,397.11,78.6585,51.4617,53.3783,-1.41,1090,118.0,3,26.333333333333332,28.11,564.333,-186.333,131.667,-140.667
60,410.7333,70.0223,54.2033,86.5,-1.41,1247,143.2,3,20.333333333333332,37.4,727.333,-259.667,101.667,-196.0
61,319.4467,66.3313,53.6983,92.2267,-1.41,678,127.2,3,20.666666666666668,19.78,415.333,-122.0,103.333,-97.0
62,284.47,70.3502,48.855,87.9467,-1.41,837,102.0,3,17.333333333333332,19.47,399.667,-124.667,86.667,-96.667
63,334.47,51.8332,28.75,56.725,-1.5367,1016,82.3,3,19.0,30.47,583.667,-216.0,95.0,-158.667
64,685.3433,80.9754,47.52,80.21,-0.91,1231,130.2,3,47.333333333333336,29.01,687.667,-139.667,236.667,-128.333
65,607.9233,95.5893,51.2533,57.925,-0.41,2020,136.3,3,32.0,60.59,1144.333,-437.667,160.0,-319.333
66,401.7333,76.3989,27.54,87.165,-1.41,1247,84.5,3,20.333333333333332,37.4,722.0,-262.333,101.667,-197.0
67,457.25,93.2359,32.5083,81.31,-1.41,1525,119.2,3,24.0,45.75,863.333,-330.833,120.0,-241.0
68,505.5067,95.4592,62.815,104.5683,-0.41,1186,174.0,3,35.0,25.84,570.0,-145.667,175.0,-119.667
69,358.8833,79.3103,67.2617,98.7383,-1.41,1202,166.5,3,18.0,36.05,682.0,-259.833,90.0,-189.333
70,384.5133,103.4649,77.995,167.24,-0.91,1289,196.8,3,21.333333333333332,38.68,724.333,-282.5,106.667,-202.667
71,272.6733,80.7545,49.5783,147.6567,-1.41,882,113.8,3,15.333333333333334,24.34,468.667,-171.333,76.667,-125.667
72,654.7467,101.0168,63.3633,89.93,-2.25,1059,146.0,3,47.0,25.08,612.667,-111.667,235.0,-106.333
73,674.91,134.9885,110.615,147.7633,-1.6633,814,228.0,3,50.666666666666664,24.41,602.667,-105.5,253.333,-100.0
74,414.14,106.2639,101.7867,148.4167,-1.5667,745,172.8,3,29.666666666666668,15.64,384.333,-68.5,148.333,-65.667
75,598.42,131.3614,79.56,111.6183,-2.0433,1220,125.5,3,48.333333333333336,19.92,497.0,-83.5,241.667,-76.667
76,777.42,145.9493,73.26,155.1183,-1.41,964,187.0,3,57.333333333333336,28.92,709.0,-127.5,286.667,-119.667
77,416.51,115.4269,89.7467,179.895,-1.41,824,155.2,3,32.666666666666664,18.51,416.333,-100.333,163.333,-81.333
78,364.05,94.4967,70.02,112.8217,-0.41,925,129.3,3,24.666666666666668,15.05,362.333,-69.667,123.333,-67.0
79,475.9333,117.5418,94.6567,159.0133,-2.7167,1305,253.0,3,36.333333333333336,17.6,428.0,-79.333,181.667,-72.0
80,618.7267,159.0923,103.1383,108.8,-2.6633,1294,233.3,3,44.666666666666664,27.06,625.333,-138.333,223.333,-118.667
81,531.0133,133.3499,96.65,191.7967,-1.41,1075,177.0,3,34.0,31.68,674.667,-190.667,170.0,-154.667
82,540.46,159.7536,126.4033,226.665,-0.41,1183,227.5,3,40.666666666666664,21.46,508.0,-103.667,203.333,-88.667
83,784.68,183.3685,131.8567,193.97,-2.7,944,327.7,3,61.333333333333336,28.18,689.0,-125.167,306.667,-114.0
84,670.5367,186.6083,136.4767,114.7867,-0.41,935,273.3,3,53.333333333333336,23.87,582.333,-106.667,266.667,-95.667
85,623.0467,182.5379,112.175,190.6417,-1.41,929,218.7,3,42.0,27.88,649.667,-139.833,210.0,-124.667
86,1116.3367,178.6511,136.4917,248.915,-3.45,1372,230.2,3,85.33333333333333,41.17,1002.667,-184.833,426.667,-169.333
87,694.74,162.394,139.8317,160.3833,-2.5167,841,230.2,3,52.333333333333336,25.24,621.667,-109.833,261.667,-104.0
88,714.6167,191.6307,160.405,322.3583,-2.3033,865,260.2,3,55.0,25.95,634.333,-115.333,275.0,-105.333
89,739.58,229.8071,191.7783,253.725,-0.41,1593,263.3,3,57.666666666666664,25.08,628.333,-103.833,288.333,-98.333
90,893.1867,142.7565,77.9433,256.935,-1.41,1567,200.2,3,61.666666666666664,47.02,1031.0,-268.167,308.333,-225.0
91,544.88,135.8393,89.5833,129.5333,-2.6233,667,156.0,3,41.0,19.38,480.333,-82.833,205.0,-77.0
92,530.0433,139.1633,70.8283,214.77,-0.91,955,112.7,3,42.333333333333336,17.71,443.0,-73.667,211.667,-68.667
93,689.3667,133.7387,45.7583,257.55,-1.41,973,129.3,3,52.666666666666664,25.7,622.667,-117.0,263.333,-105.333
94,666.63,151.1467,97.2517,174.9833,-0.41,921,157.5,3,47.666666666666664,27.63,653.667,-133.667,238.333,-119.333
95,1043.74,203.3215,161.6783,211.945,-2.5067,1325,205.0,3,73.66666666666667,39.74,977.333,-173.667,368.333,-168.0
96,638.9333,193.0545,139.6933,383.605,-1.41,820,215.0,3,49.333333333333336,24.6,586.0,-117.0,246.667,-101.333
97,840.2533,194.8826,158.6833,249.21,-0.8233,997,220.0,3,59.666666666666664,29.92,756.0,-120.667,298.333,-123.333
98,855.93,225.5558,147.0517,372.5333,-2.5067,1098,230.0,3,63.333333333333336,32.93,795.667,-151.0,316.667,-138.333
99,692.1333,134.0395,85.21,255.6517,-1.9967,893,108.3,3,50.0,26.8,649.333,-122.0,250.0,-112.0
100,674.1933,171.4234,149.345,297.9717,-1.41,962,234.7,3,49.666666666666664,28.86,669.333,-146.333,248.333,-126.0
101,937.29,194.9894,141.215,204.9517,-2.7767,1210,237.7,3,72.33333333333333,36.29,863.0,-173.333,361.667,-150.333
102,775.2633,182.7773,111.7683,245.695,-1.41,1081,217.7,3,56.666666666666664,32.43,759.333,-160.833,283.333,-139.0
103,755.0267,204.7809,150.835,301.35,-1.41,945,232.5,3,55.666666666666664,28.36,692.667,-126.333,278.333,-118.0
104,966.7067,162.2185,89.485,231.0867,-1.41,1235,136.7,3,72.33333333333333,37.04,894.0,-170.333,361.667,-155.667
105,822.0067,141.7581,67.5417,252.115,-2.32,1078,123.3,3,59.0,32.34,780.667,-148.667,295.0,-137.333
106,728.42,143.7075,50.87,296.7767,-1.41,987,90.3,3,53.666666666666664,26.42,654.0,-113.333,268.333,-107.0
107,871.0233,181.6257,59.1933,494.3417,-1.41,1106,132.7,3,67.0,33.19,796.0,-155.167,335.0,-138.0
108,826.5733,186.3149,83.2817,493.2733,-0.91,1591,135.8,3,56.0,47.74,1015.667,-287.833,280.0,-229.0
109,920.1133,204.5893,130.62,264.63,-1.41,1185,193.2,3,67.66666666666667,34.78,848.0,-155.667,338.333,-145.333
110,630.2133,143.4643,119.9283,310.04,-1.41,779,211.5,3,48.0,23.38,569.0,-105.167,240.0,-97.0
111,1000.2233,234.6869,207.81,279.095,-1.41,1246,276.0,3,76.33333333333333,37.39,906.667,-169.833,381.667,-155.667
112,1126.57,240.7153,190.9317,377.17,0.9033,1656,265.8,6,79.33333333333333,43.57,1065.0,-193.667,396.667,-185.0
113,688.1833,165.9483,94.9633,319.0217,-1.41,1166,142.8,3,52.666666666666664,24.85,610.333,-109.0,263.333,-101.333
114,857.57,183.9735,136.5633,303.0083,-1.41,1120,225.0,3,70.0,31.07,744.667,-145.5,350.0,-122.667
115,841.0867,176.5822,72.5783,238.9733,-1.5233,1047,119.0,3,62.333333333333336,31.42,767.333,-140.0,311.667,-129.333
116,861.52,205.1903,106.9167,270.1167,-1.5033,1101,204.5,3,63.666666666666664,33.02,800.333,-150.167,318.333,-140.0
117,850.3767,172.2042,76.245,323.87,-1.6,1074,138.3,3,62.0,32.21,787.333,-143.167,310.0,-136.0
118,839.9233,157.8342,38.8367,319.0283,-1.41,1036,117.3,3,64.0,31.09,756.0,-140.167,320.0,-127.0
119,726.2033,160.7126,98.1317,267.2833,-1.6833,929,153.5,3,55.333333333333336,27.87,667.667,-130.667,276.667,-115.333
120,920.7433,184.6657,111.3967,173.6283,-3.6,1230,177.2,3,67.33333333333333,36.91,880.0,-175.167,336.667,-157.667
121,845.2167,165.1401,93.1267,219.41,-1.41,1068,172.5,3,62.0,32.05,780.0,-144.167,310.0,-132.667
122,1005.74,231.0896,208.9933,314.165,-1.41,1341,278.5,3,72.0,40.24,965.0,-188.167,360.0,-171.333
123,1085.7633,226.563,155.1617,324.1467,-2.32,1414,263.0,3,78.66666666666667,42.43,1025.667,-194.333,393.333,-181.333
124,1263.4367,197.6031,89.4217,363.4317,-1.41,1526,156.8,3,96.33333333333333,45.77,1123.667,-201.0,481.667,-186.667
125,841.2633,194.6802,138.875,397.9783,-1.41,1081,179.8,3,64.0,32.43,775.333,-152.833,320.0,-133.667
126,762.8467,178.3118,76.6183,241.8033,-3.13,956,119.7,3,54.666666666666664,28.68,705.667,-125.167,273.333,-119.667
127,816.1167,132.8359,30.0217,259.8533,-1.41,1015,88.0,3,60.333333333333336,30.45,747.0,-134.0,301.667,-129.0
128,856.98,195.2935,73.86,373.1017,-0.9567,1083,137.2,7,63.333333333333336,32.48,789.667,-146.5,316.667,-135.333
129,584.99,128.7603,63.5233,286.095,-0.41,1287,98.0,3,45.0,22.99,544.333,-111.0,225.0,-96.333
130,823.1533,167.2747,102.5517,290.4283,-1.41,1097,128.3,3,58.333333333333336,32.32,784.333,-146.5,291.667,-138.667
131,888.2167,180.7889,67.855,349.8233,-1.41,1152,127.3,3,66.33333333333333,34.55,829.0,-161.333,331.667,-145.667
132,755.4733,159.0741,67.2867,285.4033,-1.85,971,137.3,3,54.0,29.14,710.0,-130.667,270.0,-123.0
133,1264.4233,195.1863,101.93,464.305,-2.06,1653,159.7,3,97.33333333333333,49.59,1175.333,-238.833,486.667,-208.333
134,772.6933,202.7024,184.8967,283.2633,-1.84,1029,278.0,3,54.666666666666664,30.86,743.0,-142.833,273.333,-131.667
135,903.3367,177.1249,60.845,378.1267,-1.41,1089,148.3,3,67.0,32.67,810.333,-139.333,335.0,-135.333
136,769.06,170.6049,121.3483,276.065,-1.41,1008,194.8,3,57.0,29.56,713.0,-136.167,285.0,-122.333
137,842.4733,212.7685,126.855,433.975,-1.41,1105,191.7,3,63.0,33.14,790.0,-157.333,315.0,-138.333
138,1278.8133,256.8227,208.3417,422.9967,-0.41,1666,272.5,3,93.66666666666667,49.98,1206.333,-229.833,468.333,-216.0
139,836.34,230.7721,168.9483,330.7567,-1.41,1126,243.7,3,62.666666666666664,32.84,783.667,-155.5,313.333,-138.0
140,686.3467,133.5876,107.485,197.375,-1.73,889,146.2,3,50.333333333333336,26.68,643.333,-123.0,251.667,-112.333
141,896.63,180.7546,109.5033,245.2767,-1.41,1204,155.7,3,67.0,36.13,854.0,-175.167,335.0,-153.333
142,897.95,192.7254,166.6767,284.8617,-1.41,1115,225.3,3,69.66666666666667,33.45,806.0,-154.5,348.333,-135.333
143,808.06,205.7227,100.78,386.6583,-1.41,1058,187.5,3,64.66666666666667,30.06,718.667,-141.667,323.333,-122.333
144,598.1533,201.2048,165.165,405.6683,-2.32,844,256.3,3,45.333333333333336,25.32,584.333,-129.833,226.667,-108.333
145,767.1267,176.5531,67.4267,261.4333,-1.6633,932,191.8,6,59.333333333333336,27.96,682.333,-124.833,296.667,-115.0
146,1349.5233,211.2513,151.7383,364.1633,-0.91,1706,224.8,3,100.0,51.19,1243.667,-231.333,500.0,-214.0
147,837.0733,209.8811,125.5017,260.8967,-1.5533,1075,168.7,3,59.666666666666664,32.24,786.333,-144.167,298.333,-135.667
148,714.4567,221.8381,180.4417,184.765,-1.88,930,236.2,3,53.0,24.79,624.333,-101.0,265.0,-98.667
149,1128.8867,287.9981,294.9633,441.23,-1.41,1491,366.3,3,83.33333333333333,44.72,1069.0,-210.833,416.667,-190.667
150,823.93,222.4975,181.6417,294.6933,-0.41,1164,261.3,3,57.333333333333336,34.93,825.667,-169.333,286.667,-154.0
151,977.9533,214.2691,130.4233,348.6467,-1.41,1387,201.7,3,74.0,41.62,958.0,-214.667,370.0,-177.0
152,696.1133,179.2365,101.205,435.19,-2.5667,907,156.0,3,51.666666666666664,26.28,637.667,-119.167,258.333,-107.0
153,1249.11,214.3174,158.7183,366.935,-2.35,1587,261.8,3,89.66666666666667,47.61,1164.667,-211.167,448.333,-200.333
154,1222.38,192.0281,115.8767,319.385,-3.0833,1679,187.3,3,96.33333333333333,50.38,1162.0,-258.667,481.667,-213.0
155,1579.13,269.0686,211.8883,288.7767,-1.32,2004,302.7,3,116.33333333333333,60.13,1461.667,-271.333,581.667,-253.0
156,662.03,222.3688,193.755,463.075,-1.3967,868,249.3,3,46.333333333333336,26.03,633.0,-117.333,231.667,-111.333
157,845.2067,238.141,158.625,390.8067,-2.1933,1151,239.8,3,66.0,31.54,760.0,-145.667,330.0,-130.667
158,763.9733,241.7636,168.6517,409.1517,-1.41,996,208.8,3,56.666666666666664,29.64,712.0,-138.0,283.333,-123.0
159,774.2367,181.225,91.5033,400.2633,0.59,1019,159.3,3,57.666666666666664,30.57,730.333,-144.333,288.333,-130.667
160,1014.9467,187.95,71.105,451.8317,-0.91,1259,123.3,3,73.66666666666667,37.78,931.0,-164.167,368.333,-158.0
161,1004.7333,209.9625,78.815,395.41,-2.32,1194,133.3,3,77.0,35.4,878.0,-151.0,385.0,-142.667
162,662.0333,208.1357,123.6367,350.32,-2.27,884,169.2,3,49.0,24.2,597.667,-104.5,245.0,-100.333
163,813.8767,195.3146,147.3667,416.0867,-2.7733,1157,190.0,3,53.0,34.71,832.0,-162.5,265.0,-155.333
164,846.1633,223.5003,171.0967,403.1867,-1.41,1111,217.5,3,67.66666666666667,33.33,778.667,-166.167,338.333,-138.0
165,996.9667,287.3817,270.83,354.9317,0.2367,1310,328.8,8,73.33333333333333,39.3,942.667,-183.667,366.667,-168.0
166,853.1767,250.6939,161.5433,428.0617,-1.41,1100,207.0,3,65.66666666666667,33.01,787.333,-156.5,328.333,-139.0
167,466.9967,140.2895,22.5517,361.5083,-1.41,628,48.8,3,35.333333333333336,18.83,443.333,-92.167,176.667,-79.667
168,788.9367,192.043,143.5217,315.545,-1.41,1026,204.3,3,63.333333333333336,30.77,720.667,-152.5,316.667,-126.667
169,1070.45,245.5499,230.4567,248.2067,-1.41,1298,281.5,3,80.66666666666667,38.95,957.333,-170.5,403.333,-158.667
170,1481.3533,342.0645,362.9433,424.9833,-1.41,1801,442.2,3,114.33333333333333,54.02,1318.0,-241.333,571.667,-221.0
171,972.4067,256.8063,232.2483,259.595,-0.41,1208,279.2,3,73.66666666666667,36.24,881.0,-163.5,368.333,-149.667
172,1015.5633,332.5854,292.7933,465.815,-0.28,1292,369.5,7,75.0,37.73,926.0,-165.833,375.0,-157.333
173,1163.9833,311.6469,230.0,325.3367,1.13,1572,301.0,11,86.0,47.15,1118.0,-226.833,430.0,-204.333
174,1212.6433,288.3665,223.9,306.19,-2.1933,1477,288.3,3,93.33333333333333,44.31,1080.333,-198.333,466.667,-180.333
175,1097.7967,310.3317,295.1017,458.6483,-3.0133,1488,387.5,3,84.66666666666667,44.63,1043.333,-222.167,423.333,-191.333
176,1266.37,270.4189,224.3933,343.2583,-2.6233,1629,314.0,3,92.66666666666667,48.87,1182.0,-223.5,463.333,-204.333
177,965.45,216.1629,186.0283,254.0783,-1.6033,1182,228.0,3,70.33333333333333,35.45,876.333,-152.667,351.667,-145.333
178,1832.3833,275.9179,199.36,265.835,-1.25,2318,261.2,3,134.66666666666666,69.55,1693.333,-312.5,673.333,-291.333
179,1097.36,314.6341,220.7433,274.4967,-1.8967,1379,297.5,3,81.0,41.36,1007.333,-185.667,405.0,-170.667
180,846.7067,235.0907,166.6967,332.4817,-1.5667,1101,209.3,3,61.0,33.04,798.0,-151.667,305.0,-137.667
181,1137.48,269.4963,197.2817,402.1317,-1.41,1533,318.2,3,83.33333333333333,45.98,1093.0,-219.833,416.667,-198.333
182,1006.9,355.3351,340.3067,584.03,-1.88,1263,427.7,3,75.0,37.9,921.333,-171.0,375.0,-156.333
183,1064.3733,279.3197,249.1,481.6083,-1.41,1285,326.7,3,78.0,38.54,958.333,-163.167,390.0,-159.333
184,1022.4367,258.4377,158.4333,444.535,-3.0233,1342,195.0,3,73.33333333333333,40.27,973.333,-184.5,366.667,-173.333
185,1130.0767,235.4449,171.1383,234.8917,-0.91,1397,232.8,3,86.0,41.91,1019.333,-188.833,430.0,-172.333
186,1114.0133,277.2891,199.2083,521.2867,-2.35,1389,270.8,3,81.33333333333333,41.68,1022.667,-183.333,406.667,-173.667
187,1033.9233,258.4258,216.4717,438.7267,-0.41,1253,295.5,3,78.0,37.59,922.333,-165.333,390.0,-150.667
188,772.12,179.2142,35.0383,386.325,-2.8167,954,150.7,3,55.666666666666664,28.62,709.0,-122.5,278.333,-121.333
189,955.95,221.4519,154.4433,323.5017,-1.0367,1262,220.5,3,73.0,32.95,825.667,-136.333,365.0,-131.333
190,979.18,301.6026,272.1783,355.9533,-1.41,1223,358.8,3,71.0,36.68,902.333,-160.167,355.0,-154.667
191,2282.85,296.3015,239.76,273.7433,-0.41,2778,324.2,3,177.33333333333334,83.35,2028.667,-374.833,886.667,-341.0
192,856.6233,228.9376,151.21,270.1183,-1.41,1123,208.3,3,66.66666666666667,31.29,759.667,-141.667,333.333,-126.0
193,983.92,247.4179,179.5167,481.4667,-1.23,1264,237.5,3,71.0,37.92,920.667,-171.667,355.0,-158.0
194,1533.68,313.3063,241.2067,516.1267,-1.41,1973,364.3,3,121.0,59.18,1399.667,-286.5,605.0,-243.667
195,970.28,282.8056,208.6967,407.2983,-1.41,1438,258.3,3,73.0,37.28,898.0,-172.333,365.0,-157.667
196,682.3267,216.8509,140.395,335.0983,0.4733,889,197.3,3,48.333333333333336,26.66,647.333,-120.667,241.667,-112.667
197,862.4433,240.7981,163.8033,419.7367,-1.41,1054,240.7,3,63.666666666666664,31.61,780.667,-136.5,318.333,-131.667
198,967.23,318.447,248.7167,411.4067,1.9567,1224,339.5,3,71.33333333333333,36.73,892.667,-165.833,356.667,-153.0
199,1406.3533,302.618,275.3567,326.6567,-1.41,1751,375.5,3,103.66666666666667,52.52,1286.333,-232.167,518.333,-218.667
200,762.65,227.3974,182.24,286.7067,0.2233,1022,246.7,3,59.666666666666664,30.65,716.333,-152.667,298.333,-130.0
201,1043.93,244.1003,174.515,361.405,-2.0033,1214,219.0,3,79.66666666666667,36.43,909.333,-152.5,398.333,-147.667
202,1203.9967,305.8973,240.6317,597.265,0.23,1494,308.5,3,87.66666666666667,44.83,1104.667,-194.833,438.333,-189.0
203,856.79,268.1201,237.01,320.4733,-2.66,1026,287.8,8,63.333333333333336,30.79,765.667,-130.333,316.667,-126.0
204,1699.5533,288.5883,242.8967,348.2283,-0.41,2057,322.2,3,126.33333333333333,61.72,1527.0,-265.167,631.667,-255.667
205,1194.29,268.1711,195.5567,310.5517,-1.8867,1443,244.5,3,88.33333333333333,43.29,1073.0,-185.0,441.667,-178.667
206,1473.1467,309.3181,277.77,438.5617,-1.41,1783,340.3,3,112.33333333333333,53.48,1312.667,-235.0,561.667,-219.667
207,855.6167,230.2565,202.635,319.335,-1.41,1032,252.5,3,65.33333333333333,30.95,761.0,-135.333,326.667,-127.667
208,1251.48,316.1715,187.5033,633.775,-1.41,1466,222.3,3,94.0,43.98,1098.333,-183.833,470.0,-177.0
209,1117.77,209.6327,114.57,256.735,-1.8733,1376,170.5,3,83.66666666666667,41.27,1009.333,-183.167,418.333,-168.0
210,1334.2767,281.9113,194.475,213.115,-1.41,1587,251.0,3,101.0,47.61,1177.667,-204.667,505.0,-191.333
211,943.87,288.9761,231.405,325.9083,-1.41,1196,316.8,3,66.33333333333333,35.87,883.667,-156.0,331.667,-151.333
212,852.9833,250.6194,165.9333,464.325,1.0667,1055,197.0,8,63.333333333333336,31.65,775.667,-139.667,316.667,-131.333
213,1138.1433,252.5909,72.885,332.345,-1.88,1460,133.5,3,82.0,43.81,1067.0,-196.667,410.0,-186.0
214,1737.3767,214.5535,90.5933,395.0467,-3.3967,2190,169.2,3,128.33333333333334,65.71,1599.0,-295.667,641.667,-273.333
215,980.4233,197.2003,95.8083,423.615,-1.81,1170,160.0,3,75.0,35.09,865.0,-152.333,375.0,-142.333
216,1119.8667,208.3082,123.9317,310.96,-3.1333,1440,241.2,3,79.0,43.2,1058.0,-191.0,395.0,-185.333
217,1215.3067,287.1327,200.86,428.2417,1.0333,1488,258.7,7,94.0,44.64,1084.0,-202.0,470.0,-181.333
218,1144.9233,244.5217,161.5967,386.89,-1.88,1403,223.0,3,83.0,42.09,1044.0,-179.5,415.0,-176.667
219,1545.6133,307.8799,255.6283,470.1067,-2.6,1909,309.8,3,116.0,57.28,1398.667,-255.333,580.0,-235.0
220,1585.6533,290.2359,229.6817,410.9183,-1.5533,1961,285.7,3,115.66666666666667,58.82,1449.0,-255.833,578.333,-244.667
221,1191.76,228.9939,59.4183,465.2983,-1.41,1359,88.0,3,94.0,40.76,1014.0,-172.333,470.0,-160.667
222,1241.3167,197.0039,46.2767,474.7017,-1.8733,1405,68.0,3,97.66666666666667,42.15,1053.333,-175.833,488.333,-166.667
223,1166.8467,268.3459,80.1517,752.69,-4.4667,1373,145.0,3,90.33333333333333,41.18,1016.667,-178.0,451.667,-164.667
224,1303.51,197.1873,97.8683,522.6233,-4.0133,1584,141.7,3,100.0,47.51,1159.667,-212.0,500.0,-191.667
225,826.4467,153.7587,15.9167,407.8133,-1.67,1009,40.8,3,60.666666666666664,30.28,748.333,-130.5,303.333,-125.0
226,1008.34,218.8833,51.7617,382.1417,-2.1933,1237,115.0,3,73.33333333333333,36.34,906.0,-152.667,366.667,-148.0
227,1358.8667,217.1206,83.3617,510.68,-1.41,1657,122.0,3,103.66666666666667,49.7,1215.0,-220.833,518.333,-203.333
228,1044.83,211.1583,119.65,344.3267,-3.5133,1278,146.7,3,77.0,38.33,945.333,-166.167,385.0,-157.667
229,1099.4367,165.5195,83.75,317.2367,-1.41,1392,106.2,3,83.33333333333333,41.77,1007.667,-192.333,416.667,-174.333
230,1619.6767,219.2332,44.775,398.1117,-1.41,1934,86.5,3,121.0,58.01,1441.0,-246.333,605.0,-238.0
231,1182.86,215.0101,7.8417,617.955,-1.7867,1562,46.2,3,86.0,46.86,1124.667,-218.667,430.0,-200.0
232,1554.7833,294.374,72.64,570.085,-1.41,1948,153.3,3,111.0,58.45,1441.667,-253.333,555.0,-247.0
233,1644.72,260.8359,86.1533,384.1433,-3.28,2091,144.0,3,125.66666666666667,62.72,1506.667,-292.0,628.333,-261.0
234,974.4433,243.1741,83.7967,480.8817,-1.2867,1237,221.0,3,70.33333333333333,37.11,907.667,-164.667,351.667,-157.333
235,1001.3367,202.1858,66.0567,477.845,-4.3733,1289,93.2,3,69.66666666666667,38.67,949.0,-170.0,348.333,-164.667
236,1113.3667,207.7603,128.1217,495.725,-1.41,1340,198.5,3,84.0,40.2,989.667,-175.167,420.0,-161.333
237,724.9933,160.0339,14.7617,283.1283,-1.41,945,108.2,3,55.666666666666664,27.16,656.333,-124.5,278.333,-112.333
238,778.9333,169.3623,57.0517,271.6167,-1.5933,970,92.8,3,59.333333333333336,29.1,705.667,-132.167,296.667,-120.333
239,1167.2833,194.0895,56.3483,302.1467,-1.4967,1382,158.3,3,91.66666666666667,41.45,1017.333,-182.167,458.333,-167.667
240,818.05,267.8343,223.5883,464.3,-1.29,1035,293.3,3,60.333333333333336,31.05,754.333,-140.333,301.667,-128.667
241,947.9,226.9839,168.1867,328.295,-1.0533,1180,188.0,3,74.66666666666667,35.4,848.333,-165.833,373.333,-143.333
242,1150.0033,295.1623,214.3,416.6733,-1.41,1439,260.8,3,85.33333333333333,43.17,1053.333,-192.833,426.667,-180.333
243,1298.4733,337.4915,302.4733,398.4683,1.4367,1588,382.8,9,94.66666666666667,47.64,1179.0,-204.5,473.333,-197.0
244,1032.4967,187.4367,99.3467,412.16,-1.41,1261,122.7,3,73.0,37.83,945.0,-158.0,365.0,-157.333
245,1501.3133,209.5263,35.61,392.7083,-1.5533,1716,85.2,3,118.0,51.48,1280.333,-217.833,590.0,-202.667
246,966.1567,183.5571,44.6083,391.4617,-2.35,1266,92.5,3,68.66666666666667,37.99,919.333,-173.5,343.333,-161.0
247,1244.2567,187.7737,49.2783,497.58,-1.41,1453,88.2,3,98.66666666666667,43.59,1071.667,-190.667,493.333,-173.667
248,1014.5933,217.4931,97.9017,552.4417,-2.0367,1269,144.8,3,78.33333333333333,36.26,891.333,-158.667,391.667,-146.0
249,1321.6167,233.0481,122.65,324.385,-1.41,1682,177.2,3,97.66666666666667,50.45,1222.667,-229.5,488.333,-210.333
250,743.93,192.0587,98.9833,450.1517,-1.35,948,140.8,3,56.333333333333336,28.43,684.0,-131.833,281.667,-118.333
251,1488.5167,235.703,96.2483,420.7233,-1.41,1728,170.7,3,115.66666666666667,51.85,1285.667,-221.333,578.333,-206.0
252,862.09,223.7105,162.9983,307.065,-1.41,1120,244.5,3,60.0,33.59,820.0,-149.833,300.0,-141.667
253,669.9167,186.7245,47.0317,398.845,-2.35,775,112.0,3,55.0,23.25,565.667,-104.667,275.0,-89.333
254,1026.8533,231.6474,139.19,427.1283,-2.0033,1226,198.3,3,77.66666666666667,36.52,905.333,-156.0,388.333,-147.333
255,965.2133,212.2486,58.7667,488.44,-1.41,1096,101.5,3,75.33333333333333,32.88,824.0,-136.0,376.667,-132.333
256,849.4467,222.7551,154.5583,234.6467,-0.91,976,248.2,3,66.0,29.28,730.333,-122.833,330.0,-117.333
257,2023.4367,181.3987,28.435,297.425,-1.77,2459,54.3,3,154.66666666666666,73.77,1804.333,-327.333,773.333,-300.667
258,1075.4733,267.8529,149.5417,636.8917,-2.3167,1338,189.0,3,76.0,40.14,995.333,-171.333,380.0,-168.667
259,1220.2467,239.0125,58.9133,433.3617,-1.5767,1469,109.5,3,91.66666666666667,44.08,1089.0,-190.167,458.333,-181.0
260,954.21,212.5858,126.7,360.7383,-1.6333,1190,214.3,7,70.66666666666667,35.71,870.667,-159.833,353.333,-145.667
261,1304.3467,318.377,231.8617,651.0767,0.3033,1556,363.3,8,97.0,46.68,1160.667,-197.667,485.0,-190.333
262,1102.2367,208.3271,147.7667,438.8233,-1.5667,1402,242.3,3,77.33333333333333,42.07,1036.0,-183.167,386.667,-179.333
263,1347.4533,240.2187,142.3533,382.7317,-1.41,1587,192.3,3,101.0,47.62,1185.667,-200.833,505.0,-190.0
264,955.5733,246.5643,86.555,490.34,-0.91,1191,128.0,3,70.33333333333333,35.74,873.667,-158.833,351.667,-146.667
265,1281.8267,228.5187,132.55,506.2,-1.88,1585,198.3,3,95.33333333333333,46.16,1143.333,-197.667,476.667,-186.667
266,738.4833,196.9249,135.0467,335.905,-1.41,905,168.0,3,57.666666666666664,27.15,657.0,-124.0,288.333,-110.0
267,715.23,227.3314,166.605,397.7383,-1.81,974,234.0,3,53.0,29.23,689.0,-142.667,265.0,-125.333
268,1025.4733,212.0384,131.1683,471.9067,-1.41,1276,197.3,3,72.66666666666667,38.14,948.0,-161.667,363.333,-162.333
269,1016.8533,294.6727,272.445,409.5967,-0.91,1238,341.7,3,75.33333333333333,37.02,915.667,-159.167,376.667,-153.333
270,1049.6533,280.241,217.5167,327.6733,-1.88,1234,265.7,3,80.33333333333333,36.82,915.0,-156.167,401.667,-147.667
271,1016.9333,232.6564,164.6633,452.08,-2.7867,1287,255.2,3,71.33333333333333,38.6,952.0,-167.333,356.667,-163.0
272,1037.42,284.1823,255.825,519.445,-1.41,1331,317.0,3,76.66666666666667,39.92,963.667,-183.5,383.333,-166.0
273,970.2767,271.3135,175.1033,492.3067,-1.41,1204,228.0,3,68.66666666666667,36.11,894.667,-154.5,343.333,-149.333
274,943.91,258.3436,212.3483,353.4933,-1.41,1164,298.2,3,69.0,34.91,861.0,-151.333,345.0,-145.667
275,947.1833,233.3313,113.3667,593.62,-1.41,1145,182.7,3,70.66666666666667,34.35,848.0,-148.5,353.333,-140.0
276,1008.4233,227.0945,160.77,355.5417,-1.41,1186,216.8,3,76.66666666666667,35.59,882.667,-151.833,383.333,-141.333
277,990.2367,206.8007,155.6717,389.3583,-2.6633,1236,212.3,3,72.66666666666667,37.07,908.0,-163.833,363.333,-154.333
278,1039.95,205.9053,29.5183,272.2633,-2.6333,1287,60.5,3,76.0,38.45,948.667,-166.5,380.0,-160.667
279,948.56,181.8411,72.775,398.55,-1.32,1185,126.5,3,68.0,35.56,876.0,-154.667,340.0,-148.333
280,1161.7667,196.7127,32.435,521.8683,-2.92,1420,62.3,3,88.66666666666667,42.6,1039.0,-190.5,443.333,-172.667
281,965.31,212.6053,151.7617,316.89,-1.82,1227,199.8,3,71.0,36.81,892.667,-167.167,355.0,-152.0
282,1100.71,210.5006,164.4833,433.6933,-1.93,1290,196.7,3,86.0,38.71,953.667,-168.333,430.0,-153.333
283,1380.76,272.7461,181.1783,327.5533,-1.41,1742,235.7,3,104.33333333333333,52.26,1262.333,-239.833,521.667,-215.667
284,844.4433,213.4756,144.7933,425.46,-2.29,1070,223.3,3,60.0,32.11,787.0,-141.667,300.0,-133.0
285,769.26,166.3427,61.8467,290.7633,-1.41,949,94.0,3,60.666666666666664,26.76,661.0,-115.5,303.333,-106.333
286,724.5833,180.0263,93.305,324.6,-1.81,858,183.5,3,55.666666666666664,25.75,636.667,-110.833,278.333,-105.333
287,1207.8433,243.3795,51.1283,557.095,-1.41,1484,92.3,3,91.33333333333333,44.51,1087.0,-198.333,456.667,-182.0
288,1226.37,242.5741,128.8767,344.4983,-3.5667,1579,157.0,3,87.0,47.37,1156.333,-211.333,435.0,-201.0
289,1032.4,208.0503,121.1933,331.545,-1.5667,1230,246.5,3,80.0,36.9,905.0,-162.5,400.0,-147.0
290,751.6467,221.5903,174.345,514.6133,-1.32,916,228.2,6,57.333333333333336,27.48,672.333,-121.833,286.667,-113.0
291,1213.1067,297.5899,214.435,308.7033,-1.4967,1448,288.7,3,91.66666666666667,43.44,1073.333,-187.333,458.333,-174.667
292,1096.43,298.6311,215.99,509.1383,-1.23,1398,300.5,3,82.33333333333333,41.93,1012.0,-192.833,411.667,-176.333
293,744.8333,225.9921,166.0833,413.995,-1.41,967,215.7,3,53.666666666666664,29.0,701.0,-132.833,268.333,-120.667
294,929.9433,259.2025,233.07,392.0917,-1.41,1170,293.5,3,71.33333333333333,35.11,844.0,-163.167,356.667,-142.667
295,928.6467,175.4129,61.3883,336.2317,-2.9033,1116,145.8,3,67.0,33.48,837.0,-139.5,335.0,-137.333
296,1299.34,216.4259,197.69,281.08,-0.91,1545,257.7,3,99.33333333333333,46.34,1145.333,-199.667,496.667,-189.333
297,866.5133,203.9685,102.54,370.9117,0.09,1089,186.2,3,68.33333333333333,32.68,782.333,-153.5,341.667,-136.667
298,883.2433,173.6524,8.355,515.7667,-1.41,1064,48.0,3,69.33333333333333,31.91,777.0,-143.333,346.667,-129.0
299,608.1733,164.4425,63.3583,285.7067,-1.41,761,130.7,3,47.0,22.84,549.333,-106.0,235.0,-93.0
300,1197.36,255.7518,37.0583,367.885,-1.41,1512,126.3,3,86.0,45.36,1112.667,-199.667,430.0,-191.0
301,1200.3733,313.3011,288.02,711.4917,-3.21,1451,359.0,3,91.0,43.54,1071.667,-189.833,455.0,-180.0
302,1546.1933,286.4569,180.4067,534.6083,-2.4667,1912,247.0,3,111.33333333333333,57.36,1417.667,-247.167,556.667,-238.333
303,1157.0733,186.388,146.2517,234.84,-2.6633,1375,183.7,3,86.0,41.24,1029.667,-172.5,430.0,-171.333
304,1240.6233,261.2894,275.21,419.0767,-1.5067,1526,332.0,3,92.33333333333333,45.79,1123.333,-201.5,461.667,-188.667
305,863.06,199.1131,64.8217,587.4967,-2.28,1008,129.7,3,69.33333333333333,29.06,722.0,-123.333,346.667,-111.333
306,1133.02,197.9298,58.2967,364.76,-1.41,1434,99.3,3,82.33333333333333,43.02,1050.0,-192.0,411.667,-179.667
307,1175.9133,295.6845,161.6983,377.3967,-1.81,1436,215.3,6,86.33333333333333,43.08,1064.333,-185.833,431.667,-177.333
308,924.7633,233.7425,129.4833,350.4067,-2.5933,1181,163.3,3,67.0,35.43,862.333,-159.333,335.0,-148.667
309,1178.28,329.6881,258.5083,547.6933,-1.41,1493,325.3,3,85.33333333333333,44.78,1095.0,-198.833,426.667,-189.333
310,1431.6833,301.2129,175.1433,449.76,0.47,1778,260.8,3,104.33333333333333,53.35,1311.667,-233.333,521.667,-221.667
311,765.5333,191.4614,138.6567,261.5033,-1.41,1121,174.7,3,52.666666666666664,29.7,728.333,-130.833,263.333,-125.0
312,847.5533,221.0249,147.195,314.1017,-1.41,1621,188.7,3,62.666666666666664,31.22,768.0,-136.333,313.333,-128.667
313,724.5133,216.1639,178.7217,322.7467,-2.7,1597,234.3,3,49.666666666666664,29.68,714.333,-137.5,248.333,-130.333
314,786.5633,241.4909,186.4183,389.0767,-1.41,991,310.0,3,58.666666666666664,29.73,721.333,-134.833,293.333,-123.0
315,894.88,251.7822,179.9083,572.9417,-0.41,1113,304.3,3,64.66666666666667,33.38,823.0,-144.833,323.333,-140.0
316,1889.6233,301.3023,185.72,530.8783,-1.41,2293,268.2,3,143.66666666666666,68.79,1687.333,-302.833,718.333,-282.0
317,1313.5233,214.3105,100.79,387.0633,-2.5067,1606,137.0,3,96.0,48.19,1191.667,-207.333,480.0,-199.0
318,2212.7767,337.3149,226.4867,561.2967,0.09,2837,318.0,3,160.0,85.11,2072.333,-382.333,800.0,-362.333
319,842.5533,254.5145,215.2233,320.58,-0.41,1074,282.2,3,63.0,32.22,777.333,-148.333,315.0,-133.667
320,2033.5333,283.2545,197.0617,477.4883,-1.41,2457,246.5,3,147.0,73.7,1837.667,-309.5,735.0,-303.333
321,969.2067,300.3827,223.5283,284.545,-0.91,1235,302.7,3,71.66666666666667,37.04,897.667,-168.5,358.333,-155.333
322,1547.6333,339.2513,253.81,517.01,-1.3667,1977,328.7,3,111.0,59.3,1450.0,-263.333,555.0,-253.333
323,1023.0367,276.1157,235.955,396.51,-4.17,1246,320.3,4,73.0,37.37,933.667,-156.0,365.0,-157.0
324,1082.8633,279.7691,192.8533,587.5483,-0.91,1333,259.0,3,82.0,39.53,969.0,-174.333,410.0,-161.333
325,948.96,260.0865,182.8933,561.3833,-1.4433,1132,243.7,11,71.0,33.96,843.333,-144.333,355.0,-139.0
326,1375.7433,258.0721,172.965,448.5467,-1.41,1714,210.8,3,100.0,51.41,1262.333,-225.667,500.0,-212.333
327,800.5367,233.7067,206.12,335.9833,-1.6633,996,278.3,3,56.333333333333336,29.87,742.333,-126.667,281.667,-126.667
328,1064.7967,271.9184,174.1383,423.04,-1.5133,1288,266.3,3,79.66666666666667,38.63,952.667,-167.5,398.333,-157.333
329,1015.7733,316.9731,267.3767,534.215,-1.49,1295,398.0,10,75.0,36.44,907.333,-153.667,375.0,-149.333
330,1291.3233,264.2945,208.3567,309.5067,-0.41,1616,297.2,3,90.33333333333333,48.49,1202.667,-206.833,451.667,-204.667
331,1226.03,311.8857,237.845,370.5583,-0.91,1484,301.0,3,91.66666666666667,44.53,1096.667,-193.833,458.333,-179.667
332,916.0667,277.8707,197.81,554.1017,-2.9767,1097,227.0,3,70.66666666666667,32.9,807.0,-144.833,353.333,-132.333
333,889.5367,241.5072,180.33,388.8483,-1.41,1079,261.5,3,68.33333333333333,32.37,792.0,-143.5,341.667,-133.0
334,1216.0133,257.8351,93.515,496.9283,-0.3933,1556,116.7,6,91.0,46.68,1126.0,-215.0,455.0,-196.667
335,1037.3567,247.3577,114.8383,479.8683,-1.41,1240,265.7,3,79.0,37.19,918.667,-160.5,395.0,-153.0
336,1050.31,271.9605,214.8467,469.35,-2.17,1244,273.2,3,78.33333333333333,37.31,930.333,-156.667,391.667,-152.333
337,948.5967,280.9099,178.4733,407.8033,-0.9767,1131,246.3,6,71.66666666666667,33.93,841.0,-145.0,358.333,-139.667
338,1268.79,213.1896,30.0117,499.81,-1.41,1510,108.7,3,94.33333333333333,45.29,1126.667,-191.5,471.667,-183.333
339,960.5767,213.6455,78.2033,410.8033,-1.41,1247,156.3,3,73.33333333333333,37.41,889.333,-178.833,366.667,-154.0
340,1265.8533,279.8806,140.83,756.3267,-1.41,1567,214.7,3,94.0,47.02,1151.667,-207.833,470.0,-195.0
341,1306.3567,288.8449,165.7683,497.4033,-1.41,1606,220.5,3,97.0,48.19,1184.0,-211.167,485.0,-199.667
342,928.6567,223.5492,134.8883,277.22,-3.6767,1166,214.5,3,67.66666666666667,34.99,856.333,-155.0,338.333,-146.0
343,1016.14,239.6011,117.735,494.02,-0.84,1188,190.0,3,79.66666666666667,35.64,880.333,-153.833,398.333,-144.333
344,1332.6833,268.0312,103.8067,398.73,-1.41,1712,184.8,3,94.66666666666667,51.35,1257.0,-227.333,473.333,-221.667
345,924.0733,264.3791,135.0067,447.44,-1.0533,1141,233.3,3,67.66666666666667,34.24,841.667,-149.833,338.333,-140.333
346,1062.7467,225.9875,85.5,383.3367,-1.41,1286,151.7,3,75.66666666666667,38.58,965.0,-160.5,378.333,-158.667
347,772.64,154.7215,49.3267,262.1317,-2.0367,1499,114.0,3,59.0,29.64,710.667,-138.667,295.0,-124.0
348,785.4167,205.183,136.4067,326.0867,-1.88,1042,228.5,3,58.0,31.25,746.0,-147.833,290.0,-134.0
349,844.0133,245.6708,249.2917,337.24,-1.88,989,298.2,3,64.0,29.68,739.333,-125.0,320.0,-120.0
350,1116.2433,323.5987,296.0767,444.4933,-1.41,1330,382.7,3,84.66666666666667,39.91,987.0,-171.667,423.333,-162.333
351,1137.56,259.5158,180.0267,324.58,-1.41,1402,231.2,3,85.33333333333333,42.06,1029.0,-186.5,426.667,-173.667
352,1267.5933,214.6822,86.9633,485.6933,-1.41,1509,152.2,3,95.33333333333333,45.26,1122.0,-193.333,476.667,-183.0
353,830.5867,255.9419,196.945,392.395,-1.41,1014,278.2,3,62.666666666666664,30.42,747.0,-133.5,313.333,-126.667
354,937.5433,243.2665,231.1667,304.23,-1.1233,1174,279.0,3,68.33333333333333,35.21,862.333,-155.667,341.667,-146.0
355,1626.16,239.526,108.1167,408.66,-0.91,1989,125.5,3,123.0,59.66,1462.333,-263.167,615.0,-247.667
356,990.36,285.5435,188.3367,582.5333,-1.41,1245,228.8,3,73.33333333333333,37.36,908.667,-168.333,366.667,-154.0
357,1175.3967,263.8863,159.915,421.08,-1.41,1408,207.7,3,85.33333333333333,42.23,1055.333,-176.167,426.667,-172.667
358,1083.25,289.2766,231.1533,356.48,-1.41,1308,277.3,3,79.33333333333333,39.25,977.667,-165.333,396.667,-165.0
359,888.29,204.4893,68.9983,340.7817,-1.88,1093,221.2,3,65.0,32.79,810.0,-141.5,325.0,-138.0
360,975.4,222.4265,84.7717,453.8167,-0.91,1180,128.5,3,73.66666666666667,35.4,870.0,-155.0,368.333,-143.333
361,1171.83,323.1319,322.4767,468.335,-2.1967,1428,384.2,3,85.66666666666667,42.83,1059.667,-184.0,428.333,-175.0
362,1461.74,337.7641,298.3367,574.1783,-1.41,1741,367.2,3,111.0,52.24,1293.0,-224.167,555.0,-214.333
363,1298.14,271.8967,208.8583,503.31,-1.41,1588,294.3,3,97.66666666666667,47.64,1169.0,-209.5,488.333,-197.333
364,682.2467,290.3776,263.6883,434.7567,-2.5767,903,339.0,3,49.0,25.58,630.667,-111.0,245.0,-108.0
365,845.26,241.747,234.3733,377.335,-1.41,1042,284.7,3,63.333333333333336,31.26,766.0,-138.0,316.667,-130.667
366,975.4467,374.4615,355.2267,444.295,-1.41,1181,438.2,3,73.66666666666667,34.78,861.333,-149.0,368.333,-140.0
367,1029.08,338.4259,272.8217,527.18,-1.88,1253,346.8,3,79.33333333333333,37.58,916.333,-168.167,396.667,-153.333
368,1009.3767,278.834,251.0317,517.6317,-0.41,1274,278.8,3,74.33333333333333,38.21,931.333,-171.167,371.667,-160.667
369,1176.21,260.944,195.4783,448.5117,-0.41,1440,246.2,3,88.66666666666667,43.21,1057.667,-191.333,443.333,-176.667
370,948.6067,213.6647,130.5733,503.98,-1.41,1165,174.7,3,69.33333333333333,34.94,862.0,-151.333,346.667,-143.667
371,1228.3367,298.3441,238.965,583.0733,-1.41,1522,290.5,3,90.33333333333333,45.67,1119.667,-201.333,451.667,-187.333
372,935.2333,283.3016,208.2817,594.7283,-1.5633,1130,277.3,3,67.33333333333333,33.9,846.0,-142.0,336.667,-139.333
373,939.34,264.1449,208.8367,276.015,-1.41,1145,284.3,3,73.0,34.34,834.667,-155.0,365.0,-139.667
374,891.7933,242.4158,207.6917,480.4433,-1.41,1165,270.0,3,64.0,34.96,846.333,-159.5,320.0,-150.0
375,830.9933,236.2123,153.025,509.925,-1.41,989,192.5,3,66.66666666666667,29.66,720.667,-134.0,333.333,-118.667
376,1458.8367,293.11,197.0517,393.185,-10.13,1806,292.5,3,106.66666666666667,54.17,1332.333,-236.667,533.333,-224.333
377,1202.94,236.0655,187.8783,422.8133,-1.41,1598,225.5,3,83.66666666666667,47.94,1161.333,-218.333,418.333,-206.333
378,1131.5367,193.8751,48.8533,363.8883,-3.6467,1346,106.2,3,87.66666666666667,40.37,991.333,-177.167,438.333,-161.333
379,973.4533,194.5303,61.995,365.9167,-2.1933,1154,123.2,3,71.0,34.62,868.333,-142.833,355.0,-141.667
380,708.81,205.8861,140.3767,361.71,-1.0533,927,219.3,9,53.0,27.81,664.333,-131.333,265.0,-117.0
381,914.81,223.3721,201.2267,279.9617,-1.41,1144,252.0,3,71.33333333333333,34.31,825.333,-159.167,356.667,-142.333
382,1245.5767,267.4414,155.7033,322.145,-1.5633,1580,179.0,3,92.33333333333333,47.41,1148.667,-215.833,461.667,-196.333
383,1395.3133,253.4743,148.8683,380.0667,-5.1833,1726,192.8,3,105.0,48.98,1224.667,-204.0,525.0,-199.333
384,853.6267,202.0105,89.515,437.0217,-1.41,1015,132.0,3,67.33333333333333,30.46,745.667,-134.833,336.667,-124.333
385,1023.65,265.2043,215.4367,338.875,-1.41,1088,327.7,3,82.33333333333333,32.65,830.333,-129.0,411.667,-122.0
386,718.66,210.2269,161.5067,401.1933,-0.41,872,209.5,3,52.666666666666664,26.16,649.0,-111.5,263.333,-108.333
387,883.3367,235.3934,151.1833,357.005,-1.85,1072,196.0,3,64.66666666666667,32.17,797.333,-137.5,323.333,-132.0
388,1104.2567,248.3913,118.1967,450.6283,-1.01,1403,178.7,3,80.33333333333333,42.09,1025.333,-188.833,401.667,-176.0
389,705.89,210.8218,115.8567,441.1917,-1.41,863,156.3,3,52.0,25.89,637.667,-112.667,260.0,-105.0
390,1104.0567,260.1767,189.0417,412.6217,-2.7567,1396,268.8,3,79.66666666666667,41.89,1027.333,-184.5,398.333,-179.0
391,810.8467,187.1767,181.19,236.515,-1.41,923,224.7,3,62.0,27.68,695.667,-113.5,310.0,-109.0
392,876.19,222.6852,78.5933,411.1517,-2.0233,1123,125.3,3,62.0,33.69,824.667,-149.167,310.0,-143.0
393,842.6933,212.9393,148.3983,320.9917,-1.41,995,217.3,3,64.66666666666667,29.86,737.667,-128.833,323.333,-119.333
394,1040.6633,261.0055,203.655,389.9467,-1.88,1278,284.7,3,79.0,38.33,935.0,-171.333,395.0,-156.333
395,812.3367,295.9621,258.675,492.89,-3.76,1044,381.5,3,58.0,30.17,746.667,-129.5,290.0,-125.0
396,1036.4967,335.1075,292.65,639.4617,-1.41,1285,390.7,3,75.66666666666667,37.83,937.0,-162.0,378.333,-154.667
397,1447.69,286.8595,229.4933,300.0333,-2.4267,1723,304.8,3,105.66666666666667,51.69,1294.333,-214.333,528.333,-212.333
398,1053.0567,259.146,168.415,369.215,-1.41,1246,206.8,3,81.66666666666667,37.39,920.333,-163.0,408.333,-150.0
399,866.59,230.9629,160.095,313.2633,-0.91,1086,211.7,3,64.66666666666667,32.59,793.667,-146.333,323.333,-136.667
400,1127.05,317.8215,238.6233,476.2233,-1.41,1502,309.7,3,77.66666666666667,45.05,1092.333,-204.667,388.333,-194.0
401,964.9033,273.1719,207.3933,500.49,-1.41,1152,264.0,3,73.33333333333333,34.57,853.0,-149.667,366.667,-139.667
402,1077.0233,234.0078,136.0317,337.735,-1.41,1341,229.3,3,79.66666666666667,39.69,976.333,-173.333,398.333,-164.0
403,1131.3433,233.5398,145.0067,336.5167,-0.41,1367,195.3,3,83.66666666666667,41.01,1015.667,-175.667,418.333,-168.0
404,933.56,202.6803,51.2367,397.5733,-1.41,1152,72.7,3,69.0,34.56,848.0,-152.0,345.0,-142.0
405,1262.6633,276.7995,163.7967,448.9317,-1.9467,1644,235.2,3,87.33333333333333,49.33,1205.667,-219.333,436.667,-209.667
406,883.4567,240.9499,165.44,380.9717,-2.38,1143,252.0,3,61.333333333333336,34.29,840.0,-151.5,306.667,-146.0
407,895.1767,286.3365,218.8533,323.7833,-1.41,1067,305.8,3,68.0,32.01,791.333,-137.833,340.0,-130.333
408,974.09,316.8622,317.5,368.5083,-1.41,1186,389.0,3,77.33333333333333,35.59,858.667,-163.833,386.667,-143.0
409,1548.8767,355.9807,261.6883,584.095,-2.2767,1857,363.8,3,115.33333333333333,55.71,1382.0,-237.5,576.667,-228.0
410,1163.1067,291.5691,217.6333,406.8467,-1.41,1399,235.0,3,86.66666666666667,41.44,1032.0,-174.667,433.333,-169.0
411,1332.97,251.2613,162.01,320.0433,-2.0833,1616,208.3,3,100.33333333333333,48.47,1192.667,-211.5,501.667,-198.333
412,1413.0133,195.3957,94.6467,414.135,-1.41,1773,141.0,3,102.0,53.18,1306.333,-233.167,510.0,-223.333
413,1225.2533,207.1719,128.2133,225.1183,-1.41,1464,195.0,3,88.33333333333333,43.92,1100.667,-181.667,441.667,-179.333
414,793.53,251.9075,233.7733,489.36,-0.85,1001,309.8,5,60.333333333333336,30.03,723.333,-138.833,301.667,-122.667
415,1172.5233,280.003,199.2483,307.3667,-1.41,1490,266.3,3,88.0,44.69,1079.333,-205.167,440.0,-186.333
416,851.9533,223.9663,144.485,394.5933,-1.41,1104,213.3,3,58.0,33.12,816.333,-143.833,290.0,-143.667
417,983.24,238.1153,170.8133,353.825,-1.41,1241,230.2,3,72.66666666666667,37.24,906.0,-167.667,363.333,-155.667
418,1043.2367,252.8067,187.4367,455.8833,-2.48,1319,283.8,3,79.66666666666667,39.57,953.667,-182.667,398.333,-165.667
419,1315.0367,253.1297,109.8333,411.2133,-1.41,1646,172.7,3,95.66666666666667,49.37,1212.333,-216.667,478.333,-208.333
420,654.87,166.1658,50.8533,314.4617,-3.34,818,127.0,3,48.666666666666664,23.37,582.0,-98.5,243.333,-95.333
421,1376.4767,210.1703,110.045,408.0133,-0.91,1660,214.3,3,102.66666666666667,49.81,1231.0,-214.667,513.333,-203.0
422,925.1733,208.5173,205.4367,211.72,-1.41,1211,265.7,3,67.33333333333333,36.34,876.333,-167.5,336.667,-156.667
423,829.88,206.6327,90.3833,397.0617,-1.41,1013,186.2,3,63.666666666666664,30.38,741.0,-135.833,318.333,-124.0
424,1033.4333,186.3383,119.46,339.405,-0.88,1253,193.5,3,77.0,37.6,926.333,-163.5,385.0,-152.0
425,1052.9567,225.0672,89.3517,418.99,-1.41,1260,148.0,3,77.0,37.79,944.667,-157.5,385.0,-157.0
426,875.05,207.6853,99.81,227.3767,-2.35,1135,178.8,3,63.333333333333336,34.05,823.0,-156.0,316.667,-142.667
427,1252.2933,223.9283,69.295,470.3383,-5.2,1549,113.0,3,91.0,46.46,1145.667,-201.5,455.0,-193.333
428,1302.8733,233.8055,125.3117,495.5883,-1.4267,1601,196.5,3,95.33333333333333,48.04,1184.333,-208.5,476.667,-197.667
429,1031.6567,238.7372,129.455,415.0583,-1.41,1300,213.5,3,74.33333333333333,38.99,955.667,-172.0,371.667,-162.667
430,1030.74,172.3541,18.825,362.6,-2.6467,1275,88.0,3,77.0,38.24,935.0,-169.833,385.0,-157.667
431,682.3633,178.5446,62.1,323.8367,0.09,834,139.8,3,50.666666666666664,25.03,616.333,-109.0,253.333,-103.333
432,847.1767,199.7998,115.195,351.4683,-7.8867,1050,186.3,3,63.333333333333336,31.51,769.0,-140.667,316.667,-129.333
433,847.2033,145.8045,36.9567,291.7033,-1.41,1056,129.5,3,65.33333333333333,31.37,761.333,-142.167,326.667,-130.0
434,693.8367,251.2183,188.465,535.4883,-1.41,976,248.8,3,52.0,25.67,628.0,-113.833,260.0,-106.0
435,1090.4,205.5031,48.5883,493.4433,-1.41,1313,149.7,3,81.33333333333333,39.4,974.667,-169.333,406.667,-161.0
436,1013.29,200.817,77.72,546.2167,-4.14,1260,151.2,3,75.33333333333333,37.79,924.0,-167.833,376.667,-157.333
437,1039.9067,271.6111,129.5167,249.1717,-1.41,1258,177.7,3,76.33333333333333,37.74,936.333,-160.833,381.667,-155.0
438,1119.6033,260.9091,131.1717,462.54,-1.92,1359,184.0,3,83.33333333333333,40.77,1005.333,-176.833,416.667,-166.333
439,817.3667,212.7303,60.2933,597.6083,-1.41,973,136.2,3,62.0,29.2,721.667,-125.833,310.0,-117.667
440,1483.32,245.9283,145.72,385.6933,-1.8933,1894,222.7,3,109.0,56.82,1378.333,-257.833,545.0,-239.0
441,880.7,220.1311,100.1817,365.2717,-1.41,1073,148.8,3,63.666666666666664,32.2,800.333,-136.5,318.333,-133.667
442,1434.3633,236.8185,149.3017,486.9483,-1.41,1751,179.2,3,108.0,52.53,1288.0,-231.5,540.0,-214.667
443,985.1367,292.5333,219.7067,301.2383,-1.41,1231,271.8,3,72.33333333333333,34.47,868.333,-140.333,361.667,-139.0
444,1108.1933,250.6454,162.3717,369.23,-1.41,1412,244.8,3,82.33333333333333,42.36,1025.0,-193.5,411.667,-177.333
445,782.9567,227.4503,185.5267,351.3717,-1.9967,976,222.5,3,57.666666666666664,29.29,717.667,-129.333,288.333,-123.0
446,740.17,187.851,102.1567,510.93,-0.91,904,163.0,3,58.0,26.67,650.0,-119.5,290.0,-107.0
447,1176.8533,254.5504,138.5533,470.1033,-1.41,1496,190.7,3,88.0,42.52,1050.667,-183.333,440.0,-173.0
448,805.03,198.1376,158.8533,194.7367,-2.8733,968,190.0,3,62.666666666666664,29.03,709.0,-129.333,313.333,-117.0
449,776.0967,243.0475,169.2017,320.565,-0.9033,931,221.0,3,60.666666666666664,27.93,682.667,-124.167,303.333,-113.667
450,948.3967,210.8387,118.8033,378.2133,-1.41,1124,186.0,3,69.33333333333333,33.73,846.333,-139.0,346.667,-139.333
451,751.65,274.7284,246.81,401.015,-1.41,938,332.7,3,55.666666666666664,28.15,687.333,-125.5,278.333,-116.667
452,1035.5867,221.6296,194.505,364.8917,-1.41,1297,233.3,3,74.0,38.92,959.333,-169.0,370.0,-163.667
453,731.0333,219.8903,150.465,442.4767,-1.41,790,222.8,3,59.666666666666664,23.7,596.0,-97.0,298.333,-90.0
454,853.97,217.1903,122.2667,422.245,-1.41,1132,145.0,3,60.0,33.97,821.0,-155.667,300.0,-145.333
455,1051.4567,185.1206,56.8267,295.1333,-1.41,1276,127.5,3,78.0,38.29,945.333,-165.5,390.0,-156.667
456,1091.8567,203.8388,47.2533,447.9967,-1.67,1340,102.8,3,80.0,40.19,993.0,-173.333,400.0,-168.0
457,1228.1667,278.2671,143.605,520.8017,-2.4367,1567,227.7,3,93.33333333333333,47.0,1128.333,-219.167,466.667,-194.667
458,908.3933,235.8208,167.18,350.2483,-1.41,1152,226.2,3,68.33333333333333,34.56,835.0,-158.5,341.667,-144.333
459,1460.92,241.2479,202.125,355.535,-1.41,1847,251.8,3,105.33333333333333,55.42,1355.667,-245.833,526.667,-231.0
460,851.1333,277.0121,257.3233,351.525,-1.81,1993,326.7,3,45.0,59.8,1245.333,-374.0,225.0,-305.0
461,831.14,230.8267,148.525,396.1267,-1.5667,938,244.7,3,66.33333333333333,28.14,700.667,-118.667,331.667,-110.667
462,1275.24,206.9579,106.1867,498.175,-2.1333,1608,197.8,3,91.66666666666667,48.24,1184.0,-212.0,458.333,-203.333
463,870.81,204.8418,160.1333,281.9367,-0.91,1094,206.8,3,64.0,32.81,799.667,-147.0,320.0,-134.667
464,1111.0267,253.2315,176.0533,254.1117,-0.35,1379,240.8,5,81.0,41.36,1016.667,-181.0,405.0,-171.0
465,1045.22,216.5787,76.5317,491.7967,-2.23,1213,112.8,3,84.33333333333333,35.22,874.667,-149.667,421.667,-136.667
466,1427.22,206.4246,66.2867,422.0133,-1.41,1807,113.2,3,105.33333333333333,54.22,1318.667,-244.333,526.667,-228.0
467,934.5467,204.2727,56.1,354.8567,-1.41,1179,130.5,3,71.0,35.38,855.0,-162.167,355.0,-148.667
468,1199.0467,169.4388,31.04,480.5383,-1.41,1513,78.8,3,86.0,45.38,1113.333,-199.667,430.0,-190.0
469,707.4833,194.9905,90.025,358.7217,-1.41,838,125.7,3,53.0,25.15,625.667,-106.333,265.0,-102.0
470,698.3767,179.7139,100.5567,269.9433,-1.6,807,165.0,3,54.0,24.21,603.333,-101.833,270.0,-97.333
471,894.4267,246.4188,211.37,465.1117,-2.7067,1134,252.8,3,72.0,31.26,765.667,-138.167,360.0,-124.333
472,1269.2667,252.5549,169.4417,330.7933,-2.1633,1553,243.3,3,93.33333333333333,46.6,1152.0,-200.667,466.667,-195.333
473,979.96,252.6847,194.9183,368.7317,-1.16,1241,258.7,3,76.66666666666667,32.96,826.667,-136.0,383.333,-127.0
474,1078.14,259.9355,142.2117,462.4167,-3.0633,1271,240.7,3,82.0,38.14,945.333,-163.0,410.0,-152.333
475,1007.3,315.7635,316.8367,505.7783,-1.6533,1210,374.3,3,76.66666666666667,36.3,892.667,-158.667,383.333,-146.333
476,1263.8667,244.2795,122.21,494.8133,-1.41,1523,148.7,3,93.0,45.7,1135.667,-193.833,465.0,-188.667
477,812.66,227.0889,123.455,290.2483,-0.91,1055,180.3,3,56.333333333333336,31.66,774.0,-140.667,281.667,-134.0
478,1011.0933,237.7036,144.5767,253.4467,-1.41,1259,215.2,3,76.0,37.76,919.333,-169.667,380.0,-156.333
479,1142.5867,316.4319,270.2167,336.2383,-1.41,1381,379.0,3,82.33333333333333,41.42,1034.333,-173.167,411.667,-171.667
480,1142.3133,296.3685,212.335,447.6117,-0.0133,1466,277.7,3,81.0,43.98,1074.667,-195.667,405.0,-185.667
481,782.9367,265.7044,247.12,416.4317,-0.91,892,359.3,3,60.0,26.77,672.0,-110.167,300.0,-105.667
482,1006.58,234.5643,162.495,306.0483,-2.5033,1203,191.5,3,78.33333333333333,36.08,883.667,-159.5,391.667,-145.333
483,1002.74,247.8775,191.245,369.8733,-1.41,1241,236.3,3,78.33333333333333,37.24,897.0,-172.167,391.667,-151.0
484,886.48,306.6917,236.2167,508.1483,-1.41,1102,376.3,3,68.0,31.48,776.667,-136.333,340.0,-125.333
485,964.5133,278.6953,260.6933,333.85,-1.1833,1322,321.8,3,66.66666666666667,38.18,929.333,-171.667,333.333,-164.667
486,1004.89,295.67,209.385,387.36,-0.41,1227,318.0,3,75.66666666666667,35.89,889.0,-153.667,378.333,-144.667
487,1134.67,304.8517,190.7467,319.275,-2.32,1472,286.5,3,84.0,44.17,1061.333,-205.5,420.0,-185.333
488,1281.71,275.6659,234.9633,412.8317,-1.41,1624,296.0,3,93.33333333333333,48.71,1187.667,-218.0,466.667,-203.333
489,1183.2333,310.5728,229.34,399.1483,-0.56,1500,278.5,3,85.66666666666667,44.9,1096.0,-200.333,428.333,-185.667
490,1121.87,228.1153,106.3767,288.6867,-0.91,1412,163.7,3,84.0,42.37,1028.0,-192.167,420.0,-176.333
491,1276.56,246.5751,67.575,576.4533,-1.1933,1519,179.8,3,95.66666666666667,45.56,1133.333,-192.667,478.333,-188.0
492,1082.44,304.0805,245.3633,326.87,1.94,1315,301.0,11,81.66666666666667,39.44,970.0,-172.333,408.333,-163.0
493,1143.8933,282.4058,201.6417,472.6917,0.59,1402,281.5,3,85.33333333333333,42.06,1033.0,-184.5,426.667,-173.333
494,883.9133,268.0139,216.7367,307.2767,-1.0667,1086,271.8,3,65.33333333333333,32.58,802.0,-142.0,326.667,-135.333
495,812.4833,278.4607,263.9533,436.31,-1.1333,1088,365.3,7,56.666666666666664,32.65,789.333,-149.5,283.333,-143.333
496,1657.61,296.5814,182.87,407.4483,-1.24,1904,223.8,3,124.66666666666667,57.11,1436.667,-233.5,623.333,-226.0
497,1267.97,263.5138,199.8633,234.3133,-3.7633,1566,264.8,3,95.0,46.97,1147.0,-209.333,475.0,-191.667
498,833.21,284.8549,218.25,622.4067,-2.31,1040,291.7,3,62.0,31.21,760.333,-140.0,310.0,-128.333
499,811.0,216.6785,93.2567,531.19,-1.41,1018,136.3,3,59.0,30.0,740.0,-130.0,295.0,-124.0
500,1279.49,303.6767,191.8483,445.7267,-0.91,1616,233.8,3,96.0,48.49,1173.667,-221.333,480.0,-201.333
501,1368.34,279.0578,180.24,545.0233,-2.7467,1711,218.8,3,101.66666666666667,51.34,1250.667,-230.333,508.333,-211.667
502,1466.3033,263.3422,185.92,394.9433,-3.46,1849,229.2,7,105.33333333333333,55.47,1360.0,-244.5,526.667,-231.333
503,1109.39,276.0034,191.3817,431.44,-1.5933,1346,236.8,3,80.66666666666667,40.39,1003.0,-171.667,403.333,-165.667
504,1200.47,192.3665,121.625,357.8317,-0.41,1482,148.0,3,89.66666666666667,44.47,1089.667,-196.333,448.333,-185.667
505,890.24,211.3597,120.8917,343.7167,-0.41,1058,154.3,3,66.66666666666667,31.74,789.667,-134.167,333.333,-130.333
506,803.2667,231.6964,118.1583,407.5033,-1.41,938,158.2,3,59.0,28.1,708.333,-114.167,295.0,-114.0
507,873.97,210.7977,110.355,281.125,-2.5067,1099,156.2,3,64.33333333333333,32.97,803.0,-148.0,321.667,-135.667
508,1196.0867,263.4316,79.2567,480.4317,-1.9667,1531,207.0,3,82.0,45.92,1133.667,-198.5,410.0,-195.0
509,1389.97,255.186,139.475,478.46,-3.7867,1732,170.8,7,103.33333333333333,51.97,1271.667,-230.333,516.667,-220.0
510,878.83,244.4093,169.745,297.345,1.5367,1178,218.3,6,61.0,35.33,851.333,-163.167,305.0,-149.667
511,1206.0533,258.0893,222.6483,399.9633,-0.41,1491,265.8,3,88.0,44.72,1102.667,-194.0,440.0,-187.333
512,906.7,211.0729,173.7767,392.3833,-2.1233,1107,238.5,3,65.33333333333333,33.2,824.333,-141.167,326.667,-136.333
513,877.0467,253.0888,200.03,324.345,-2.2633,1029,242.7,3,65.66666666666667,30.88,772.333,-128.5,328.333,-126.0
514,1162.7733,259.5036,160.83,481.2567,-2.21,1415,243.3,3,86.33333333333333,42.44,1048.0,-183.333,431.667,-176.0
515,1301.6367,274.6385,202.89,362.2483,-2.31,1632,250.7,4,98.66666666666667,48.97,1186.333,-223.0,493.333,-204.0
516,746.71,197.8573,118.9083,385.9317,-1.46,907,182.7,3,56.0,27.21,670.0,-118.5,280.0,-112.0
517,1216.0833,198.2426,108.63,314.7067,-0.41,1475,159.5,3,91.33333333333333,44.25,1090.0,-192.5,456.667,-182.333
518,924.2,269.1236,169.1833,545.5833,-1.41,1129,201.5,3,71.33333333333333,33.2,814.0,-146.333,356.667,-133.333
519,1283.2067,184.9703,21.2183,366.545,-2.5133,1585,60.7,3,97.0,47.54,1158.0,-213.333,485.0,-194.0
520,1382.32,263.4078,115.3083,515.2367,-0.4967,1711,184.2,6,101.0,51.32,1263.333,-223.667,505.0,-213.667
521,1039.2233,248.0573,237.5233,385.1083,-0.6833,1163,290.2,3,81.33333333333333,34.89,875.0,-144.0,406.667,-133.333
522,1224.77,281.6693,182.2383,534.1883,-1.41,1442,276.2,3,94.0,43.27,1072.0,-185.167,470.0,-175.333
523,760.7367,212.5197,169.4833,322.0783,-1.41,936,221.3,3,58.0,28.07,683.0,-126.333,290.0,-114.0
524,1321.6133,208.4429,63.625,429.5817,-3.2567,1559,142.8,3,104.33333333333333,46.78,1145.667,-206.833,521.667,-185.667
525,1220.2167,247.1261,147.2767,418.88,-1.41,1502,263.0,3,91.66666666666667,45.05,1102.667,-199.5,458.333,-186.333
526,1026.87,219.602,145.7133,345.105,-0.91,1312,194.5,3,72.33333333333333,39.37,966.667,-172.833,361.667,-168.0
527,740.08,229.3676,206.47,431.8417,-1.7267,869,274.2,3,56.333333333333336,26.08,648.0,-110.667,281.667,-105.0
528,877.6333,217.8547,118.0,455.2583,-3.8267,1043,193.8,3,65.0,31.3,780.667,-131.333,325.0,-128.0
529,737.8267,185.5337,96.3833,316.3867,-0.91,939,135.0,3,55.0,28.16,680.0,-129.333,275.0,-116.0
530,990.1367,279.5271,219.8517,474.57,-2.1,1249,327.7,5,73.33333333333333,37.47,912.333,-168.333,366.667,-158.0
531,1181.9067,226.7798,86.205,370.44,-3.3333,1508,131.2,3,88.66666666666667,45.24,1090.667,-208.667,443.333,-188.667
532,1047.05,259.7395,198.3733,367.5833,-2.6867,1252,234.7,8,77.33333333333333,37.55,936.0,-157.833,386.667,-155.333
533,1270.8833,261.8997,168.6317,562.8383,-0.41,1552,236.5,3,96.33333333333333,46.55,1139.667,-206.0,481.667,-191.0
534,1195.1633,234.077,146.0867,383.8367,-1.95,1528,200.2,3,87.33333333333333,45.83,1113.0,-207.333,436.667,-193.0
535,869.9367,285.9535,224.1483,465.7267,-0.41,1092,271.0,3,62.666666666666664,32.77,805.333,-143.5,313.333,-138.0
536,1260.63,264.3784,137.0417,235.46,-0.41,1521,211.8,3,92.33333333333333,45.63,1133.667,-193.667,461.667,-186.667
537,1038.15,252.0045,200.915,355.48,-1.88,1810,279.2,3,74.33333333333333,38.65,955.333,-166.5,371.667,-161.0
538,1252.9867,208.8659,103.675,400.5867,-1.41,1444,150.7,3,100.33333333333333,43.32,1068.667,-187.667,501.667,-173.0
539,706.08,199.2189,140.66,352.4567,-1.41,954,191.0,3,51.333333333333336,27.58,665.0,-127.167,256.667,-116.0
540,1555.6067,249.1505,178.22,389.785,-0.3867,1865,259.7,3,114.66666666666667,55.94,1392.667,-236.0,573.333,-230.333
541,1094.9967,229.5539,100.73,471.875,-2.9833,1411,136.5,3,78.66666666666667,42.33,1030.333,-190.333,393.333,-180.667
542,708.1233,178.8329,109.3033,359.0533,-1.41,843,180.7,3,53.666666666666664,25.29,626.667,-108.167,268.333,-104.0
543,1172.32,256.773,240.24,330.6133,-0.91,1394,291.3,3,87.0,41.82,1043.0,-175.5,435.0,-172.0
544,1109.5833,253.6854,112.6417,453.34,-1.41,1392,232.2,3,82.66666666666667,41.75,1016.667,-187.5,413.333,-174.667
545,1089.05,306.3699,232.7233,600.3883,-2.4167,1335,335.7,10,77.0,40.05,999.0,-168.0,385.0,-167.0
546,853.05,202.8165,145.125,281.4383,-1.85,1085,228.2,3,61.666666666666664,32.55,794.667,-145.167,308.333,-137.333
547,966.9967,261.5856,170.0467,548.6517,-1.41,1269,267.7,3,71.33333333333333,35.33,873.667,-152.0,356.667,-146.667
548,872.51,293.4243,295.8483,380.545,-2.82,1100,361.8,3,64.0,33.01,804.667,-147.833,320.0,-137.333
549,902.3067,238.7729,184.2733,285.5083,-2.35,1105,282.5,3,68.0,33.14,811.667,-146.5,340.0,-136.0
550,899.76,231.7637,181.5383,323.2067,-0.91,1125,240.8,3,64.33333333333333,33.76,831.333,-147.0,321.667,-140.0
551,1036.4933,297.5505,236.8833,503.8967,-0.41,1358,383.0,3,76.66666666666667,38.66,946.333,-171.167,383.333,-160.667
552,1108.7567,273.2013,149.8767,607.5717,-1.41,1386,203.2,3,81.33333333333333,41.59,1018.0,-184.167,406.667,-173.333
553,959.8,230.919,146.83,359.0467,-1.41,1210,251.5,3,70.33333333333333,36.3,885.667,-162.167,351.667,-151.667
554,844.8733,226.8327,176.4817,283.8817,-1.88,985,237.2,3,64.0,29.54,740.0,-122.333,320.0,-122.333
555,926.85,216.7722,168.7583,436.7633,-1.95,1145,210.3,3,69.0,34.35,840.667,-152.167,345.0,-141.0
556,868.1333,185.9975,32.22,394.0783,-1.41,1093,109.8,3,66.0,32.8,792.0,-150.667,330.0,-136.0
557,1045.9267,209.7651,29.61,458.1717,-1.41,1275,110.8,3,78.66666666666667,38.26,939.333,-168.0,393.333,-157.0
558,976.72,251.5931,122.0933,475.545,-1.9667,1224,265.2,3,69.66666666666667,36.72,904.0,-160.0,348.333,-152.333
559,1182.1633,260.341,100.4467,501.8133,-2.5067,1494,167.5,3,85.66666666666667,44.83,1097.0,-198.667,428.333,-189.333
560,1087.3533,310.1833,169.1617,477.055,-1.0067,1267,247.5,3,84.66666666666667,38.02,940.0,-163.667,423.333,-150.333
561,789.0567,256.2909,234.375,444.4517,-1.41,930,295.8,3,58.0,27.89,700.0,-114.833,290.0,-114.0
562,956.6133,271.6327,201.2883,413.9467,-1.41,1109,238.2,3,74.0,33.28,826.667,-141.333,370.0,-132.0
563,732.1,257.1888,220.85,303.8617,-1.4333,903,282.5,3,55.0,27.1,662.667,-120.333,275.0,-112.333
564,1744.4067,304.7723,163.9633,561.4017,-0.84,2158,222.8,3,128.66666666666666,64.74,1590.0,-284.0,643.333,-269.667
565,1305.3367,308.6487,208.2117,306.1033,-1.41,1572,317.5,3,93.0,47.17,1183.333,-194.5,465.0,-195.667
566,877.3,226.1797,190.4433,327.52,-1.41,1060,261.2,3,65.33333333333333,31.8,785.0,-137.5,326.667,-128.667
567,944.2567,235.4208,197.115,386.5783,-2.4933,1120,262.2,3,70.0,33.59,837.667,-141.0,350.0,-136.0
568,777.4833,189.6162,89.0783,393.87,-2.0367,988,124.8,3,57.333333333333336,29.65,719.333,-134.5,286.667,-123.667
569,733.15,242.334,184.035,407.0983,-1.41,872,256.3,3,58.0,26.15,638.333,-116.667,290.0,-104.667
570,849.9867,241.0584,211.5133,469.5533,-1.41,1011,272.5,3,63.0,30.32,755.333,-127.667,315.0,-123.0
571,1042.0567,209.3562,152.9117,357.715,-0.91,1246,203.8,3,82.66666666666667,37.39,909.667,-168.333,413.333,-150.0
572,1512.6333,219.6054,23.1517,389.48,-1.41,1893,102.2,3,115.66666666666667,56.8,1373.667,-259.833,578.333,-236.333
573,956.9767,188.5602,66.5783,482.495,-1.35,1127,111.5,3,68.66666666666667,33.81,854.0,-136.5,343.333,-137.667
574,881.9067,169.596,49.28,440.9333,-1.41,1075,92.7,3,68.0,32.24,785.333,-144.667,340.0,-131.0
575,1144.2533,170.2046,40.3183,317.7017,-1.5667,1397,97.2,3,86.0,41.92,1028.667,-184.333,430.0,-172.0
576,779.0633,165.3603,83.0583,228.77,-2.1533,1024,150.0,3,56.333333333333336,30.73,740.333,-142.0,281.667,-131.667
577,1219.0733,259.3375,222.2533,450.8967,-1.7233,1525,319.8,3,86.66666666666667,45.74,1129.333,-197.667,433.333,-191.667
578,1318.1933,236.0343,83.6867,540.9,-1.41,1579,133.0,3,102.0,47.36,1161.667,-208.5,510.0,-192.333
579,590.9533,162.7476,116.6733,329.0767,-3.09,771,173.5,3,45.666666666666664,23.12,547.667,-111.5,228.333,-96.667
580,849.0533,177.1325,97.6133,364.215,-2.3567,1057,164.7,10,67.0,31.72,760.667,-148.333,335.0,-130.0
581,1067.5167,221.3579,144.695,443.7683,-2.1233,1378,168.0,3,79.0,41.35,996.667,-190.833,395.0,-174.667
582,721.4667,212.8634,204.835,413.6067,-1.41,893,260.0,3,52.333333333333336,26.8,660.667,-116.333,261.667,-111.333
583,1075.18,258.7075,201.3683,325.0383,-1.41,1323,255.0,3,77.66666666666667,39.68,983.0,-169.833,388.333,-166.0
584,1573.9867,278.9704,228.9967,346.715,-1.41,1877,311.3,3,120.0,56.32,1387.333,-245.0,600.0,-224.667
585,1686.4933,251.8726,79.2433,328.6517,-1.41,2139,176.8,3,124.66666666666667,64.16,1559.333,-289.667,623.333,-270.667
586,859.4867,198.7259,124.0617,370.91,-0.91,1061,157.0,3,62.666666666666664,31.82,784.667,-138.0,313.333,-132.333
587,542.5,194.9298,173.2983,348.0883,-2.23,674,240.2,3,41.333333333333336,19.5,480.0,-85.0,206.667,-78.667
588,932.6133,255.1684,135.9233,351.74,-1.41,1226,169.0,3,66.33333333333333,36.78,888.333,-168.833,331.667,-155.333
589,1223.3533,229.9235,97.165,646.57,-1.41,1551,150.0,3,90.33333333333333,46.52,1129.0,-210.833,451.667,-193.0
590,1029.8633,218.3637,139.4133,400.045,-1.41,1321,187.2,3,76.33333333333333,36.53,912.333,-152.667,381.667,-148.0
591,1101.95,216.7052,124.8617,359.7617,-2.23,1382,159.5,3,80.66666666666667,41.45,1014.0,-183.833,403.333,-173.0
592,1287.1233,216.2728,120.7083,299.3917,-1.41,1610,178.5,3,97.0,48.29,1173.333,-218.167,485.0,-201.333
593,957.2533,182.2648,134.615,246.3633,-1.41,1214,158.3,3,64.0,36.42,910.333,-151.833,320.0,-157.667
594,835.35,207.0079,192.2683,421.9183,-2.0367,1028,235.7,3,61.0,30.85,761.333,-133.5,305.0,-128.333
595,1292.8167,255.2423,146.25,476.53,-1.41,1438,177.2,3,100.66666666666667,43.15,1090.333,-174.0,503.333,-170.0
596,962.0667,275.4639,255.6267,481.5583,-1.41,1247,319.0,3,71.33333333333333,37.4,898.667,-174.0,356.667,-156.667
597,762.4933,229.4519,160.4683,350.5667,-2.9833,983,212.8,3,54.0,29.16,714.667,-128.667,270.0,-122.667
598,976.0667,240.8065,205.5917,386.8017,-1.41,1130,264.7,3,73.33333333333333,33.9,851.667,-139.167,366.667,-137.0
599,1210.6033,308.9675,246.115,588.165,-0.91,1476,351.8,3,89.33333333333333,44.27,1093.667,-191.0,446.667,-183.0
600,1230.2667,227.9844,139.275,397.6733,-2.32,1487,197.8,6,96.66666666666667,44.6,1082.0,-202.333,483.333,-177.333
601,1059.81,247.2715,207.9,580.305,-1.41,1327,246.7,3,78.66666666666667,39.81,969.667,-178.667,393.333,-164.333
602,865.2933,295.3337,273.885,389.2583,-0.91,882,373.3,3,70.0,26.46,683.667,-99.167,350.0,-95.667
603,1002.3567,236.9636,192.225,308.175,-2.24,1207,258.2,3,74.33333333333333,35.19,883.333,-144.833,371.667,-143.0
604,666.0767,288.3831,277.0167,482.8033,-0.4967,845,346.8,6,52.666666666666664,23.41,574.333,-103.0,263.333,-92.0
605,669.38,165.0815,91.46,404.535,-0.91,829,115.3,3,49.0,24.88,611.0,-109.167,245.0,-102.333
606,1083.1167,195.2453,133.2617,292.71,-0.91,1298,178.7,3,80.66666666666667,38.95,966.0,-166.167,403.333,-159.0
607,1496.3967,330.1611,215.1033,520.3533,-1.41,1858,319.8,3,108.66666666666667,55.73,1371.0,-243.333,543.333,-230.333
608,1235.6933,262.5119,208.7633,306.82,-1.6433,1479,272.7,3,94.66666666666667,44.36,1090.667,-194.0,473.333,-178.667
609,848.52,202.8122,136.805,394.6317,-1.7567,1034,168.5,3,64.0,31.02,761.667,-136.167,320.0,-128.0
610,1062.0033,260.7805,201.4767,488.07,-1.41,1239,268.8,3,82.0,37.17,921.333,-158.833,410.0,-147.667
611,846.7733,211.1218,206.63,392.505,-1.7233,1015,248.8,3,66.33333333333333,30.44,742.0,-136.333,331.667,-121.0
612,988.8033,232.573,169.825,446.05,-2.0367,1182,202.5,4,71.66666666666667,35.47,889.0,-146.667,358.333,-147.333
613,836.6767,187.6816,81.4867,504.91,-1.41,1017,146.5,3,63.0,30.51,750.0,-133.5,315.0,-125.333
614,749.3167,213.5339,173.1833,510.2733,-0.41,955,225.2,3,54.0,28.65,697.667,-128.667,270.0,-118.333
615,1221.3,255.7887,195.615,386.135,-1.41,1460,242.0,3,95.0,43.8,1071.0,-194.5,475.0,-174.0
616,955.7433,239.8929,202.91,364.25,-0.91,1147,268.8,3,72.33333333333333,34.41,850.333,-148.333,361.667,-142.333
617,827.62,187.4487,115.575,294.9033,-1.41,1004,145.3,3,61.333333333333336,30.12,744.333,-129.833,306.667,-123.667
618,1238.92,244.8957,197.2183,460.3933,-1.41,1564,267.8,3,93.66666666666667,46.92,1133.333,-215.333,468.333,-194.333
619,1519.9133,273.4315,180.7983,633.9467,-0.91,1836,239.2,3,110.66666666666667,55.08,1372.333,-231.833,553.333,-229.0
620,1074.9567,217.9103,169.0567,334.93,-1.41,1276,224.3,3,82.0,38.29,946.333,-165.0,410.0,-154.667
621,1015.2133,279.8308,284.98,483.9117,-0.91,1213,310.7,3,78.33333333333333,36.38,894.333,-159.167,391.667,-148.0
622,1040.8,285.1805,221.94,421.7417,-3.66,1327,291.7,3,80.33333333333333,39.8,952.0,-187.333,401.667,-165.333
623,1138.98,286.9646,144.9833,658.8433,-1.41,1433,189.3,3,86.0,42.98,1042.0,-195.333,430.0,-180.667
624,1275.1967,259.444,243.2083,344.3,-2.31,1601,322.7,3,87.0,48.03,1197.333,-201.833,435.0,-203.333
625,1412.2967,270.3457,172.1467,345.855,-0.91,1771,224.3,3,108.0,53.13,1283.333,-243.833,540.0,-220.333
626,792.4467,188.5087,146.0033,339.4533,-1.41,909,205.2,3,60.0,27.28,685.667,-111.833,300.0,-108.667
627,851.1367,216.3987,196.0367,290.8217,-2.1367,982,274.5,3,66.66666666666667,29.47,729.0,-126.667,333.333,-114.0
628,834.8733,193.667,152.5133,265.6667,-1.41,1235,178.8,3,64.0,37.04,838.333,-198.167,320.0,-162.333
629,800.5267,210.1039,136.7417,272.3167,-0.8,1129,196.2,3,57.333333333333336,33.86,794.0,-167.333,286.667,-146.667
630,1101.93,262.4787,224.9433,375.895,-1.41,1298,319.7,3,84.0,38.93,964.333,-166.667,420.0,-154.667
631,1100.9433,281.1704,250.0533,381.135,-1.88,1420,312.3,3,77.0,42.61,1043.0,-188.667,385.0,-181.0
632,1581.6633,256.094,219.7883,357.1583,-2.28,1811,281.5,3,123.33333333333333,54.33,1354.333,-228.333,616.667,-215.333
633,850.81,233.2868,163.89,432.49,-1.41,1027,241.3,3,66.0,30.81,750.333,-138.333,330.0,-122.0
634,1267.1833,277.7158,194.1633,330.8367,-0.99,1412,252.8,3,98.66666666666667,42.35,1068.667,-171.5,493.333,-165.667
635,926.54,197.7512,137.885,262.44,-1.41,1168,172.3,3,70.33333333333333,35.04,847.0,-160.5,351.667,-146.667
636,1296.63,308.5689,262.43,411.4483,-2.8267,1571,339.3,3,96.33333333333333,47.13,1164.667,-203.167,481.667,-193.667
637,952.2867,258.9482,204.2667,435.0283,-1.41,1202,243.3,3,76.0,35.62,850.0,-168.667,380.0,-144.667
638,1119.5933,260.2784,139.22,505.1667,-2.82,1375,233.0,3,83.33333333333333,41.26,1013.333,-181.0,416.667,-170.667
639,1019.89,255.6185,245.635,340.1383,-0.91,1263,304.5,3,76.0,37.89,927.0,-168.0,380.0,-157.0
640,881.9967,261.7318,233.92,272.2083,-0.91,1086,295.5,3,66.33333333333333,31.83,786.0,-137.5,331.667,-130.0
641,856.1167,232.6583,180.6817,276.82,-2.78,998,208.8,3,66.33333333333333,29.95,743.333,-127.5,331.667,-121.333
642,917.27,218.6241,124.8733,415.3983,-0.91,1126,193.8,3,71.66666666666667,33.77,817.333,-154.167,358.333,-138.0
643,1027.0267,207.1557,145.1317,341.14,-8.1967,1229,205.5,3,80.0,36.86,902.333,-163.167,400.0,-149.0
644,1648.9567,264.7696,189.4417,390.4917,-1.7167,2010,270.2,3,123.33333333333333,60.29,1483.0,-263.333,616.667,-247.667
645,1258.0167,271.5495,206.155,463.4483,-1.0833,1545,314.7,3,94.0,46.35,1135.667,-204.667,470.0,-189.333
646,1069.52,212.8783,140.7433,327.5583,-2.4267,1317,178.8,3,77.66666666666667,39.52,976.667,-170.333,388.333,-164.667
647,1356.0433,257.7082,134.775,458.5467,-1.13,1640,219.7,4,100.33333333333333,49.21,1217.333,-211.5,501.667,-200.667
648,694.99,214.3199,139.4633,421.285,-1.8567,824,173.5,3,54.0,23.49,590.0,-96.5,270.0,-92.0
649,813.0033,225.0771,161.7233,341.405,-0.7467,1006,216.2,3,60.666666666666664,30.17,738.0,-133.833,303.333,-124.667
650,868.0967,203.582,102.1067,309.7417,-1.41,1098,132.8,3,67.33333333333333,32.93,788.0,-154.833,336.667,-134.667
651,813.0933,194.5225,144.1133,296.1367,-1.41,975,205.0,3,63.333333333333336,29.26,715.0,-130.167,316.667,-117.667
652,933.67,214.4972,158.0633,335.15,-0.41,1122,256.7,3,68.0,33.67,839.0,-141.667,340.0,-137.333
653,703.7567,229.7925,223.415,371.5367,-1.41,870,275.3,3,50.333333333333336,26.09,646.333,-111.667,251.667,-108.667
654,1263.9933,266.1558,157.72,550.08,-1.41,1589,215.3,3,93.66666666666667,47.66,1159.333,-214.667,468.333,-196.667
655,698.1733,186.3986,126.36,192.545,-1.41,886,170.0,3,52.0,25.84,633.333,-114.0,260.0,-107.0
656,1071.1533,210.2255,123.1267,296.25,-1.41,1277,137.5,3,79.66666666666667,38.32,952.333,-162.5,398.333,-155.333
657,939.8533,215.2618,212.4983,320.3717,-1.41,1301,274.3,3,65.66666666666667,39.02,927.667,-186.5,328.333,-168.667
658,1221.2133,266.5332,263.4967,437.5467,-1.5067,1546,302.7,3,91.66666666666667,46.38,1120.333,-212.833,458.333,-191.0
659,1091.6633,223.0829,176.5183,377.785,-2.6633,1344,234.8,3,78.33333333333333,40.33,999.667,-172.333,391.667,-167.667
660,895.4133,240.3145,168.9817,298.225,-1.41,1086,250.8,3,69.66666666666667,32.58,793.667,-146.167,348.333,-133.0
661,798.3367,237.0933,126.0633,402.03,-1.4767,972,324.7,3,63.0,29.17,706.0,-133.167,315.0,-118.667
662,1026.76,212.9421,116.9083,437.3633,-1.41,1242,161.0,3,76.0,37.26,923.0,-159.5,380.0,-154.0
663,1292.5767,346.197,313.5833,484.76,-5.5,1647,374.5,3,89.0,49.41,1221.333,-212.833,445.0,-210.333
664,924.1167,248.7307,198.0867,452.6067,-1.1933,1265,229.3,3,67.0,37.95,898.0,-183.5,335.0,-163.333
665,720.9733,194.5341,145.4783,300.9617,-2.0767,1038,193.0,3,53.0,31.14,719.667,-159.167,265.0,-135.667
666,1239.2267,195.4676,139.5833,246.9767,-1.41,1485,183.3,3,95.66666666666667,44.56,1092.667,-196.333,478.333,-180.0
667,1177.6033,218.2461,138.0317,365.325,-1.41,1492,173.8,3,83.66666666666667,44.77,1102.0,-195.167,418.333,-192.333
668,1345.1633,238.9789,180.1633,391.035,-1.5067,1678,244.0,3,98.33333333333333,50.33,1235.333,-221.167,491.667,-211.0
669,1304.5367,308.5917,242.8483,393.7817,-0.91,1596,336.3,3,96.66666666666667,47.87,1178.333,-208.667,483.333,-196.333
670,1217.5833,247.5219,126.59,264.95,-1.41,1508,162.7,3,87.33333333333333,45.25,1117.667,-195.333,436.667,-186.667
671,1505.9667,248.6055,156.8617,456.4317,-1.2067,1793,227.7,3,110.33333333333333,53.8,1344.333,-224.5,551.667,-219.333
672,1288.01,317.0701,238.5783,370.0167,-2.53,1567,376.8,3,96.33333333333333,47.01,1159.0,-204.0,481.667,-195.667
673,853.8067,236.1487,178.445,303.9367,-1.41,1005,239.3,3,65.33333333333333,30.14,746.667,-129.0,326.667,-120.667
674,762.7767,230.4382,188.3767,501.4817,-1.41,885,288.8,3,57.333333333333336,26.11,659.0,-105.667,286.667,-103.333
675,940.95,192.5831,74.83,475.6367,-1.41,1265,150.2,3,71.33333333333333,37.95,892.333,-186.333,356.667,-159.667
676,991.28,236.3488,88.4717,379.9967,-1.41,1243,161.8,3,72.33333333333333,37.28,913.333,-164.667,361.667,-156.333
677,932.09,213.9978,157.5967,272.6917,-1.41,1203,204.3,3,67.66666666666667,36.09,875.0,-164.0,338.333,-153.333
678,1453.5133,240.2975,144.3,429.355,-1.41,1756,236.0,3,110.33333333333333,52.68,1297.0,-229.5,551.667,-218.333
679,1098.42,279.2879,234.2717,433.215,-1.41,1331,286.8,3,82.0,39.92,984.333,-173.167,410.0,-162.667
680,955.9867,210.72,116.05,345.8483,-1.41,1208,191.5,3,74.33333333333333,34.82,847.0,-156.833,371.667,-140.667
681,1316.06,229.4522,117.5267,365.1783,-1.41,1602,220.8,3,98.0,48.06,1185.333,-208.333,490.0,-199.0
682,552.93,144.3671,48.005,317.925,-2.46,738,145.7,3,43.0,19.93,486.333,-89.0,215.0,-79.333
683,1088.0533,261.1103,180.05,306.1367,-1.41,1274,287.7,3,85.33333333333333,38.22,939.667,-167.167,426.667,-149.333
684,1290.4733,241.3212,108.9333,420.4767,-1.7167,1621,234.8,3,96.66666666666667,48.64,1180.333,-220.5,483.333,-201.333
685,1198.4433,219.6171,134.235,374.51,-1.41,1370,217.2,3,93.66666666666667,41.11,1024.333,-173.0,468.333,-162.333
686,1052.4833,205.3185,92.8517,496.6367,-2.1233,1305,135.5,3,77.66666666666667,39.15,959.0,-173.0,388.333,-161.0
687,815.1867,194.1471,100.7533,321.2333,-2.0067,1061,147.8,3,58.666666666666664,31.02,759.0,-137.5,293.333,-130.667
688,755.2233,205.1567,165.02,292.4133,-1.41,929,222.2,3,58.0,26.39,655.333,-112.167,290.0,-104.333
689,766.0633,188.4293,115.4417,261.6117,-1.41,941,150.8,3,55.666666666666664,28.23,697.333,-121.833,278.333,-116.0
690,1293.6167,205.7521,112.82,417.685,-1.73,1582,165.3,3,93.33333333333333,47.45,1178.667,-201.5,466.667,-197.667
691,1518.3967,274.3977,64.6467,638.4667,-1.41,1808,193.7,3,115.33333333333333,54.23,1341.333,-233.167,576.667,-220.667
692,1105.2533,266.4973,191.625,369.575,-1.41,1431,234.5,3,81.66666666666667,42.92,1035.333,-197.667,408.333,-183.667
693,1467.61,298.2783,242.105,415.6167,-1.41,1704,294.2,3,114.33333333333333,51.11,1266.667,-218.5,571.667,-203.333
694,919.1333,233.0053,157.0817,338.425,-0.0067,1143,197.2,5,68.33333333333333,34.3,839.667,-151.833,341.667,-144.667
695,1189.5633,258.4015,190.5617,375.645,-1.41,1474,255.2,3,92.66666666666667,44.23,1068.333,-203.0,463.333,-183.333
696,860.4067,232.5041,174.4733,509.955,-1.41,1041,207.2,3,66.66666666666667,31.24,761.667,-139.833,333.333,-126.0
697,735.76,179.4309,95.005,341.3367,-1.6067,892,220.8,3,56.0,26.76,656.0,-118.0,280.0,-109.0
698,755.57,192.4296,114.555,436.1783,-1.41,919,157.2,3,56.333333333333336,27.57,679.667,-119.667,281.667,-113.667
699,1239.1667,215.0743,73.5683,459.0083,-1.1533,1533,100.3,3,95.66666666666667,46.0,1111.667,-210.833,478.333,-186.0
700,943.0867,169.9741,71.25,327.8833,-1.41,1164,108.7,3,71.66666666666667,34.92,848.333,-157.833,358.333,-140.667
701,1134.95,194.8034,77.3917,415.8183,-0.91,1348,128.5,3,87.0,40.45,999.333,-174.5,435.0,-165.333
702,1105.1,292.3451,229.8083,540.35,-2.34,1520,329.3,3,76.66666666666667,45.6,1091.0,-214.5,383.333,-200.333
703,1353.2,228.5351,115.0467,469.75,-2.2567,1807,172.0,3,95.33333333333333,54.2,1304.667,-251.0,476.667,-231.333
704,1007.65,225.2562,76.2983,392.6183,0.73,1272,195.0,8,73.66666666666667,38.15,930.667,-170.5,368.333,-159.0
705,1173.2167,263.9646,144.5433,517.74,-0.84,1422,205.0,3,89.33333333333333,42.05,1038.0,-181.833,446.667,-171.667
706,780.53,189.9376,122.5917,346.7883,0.22,984,192.8,5,56.333333333333336,29.53,723.0,-130.667,281.667,-123.0
707,941.8567,211.2488,164.2583,318.3067,-1.41,1240,231.0,3,72.66666666666667,37.19,879.0,-180.333,363.333,-157.333
708,982.8067,205.2355,130.8283,324.105,-3.4233,1155,275.5,3,70.0,34.64,878.333,-138.167,350.0,-142.0
709,1296.7033,226.5417,158.3933,336.9133,-1.41,1712,218.0,3,87.66666666666667,51.37,1258.333,-227.0,438.333,-224.333
710,832.0033,220.7713,175.4767,333.14,-1.41,956,201.2,3,64.0,28.67,717.0,-119.333,320.0,-114.333
711,830.7133,169.2085,76.355,307.77,-1.41,1079,167.0,3,58.666666666666664,32.38,788.667,-145.333,293.333,-138.333
712,778.6933,164.5006,32.6033,270.49,-0.41,979,91.8,3,57.666666666666664,29.36,714.0,-132.333,288.333,-120.667
713,893.05,143.8844,25.36,328.005,-1.41,1185,53.7,3,62.666666666666664,35.55,859.333,-162.833,313.333,-152.333
714,1062.78,223.0848,131.29,353.4167,-0.7467,1293,192.0,3,75.33333333333333,38.78,971.333,-160.667,376.667,-163.333
715,1110.9433,226.3265,135.1433,416.3133,-1.41,1337,168.7,3,86.66666666666667,40.11,978.667,-179.167,433.333,-162.0
716,1197.3267,223.1323,192.0533,310.9833,-0.91,1339,250.5,3,91.33333333333333,40.16,1018.333,-160.167,456.667,-157.667
717,967.76,202.1973,38.4733,512.9983,-2.17,1242,97.0,3,74.33333333333333,37.26,889.667,-176.167,371.667,-154.667
718,1053.5533,238.1591,31.1183,436.5367,-1.88,1425,61.2,3,75.66666666666667,38.72,960.333,-165.167,378.333,-158.667
719,937.0967,167.6558,59.9833,291.5533,-1.2233,1481,119.3,3,70.0,44.43,988.333,-246.333,350.0,-199.333
720,911.8467,199.2035,93.8383,433.46,-1.41,1206,165.7,3,64.33333333333333,36.18,873.333,-166.333,321.667,-153.0
721,836.93,188.3981,33.8317,360.47,-3.4067,1048,81.0,3,62.333333333333336,31.43,766.0,-140.833,311.667,-131.333
722,765.02,210.0569,125.9283,376.4067,-1.41,917,178.2,3,56.333333333333336,27.52,685.0,-116.167,281.667,-113.0
723,895.8933,231.1505,226.8867,437.09,-2.0833,1335,281.5,3,63.666666666666664,40.06,923.667,-205.833,318.333,-180.333
724,843.6933,207.7373,147.605,191.645,-1.41,1017,221.5,3,64.66666666666667,29.86,740.333,-127.5,323.333,-122.333
725,1081.8833,257.5511,128.5583,413.5717,-1.41,1368,235.3,3,83.33333333333333,41.05,986.0,-191.167,416.667,-170.667
726,1012.31,239.9797,171.9583,531.4267,-0.91,1342,230.3,3,76.0,36.81,905.333,-160.833,380.0,-149.0
727,1004.3767,274.1491,201.7217,540.7517,-0.91,1190,293.5,3,74.66666666666667,35.71,889.0,-150.667,373.333,-143.0
728,996.07,200.9371,85.8367,452.5083,-1.31,1336,204.7,3,73.33333333333333,40.07,950.333,-192.667,366.667,-168.333
729,865.11,195.7383,103.2283,433.2533,-1.41,1553,153.3,3,62.666666666666664,31.11,777.0,-130.0,313.333,-126.333
730,765.01,192.4487,119.5,416.4283,-1.7233,964,174.8,3,56.666666666666664,28.51,697.333,-126.5,283.333,-117.667
731,801.8567,171.3443,35.765,474.6833,-2.32,1006,85.3,3,58.0,30.19,740.333,-133.0,290.0,-125.667
732,924.3133,190.0858,36.3483,457.145,-3.8567,1189,150.7,3,67.0,34.98,856.667,-154.667,335.0,-147.667
733,776.42,197.6748,55.8317,334.1133,-1.41,981,96.5,3,58.666666666666664,29.42,711.333,-134.667,293.333,-123.0
734,857.3767,176.3664,40.99,271.2017,-3.3033,1057,97.3,3,64.0,31.71,775.667,-140.667,320.0,-129.333
735,666.3367,138.6972,53.7567,289.9783,-1.41,808,118.3,3,54.0,22.17,552.0,-93.5,270.0,-84.333
736,771.7933,135.8653,49.3683,307.465,-2.2633,999,81.5,3,53.666666666666664,29.96,733.0,-132.833,268.333,-126.667
737,1084.44,249.3239,160.2433,433.6283,-0.2767,1748,225.3,6,75.0,52.44,1182.667,-282.667,375.0,-243.0
738,1179.23,256.6416,176.3617,362.9683,-1.41,1524,246.5,3,90.0,45.73,1091.333,-216.5,450.0,-191.333
739,1301.3,225.634,118.9683,403.1917,-1.41,1627,148.0,3,96.33333333333333,48.8,1189.667,-218.5,481.667,-200.333
740,1100.3633,215.3744,69.2583,539.6067,-1.41,1451,121.5,3,81.33333333333333,43.53,1040.0,-205.5,406.667,-184.333
741,1413.67,241.7222,207.4317,369.245,-1.41,1622,250.7,3,106.33333333333333,48.67,1224.333,-199.0,531.667,-192.0
742,948.68,191.4551,85.8633,290.075,-2.0367,1274,143.2,3,69.33333333333333,33.18,837.0,-134.5,346.667,-133.667
743,991.4867,180.0857,125.15,241.535,-1.5367,1194,208.3,3,73.0,35.82,890.667,-151.667,365.0,-148.333
744,1145.0167,194.998,98.8683,411.0317,-0.91,1395,140.2,3,86.33333333333333,41.85,1025.333,-184.833,431.667,-169.0
745,1475.23,180.4822,99.9783,286.055,-1.41,1908,223.7,3,109.33333333333333,57.23,1377.667,-265.0,546.667,-241.333
746,969.6867,183.6151,97.5917,292.4767,-1.41,1151,170.7,3,74.66666666666667,34.52,851.667,-149.5,373.333,-140.333
747,1026.9233,168.6853,67.7,347.15,-0.91,1320,132.0,3,74.33333333333333,39.59,961.667,-179.0,371.667,-167.0
748,949.0267,221.3864,101.8983,320.5867,-1.25,1242,158.7,6,75.0,33.36,819.333,-146.333,375.0,-132.333
749,847.3233,213.7025,141.1217,454.0,-0.91,1050,189.8,3,63.666666666666664,31.49,768.0,-140.833,318.333,-129.667
750,784.99,155.6765,21.6583,451.7833,-1.41,1050,81.7,3,55.333333333333336,31.49,758.0,-145.833,276.667,-135.333
751,955.3233,230.3948,150.7383,348.0933,-3.49,1216,197.8,3,68.66666666666667,36.49,892.0,-162.167,343.333,-154.333
752,1236.9633,150.3455,84.205,200.585,-1.41,1571,102.3,3,90.66666666666667,47.13,1147.333,-211.833,453.333,-199.0
753,1400.8,164.0387,13.6133,331.6267,-1.41,1827,56.5,3,100.0,54.8,1328.667,-249.0,500.0,-233.667
754,1113.6633,218.6023,86.565,338.38,-2.35,1344,167.5,3,84.33333333333333,40.33,991.0,-176.667,421.667,-162.667
755,670.6667,181.9748,129.0333,247.9867,-1.28,800,165.0,3,52.333333333333336,24.0,586.667,-106.667,261.667,-95.0
756,757.4733,138.5859,24.8367,481.925,-2.4367,955,65.8,3,57.0,28.64,693.0,-130.833,285.0,-118.333
757,900.31,202.3457,90.1283,410.9017,-1.41,1094,148.8,3,64.33333333333333,32.81,818.667,-137.5,321.667,-135.333
758,743.2267,166.3096,26.8283,389.0017,-1.41,1222,72.5,3,52.0,27.56,686.667,-116.0,260.0,-115.0
759,921.19,203.3722,105.8517,342.6733,-1.41,1190,159.7,3,67.66666666666667,35.69,860.667,-164.5,338.333,-149.0
760,830.3533,196.2991,88.1317,341.8217,-1.41,1001,107.2,3,62.333333333333336,30.02,741.333,-129.667,311.667,-123.0
761,712.9367,180.9385,93.3367,406.965,-2.0367,926,148.5,3,50.0,27.77,678.667,-123.5,250.0,-120.0
762,1314.1267,197.1791,40.795,490.635,-1.41,1565,89.2,3,102.33333333333333,46.96,1151.0,-207.167,511.667,-188.333
763,824.9033,187.8573,64.625,451.0517,-1.41,952,141.8,3,64.66666666666667,28.57,708.333,-122.0,323.333,-113.333
764,1188.8933,191.2771,71.2933,365.5867,-1.41,1419,109.0,3,86.33333333333333,42.56,1065.333,-176.667,431.667,-174.0
765,1226.1567,235.3829,154.22,350.2533,-1.41,1466,244.0,3,93.33333333333333,43.99,1084.667,-190.833,466.667,-178.333
766,796.7067,209.3411,204.4683,379.7117,-1.41,951,279.7,3,59.333333333333336,28.54,708.333,-121.5,296.667,-115.333
767,1012.9133,221.6376,102.5067,534.4783,-1.41,1119,139.8,3,80.33333333333333,33.58,845.333,-137.0,401.667,-130.667
768,1342.0167,189.9367,33.495,372.215,-1.41,1678,149.3,3,95.66666666666667,50.35,1242.333,-218.0,478.333,-211.0
769,1003.34,230.969,156.34,267.2,-1.41,1228,239.0,3,71.66666666666667,36.84,917.667,-155.167,358.333,-154.333
770,706.94,203.0588,186.3133,249.3267,-1.9967,881,277.8,3,50.0,26.44,653.667,-113.833,250.0,-109.333
771,1248.4033,200.2258,98.3183,311.2633,-1.41,1652,199.7,3,96.0,49.57,1169.333,-241.5,480.0,-209.0
772,746.08,190.7427,96.3717,279.3033,-1.41,1019,182.3,3,55.0,30.58,720.333,-149.5,275.0,-130.333
773,703.4833,152.6382,99.955,352.7833,-0.41,922,145.5,3,49.666666666666664,27.65,670.667,-125.5,248.333,-117.667
774,1028.9367,213.286,113.0933,283.97,-1.41,1257,183.5,3,75.66666666666667,36.77,918.0,-153.833,378.333,-150.333
775,798.8767,209.5354,155.5883,328.8483,-1.41,1016,206.2,3,61.0,28.21,699.0,-120.667,305.0,-112.667
776,1177.49,216.7051,130.7183,252.6433,-0.88,1400,205.8,3,86.66666666666667,41.99,1048.667,-175.5,433.333,-171.0
777,764.2833,221.6053,172.0183,328.5083,-1.41,932,225.0,3,57.333333333333336,27.95,686.333,-122.667,286.667,-114.0
778,902.9967,210.0663,115.5567,488.7333,-1.41,1128,160.2,3,65.66666666666667,33.83,830.0,-148.833,328.333,-140.333
779,742.82,186.5137,114.3633,229.4833,-1.41,994,178.3,3,54.333333333333336,29.82,710.667,-141.667,271.667,-127.667
780,695.4567,198.2614,134.6833,341.6667,-1.41,851,169.2,3,58.333333333333336,20.79,537.0,-78.0,291.667,-76.0
781,1077.6633,192.4882,93.4333,382.98,-1.41,1378,150.5,3,76.0,41.33,1011.667,-183.0,380.0,-172.333
782,912.33,236.5581,146.8167,473.5167,-1.41,1128,237.7,3,70.66666666666667,33.83,818.0,-154.833,353.333,-138.0
783,1531.9433,229.9515,98.075,359.0533,-0.91,1904,128.0,3,115.33333333333333,57.11,1390.667,-256.5,576.667,-236.0
784,1506.6967,230.6061,135.1283,263.91,-1.41,1784,213.2,3,113.66666666666667,53.53,1329.333,-227.5,568.333,-217.0
785,1105.6,221.7289,90.8183,404.865,-2.1933,1303,147.2,3,86.33333333333333,38.6,953.333,-166.667,431.667,-151.333
786,1276.8733,228.2739,101.0833,440.9167,-3.62,1468,150.3,3,99.33333333333333,44.04,1097.0,-185.5,496.667,-175.333
787,876.9867,216.649,142.7667,304.84,-2.6333,1061,215.2,6,66.66666666666667,31.82,782.333,-139.167,333.333,-131.333
788,955.2633,156.0783,73.6733,302.17,-1.41,1164,109.7,3,70.66666666666667,34.93,862.333,-151.0,353.333,-144.333
789,1058.1733,188.6011,29.9817,387.7067,-2.13,1245,85.2,3,82.66666666666667,37.34,920.333,-162.167,413.333,-150.667
790,1254.9433,238.6733,88.39,453.4783,-1.41,1454,174.7,3,94.33333333333333,43.61,1095.0,-179.333,471.667,-176.0
791,1028.4,230.7731,156.7367,392.3083,-1.41,1113,251.2,3,81.33333333333333,33.4,848.0,-132.667,406.667,-127.0
792,976.32,243.4812,151.5683,408.5533,-2.4033,1111,233.2,3,75.33333333333333,33.32,834.667,-138.0,376.667,-130.333
793,920.38,217.4865,131.51,315.1133,-0.41,1079,192.3,3,70.33333333333333,32.38,802.667,-138.333,351.667,-128.0
794,1137.2433,241.7336,139.0383,463.2233,-1.41,1197,178.3,3,91.0,35.91,919.667,-138.667,455.0,-134.667
795,954.77,293.0153,260.6417,449.765,-0.91,1192,305.5,3,73.66666666666667,35.77,862.333,-165.0,368.333,-146.667
796,1168.5267,192.7611,26.59,375.5517,-1.85,1329,65.2,3,89.0,39.86,1002.667,-163.0,445.0,-156.0
797,1201.2767,207.9093,67.9817,302.9067,-1.41,1554,142.2,3,89.0,46.61,1121.667,-216.0,445.0,-196.0
798,950.1067,223.8805,188.7367,458.43,-2.02,1015,259.8,3,73.66666666666667,30.44,782.667,-116.0,368.333,-115.333
799,1426.2233,235.5349,93.32,357.8883,-1.41,1546,173.8,3,113.66666666666667,46.39,1175.333,-185.5,568.333,-178.333
800,1373.2233,225.3269,101.1817,396.345,-1.41,1530,142.5,3,106.33333333333333,45.89,1159.667,-185.0,531.667,-179.0
801,934.4467,231.6286,101.715,573.3383,-0.91,1064,181.7,3,69.66666666666667,31.78,805.333,-127.0,348.333,-124.0
802,1035.5467,264.5261,126.055,468.45,-0.41,1196,158.3,3,76.33333333333333,35.88,906.667,-144.667,381.667,-144.0
803,956.2,246.3569,158.8017,310.8217,-1.41,1302,198.8,3,67.0,36.2,894.667,-156.0,335.0,-153.667
804,1475.55,283.3491,192.065,278.3283,-1.41,1668,244.3,3,111.0,50.05,1267.333,-200.5,555.0,-196.333
805,1112.4,309.0923,247.5917,353.8967,-1.41,1263,313.7,3,83.33333333333333,37.9,961.0,-151.167,416.667,-152.0
806,1085.3533,327.2825,302.53,428.2833,0.26,1284,381.7,8,81.66666666666667,38.52,957.667,-163.167,408.333,-156.0
807,982.0333,210.7081,190.825,263.7233,-1.41,1073,270.0,3,74.66666666666667,32.2,826.333,-123.5,373.333,-126.333
808,663.0467,244.6372,271.3617,396.6633,-2.0533,813,313.0,3,48.0,24.38,604.0,-104.333,240.0,-101.0
809,923.83,284.8721,217.7633,414.0883,-3.4833,1178,356.2,3,71.0,35.33,844.667,-166.5,355.0,-144.667
810,1239.47,270.9451,211.5817,467.17,-1.41,1516,268.5,3,88.33333333333333,45.47,1131.667,-192.0,441.667,-187.333
811,1101.2233,272.6469,238.5217,398.715,-0.3867,1230,279.7,9,86.33333333333333,36.89,928.333,-150.667,431.667,-145.0
812,953.57,336.5421,256.59,403.6617,-1.4467,1319,322.8,4,65.33333333333333,39.57,947.667,-185.667,326.667,-174.667
813,1166.89,279.1291,242.9917,539.7383,-1.41,1430,322.3,3,84.33333333333333,42.89,1063.0,-183.333,421.667,-177.333
814,903.2167,271.3481,204.5417,384.8083,-1.9967,1068,264.0,3,66.33333333333333,32.05,802.667,-132.833,331.667,-130.333
815,715.1033,193.7899,141.975,455.12,-1.41,1072,226.2,3,54.0,25.77,635.667,-111.667,270.0,-104.667
816,1032.0933,286.9984,235.1117,592.0,0.1933,1425,294.0,6,81.33333333333333,42.76,985.333,-220.0,406.667,-182.667
817,858.61,241.1725,201.5883,479.6417,-1.8567,1020,271.8,3,62.0,30.61,768.333,-126.0,310.0,-124.333
818,1063.24,283.7367,194.9,608.1267,-0.41,1291,241.2,3,73.33333333333333,38.74,975.667,-157.833,366.667,-160.0
819,866.17,244.136,189.0333,327.9283,-1.5667,1039,254.0,3,62.333333333333336,31.17,780.333,-129.333,311.667,-127.667
820,1404.12,324.2735,250.075,400.39,-1.2567,1687,281.2,3,104.0,50.62,1255.667,-215.833,520.0,-206.333
821,1528.93,341.3231,215.9417,549.92,-2.9433,1698,282.3,3,114.33333333333333,50.93,1303.667,-197.0,571.667,-200.333
822,880.4533,290.4217,320.7567,515.7367,-1.41,1021,393.3,3,69.66666666666667,30.62,755.0,-132.833,348.333,-120.667
823,984.5867,265.4339,225.2833,292.2483,-1.88,1164,293.8,3,70.66666666666667,34.92,881.333,-141.333,353.333,-143.667
824,1120.0033,262.0899,190.605,531.0083,-1.41,1275,228.5,3,91.66666666666667,37.67,929.0,-163.333,458.333,-141.667
825,1603.99,327.4109,224.095,404.4317,-1.41,1883,260.3,3,121.0,56.49,1405.333,-238.833,605.0,-224.0
826,1330.5267,275.1445,154.1617,496.88,-1.41,1679,198.2,3,89.66666666666667,50.36,1257.667,-210.5,448.333,-215.333
827,934.7867,337.9258,324.6283,447.54,-1.0667,1137,395.0,3,68.0,34.12,845.333,-146.0,340.0,-138.667
828,1412.4033,288.8423,207.4283,440.48,0.2867,1686,244.8,3,107.66666666666667,50.57,1246.667,-219.5,538.333,-203.667
829,1442.1267,319.1001,238.805,513.5967,-1.41,1732,342.7,3,107.0,51.96,1289.0,-221.5,535.0,-212.333
830,1125.62,297.0741,257.19,426.9383,-1.41,1254,321.0,3,90.0,37.62,938.667,-157.667,450.0,-143.0
831,979.0367,345.5994,295.17,275.2017,-1.41,1098,370.7,3,79.66666666666667,31.87,800.0,-131.167,398.333,-120.0
832,1147.95,297.904,255.465,416.4867,-1.41,1298,307.8,3,83.0,38.95,998.333,-150.0,415.0,-154.333
833,1049.9267,286.5712,196.605,428.6317,-0.8967,1275,301.7,8,77.0,38.26,947.333,-164.0,385.0,-156.667
834,1235.0333,322.6761,271.15,295.3467,-2.0133,1357,356.3,3,95.0,40.7,1037.333,-159.667,475.0,-158.333
835,1011.8467,266.7367,221.1017,362.3983,2.5833,1223,278.3,11,73.66666666666667,36.68,912.333,-155.167,368.333,-150.333
836,1387.9367,253.6447,175.7417,334.62,-1.41,1592,243.3,3,102.0,47.77,1212.667,-189.833,510.0,-192.667
837,1527.3033,245.4391,181.155,459.7633,-1.41,1632,192.0,3,115.33333333333333,48.97,1271.0,-180.667,576.667,-188.667
838,990.53,261.6821,181.185,454.105,-2.0367,1168,264.8,3,74.0,35.03,874.667,-146.5,370.0,-142.667
839,1288.7,261.7362,198.4233,395.855,-2.37,1407,228.2,3,100.0,42.2,1075.667,-165.5,500.0,-163.667
840,1369.7267,323.2387,229.4917,373.5367,-1.41,1585,278.8,3,102.33333333333333,47.56,1195.667,-194.833,511.667,-190.333
841,991.3367,255.2673,212.705,427.8233,-0.41,1122,237.8,3,73.33333333333333,33.67,857.667,-132.333,366.667,-134.333
842,813.1,301.1807,310.5,352.3433,-1.41,917,361.2,3,61.333333333333336,27.1,692.0,-105.667,306.667,-107.0
843,1489.5167,341.0557,299.7083,551.8783,-0.41,1695,366.3,3,113.0,50.85,1281.0,-207.0,565.0,-200.333
844,987.28,291.5142,245.6367,560.6533,-1.41,1277,306.5,3,75.33333333333333,32.78,835.0,-128.833,376.667,-128.333
845,988.9967,271.4894,170.6917,524.0333,-2.32,1211,238.8,3,72.33333333333333,36.33,898.333,-156.333,361.667,-151.0
846,1426.7667,356.491,293.34,364.1383,-1.41,1520,328.0,3,110.66666666666667,45.6,1173.667,-173.167,553.333,-172.667
847,747.5567,217.8951,216.2133,368.1817,-1.41,863,262.2,3,53.333333333333336,25.89,661.0,-101.0,266.667,-105.0
848,994.86,271.0141,184.2767,479.2267,-1.41,1112,258.7,3,76.33333333333333,33.36,844.333,-133.833,381.667,-130.667
849,931.6967,231.5627,168.7433,400.185,-1.84,1101,201.7,3,67.0,33.03,831.667,-134.667,335.0,-133.333
850,934.6733,258.8231,211.7417,414.495,-0.91,1061,259.0,3,68.66666666666667,31.84,811.0,-125.167,343.333,-126.333
851,1527.5433,285.4745,284.3417,340.76,-1.41,1774,341.8,3,112.0,53.21,1343.667,-215.0,560.0,-214.333
852,1151.82,301.5493,287.4083,460.94,-1.41,1261,385.2,3,87.0,37.82,970.667,-145.0,435.0,-146.667
853,995.7933,283.9835,277.76,360.3533,-1.41,1249,323.0,3,71.66666666666667,37.46,921.333,-163.667,358.333,-157.667
854,1689.7267,294.4441,263.83,369.4483,1.0567,1852,312.8,6,130.66666666666666,55.56,1414.333,-218.833,653.333,-214.667
855,745.13,225.7613,187.9867,300.4983,-0.41,970,248.2,3,57.333333333333336,24.13,619.0,-92.667,286.667,-92.0
856,1082.4367,293.9154,198.48,420.0117,-2.35,1176,249.3,3,82.66666666666667,35.27,905.333,-135.167,413.333,-136.333
857,1036.79,284.0904,266.4183,371.8183,-1.41,1210,316.3,3,75.0,36.29,918.667,-145.5,375.0,-147.667
858,1383.85,322.554,240.68,347.72,-1.41,1545,273.2,3,109.33333333333333,46.35,1160.0,-192.5,546.667,-176.667
859,1362.0,322.163,288.1517,312.4017,-0.1633,1617,342.3,3,96.0,48.5,1227.667,-194.5,480.0,-199.667
860,925.0133,315.0974,275.3683,491.58,-1.41,1173,393.7,3,67.66666666666667,35.18,857.0,-157.833,338.333,-147.667
861,878.2567,246.0233,186.71,405.8217,-1.5033,1120,268.7,3,61.333333333333336,33.59,827.0,-146.333,306.667,-142.667
862,937.4333,241.8981,171.245,418.9667,-1.41,1087,232.7,3,70.0,32.6,820.333,-133.167,350.0,-132.333
863,1166.4467,272.3507,199.9167,273.0183,-1.41,1293,265.2,3,85.0,38.78,1002.667,-145.0,425.0,-155.0
864,969.3733,262.9454,204.615,676.19,-1.41,1115,268.3,3,72.0,33.04,838.667,-131.333,360.0,-131.0
865,1020.1467,296.4415,285.365,317.7217,-2.5033,1216,348.8,3,78.66666666666667,36.48,897.333,-159.333,393.333,-147.667
866,816.6367,266.0693,186.49,452.2367,-1.41,1016,236.5,3,57.0,30.47,757.333,-129.167,285.0,-127.0
867,941.01,310.7772,294.4767,513.7767,-1.41,972,354.0,3,71.33333333333333,29.01,765.667,-100.667,356.667,-109.667
868,972.1567,255.0775,136.8883,674.705,1.0733,1238,202.5,5,72.33333333333333,34.99,867.333,-149.5,361.667,-142.333
869,1142.94,318.7993,265.5667,410.37,-1.41,1448,324.3,3,79.66666666666667,43.44,1072.333,-187.833,398.333,-183.333
870,1368.8867,326.8092,251.735,424.9817,-1.1933,1591,335.5,3,100.0,47.72,1206.333,-192.167,500.0,-193.0
871,892.6933,248.065,207.9417,277.895,-2.3267,1129,262.5,3,63.0,33.86,833.0,-147.833,315.0,-141.333
872,1527.75,292.2855,165.695,543.54,-1.4267,1792,238.8,3,109.33333333333333,53.75,1360.333,-215.667,546.667,-217.333
873,1633.4033,296.9211,234.3783,329.0667,-1.41,1836,314.3,3,124.66666666666667,55.07,1393.0,-221.333,623.333,-216.667
874,1040.2667,209.2623,79.58,519.005,-1.41,1203,159.5,3,76.0,36.1,913.667,-144.833,380.0,-144.667
875,852.08,242.4154,187.1367,386.905,-1.9967,1119,290.0,3,59.666666666666664,33.58,815.0,-152.167,298.333,-142.667
876,1124.9833,288.0333,207.625,437.885,0.09,1255,219.0,3,84.33333333333333,37.65,961.667,-146.667,421.667,-149.333
877,1707.2067,250.3582,155.3067,435.9267,-1.41,1901,188.5,3,127.0,57.04,1459.667,-220.833,635.0,-223.667
878,1102.78,238.2078,119.07,488.2467,-1.77,1193,174.3,3,86.0,35.78,913.333,-139.667,430.0,-136.667
879,899.99,256.0211,201.485,364.295,-1.6833,1116,241.5,3,59.666666666666664,33.49,844.0,-136.167,298.333,-139.667
880,1448.9733,300.1533,176.175,398.355,-0.5033,1688,223.7,5,105.66666666666667,50.64,1280.0,-204.0,528.333,-206.0
881,1582.7767,334.775,161.4083,506.02,-2.4567,1804,218.2,3,120.66666666666667,54.11,1362.333,-220.667,603.333,-216.333
882,1514.3267,322.2573,191.86,447.9383,-1.41,1805,255.2,3,112.0,54.16,1348.333,-228.5,560.0,-219.667
883,1361.0333,320.3757,287.845,369.8017,-1.41,1657,305.7,3,103.0,49.7,1217.333,-219.667,515.0,-201.333
884,1342.5567,379.1599,289.3467,578.2567,-1.41,1496,353.7,3,100.66666666666667,44.89,1147.0,-174.667,503.333,-178.0
885,1058.7567,246.0343,186.3433,450.7867,-2.35,1253,296.0,3,81.0,37.59,929.333,-161.833,405.0,-151.333
886,1316.0167,301.3037,239.735,498.9383,-2.9267,1395,278.0,3,101.66666666666667,41.85,1083.333,-155.833,508.333,-161.667
887,1188.7133,291.9479,217.5733,496.495,-2.21,1346,274.7,3,93.0,40.38,1008.0,-169.0,465.0,-155.667
888,1133.19,245.7391,177.4017,507.9817,-2.4533,1240,199.5,3,88.0,37.19,944.333,-147.667,440.0,-140.667
889,1130.6667,308.1572,227.71,396.5683,-1.6133,1217,365.7,3,86.0,36.5,942.333,-137.167,430.0,-141.0
890,1472.1867,307.8377,218.3817,451.74,-1.41,1684,265.3,3,111.0,50.52,1272.667,-205.667,555.0,-200.333
891,1809.69,399.2883,324.885,585.46,-1.41,2090,384.2,3,132.0,62.69,1591.0,-249.333,660.0,-254.667
892,1243.92,336.4034,306.8733,588.0383,0.5733,1514,350.2,6,96.0,45.42,1107.667,-203.167,480.0,-186.0
893,1708.3567,351.1133,203.1733,413.9183,-2.5067,2023,281.8,3,124.66666666666667,60.69,1522.333,-250.333,623.333,-247.667
894,942.2733,299.8939,210.5583,537.7883,-1.2867,1111,227.7,3,72.0,31.94,804.667,-130.0,360.0,-124.333
895,1541.5433,276.471,153.805,426.5283,-1.9667,1807,244.0,4,114.33333333333333,54.21,1357.667,-224.667,571.667,-217.333
896,1168.7533,303.2899,260.825,458.5283,-1.41,1381,338.8,3,85.66666666666667,41.42,1039.333,-170.667,428.333,-169.667
897,1145.51,283.9657,193.7067,455.995,-1.41,1317,226.3,3,85.0,39.51,998.333,-159.333,425.0,-158.0
898,1424.5567,267.6983,162.625,460.51,-1.41,1646,211.2,3,105.66666666666667,49.39,1245.333,-200.5,528.333,-198.0
899,1099.32,363.4409,387.86,467.9217,-1.41,1227,481.2,3,82.0,36.82,939.667,-143.833,410.0,-143.333
900,1337.77,288.4502,279.2883,328.875,-1.3667,1526,345.7,9,99.0,45.77,1162.333,-181.667,495.0,-183.667
901,1250.5733,369.031,354.3133,750.2367,-0.41,1341,415.8,3,95.33333333333333,40.24,1039.333,-151.0,476.667,-154.667
902,1988.2,362.576,276.4733,498.015,0.09,2190,332.2,3,155.33333333333334,65.7,1663.0,-263.5,776.667,-253.667
903,1405.48,376.7438,302.1283,616.4383,-1.41,1583,344.2,3,107.0,47.48,1200.667,-191.0,535.0,-186.667
904,1398.2567,346.6751,271.6533,413.01,-1.0167,1536,316.5,5,108.66666666666667,46.09,1170.0,-183.167,543.333,-178.0
905,1253.5367,321.7999,256.835,414.5483,-1.41,1529,318.0,3,88.33333333333333,45.87,1147.0,-191.0,441.667,-190.0
906,1383.8667,267.3319,179.6783,416.2717,-2.4467,1540,214.0,3,104.33333333333333,46.2,1178.0,-181.0,521.667,-181.0
907,1729.5033,325.2517,277.4717,369.2133,-1.84,1972,332.7,3,131.0,59.17,1491.0,-240.667,655.0,-235.0
908,1053.1333,304.4043,249.9617,514.6,-1.41,1227,326.7,3,75.66666666666667,36.8,933.333,-146.667,378.333,-148.667
909,846.8767,263.9599,207.595,361.0317,-0.91,990,263.2,3,66.66666666666667,29.71,732.667,-128.833,333.333,-120.0
910,967.0033,291.8922,193.0817,487.7433,-1.41,1106,247.2,3,66.33333333333333,33.17,860.667,-122.5,331.667,-136.0
911,1592.21,416.7783,318.3917,531.805,-1.41,1724,409.0,3,115.0,51.71,1354.667,-184.5,575.0,-204.667
912,976.05,301.2145,271.0783,565.9017,-1.41,1052,305.8,3,77.0,31.55,803.333,-124.167,385.0,-119.667
913,1543.1067,331.8429,267.995,378.2467,-2.0067,1731,297.5,3,119.33333333333333,51.94,1310.333,-210.5,596.667,-205.333
914,1460.5533,369.611,347.355,378.5967,-1.9967,1607,411.2,6,111.66666666666667,48.22,1230.0,-188.667,558.333,-187.333
915,2249.32,328.6275,135.685,547.3283,-1.41,2627,199.8,3,164.0,78.82,1988.333,-319.5,820.0,-318.333
916,1380.9333,298.0469,243.7333,478.4283,-1.4833,1587,329.5,8,102.0,47.6,1206.667,-190.0,510.0,-193.333
917,1194.01,338.7743,317.3167,654.9817,-2.07,1267,450.3,8,92.33333333333333,38.01,983.0,-142.0,461.667,-146.667
918,2081.94,362.9939,282.9017,458.5683,-1.41,2298,349.0,3,158.0,68.94,1762.667,-267.667,790.0,-272.0
919,1177.27,287.8225,234.625,337.0183,-4.02,1326,291.0,3,88.66666666666667,39.77,1008.667,-158.5,443.333,-156.0
920,2221.75,368.0056,254.8117,593.22,-0.7467,2475,312.2,3,172.0,74.25,1874.667,-300.167,860.0,-287.0
921,1400.53,254.2461,178.0567,422.68,-0.91,1668,202.7,3,101.33333333333333,50.03,1255.333,-206.167,506.667,-205.333
922,979.36,284.2478,239.4883,357.6733,-0.99,1162,288.7,7,74.0,34.86,863.0,-149.5,370.0,-139.0
923,895.7367,218.0708,168.6583,332.8867,-1.41,1069,195.0,3,64.33333333333333,32.07,805.667,-131.667,321.667,-132.0
924,1481.3133,292.4141,227.8917,488.85,-1.41,1649,321.2,3,110.33333333333333,49.48,1267.0,-191.167,551.667,-195.667
925,1072.63,323.9265,272.17,319.1467,-3.42,1336,327.5,3,86.0,35.13,884.667,-143.167,430.0,-134.0
926,1009.6167,305.6509,222.0683,463.1317,-1.2167,1132,301.2,11,77.0,33.95,859.667,-136.0,385.0,-133.0
927,1277.6833,277.7226,188.2667,508.3317,-1.06,1362,277.3,3,99.66666666666667,40.85,1049.333,-156.167,498.333,-154.667
928,928.5667,262.505,212.7717,413.0533,-1.41,1312,244.0,3,71.33333333333333,31.9,798.667,-132.333,356.667,-126.333
929,1704.18,309.7489,183.1617,635.845,-1.41,2056,226.2,3,120.66666666666667,61.68,1549.0,-253.5,603.333,-256.333
930,1538.5533,372.7756,345.8633,662.4467,-0.41,1657,408.3,3,121.66666666666667,49.72,1266.333,-195.5,608.333,-190.333
931,1464.2333,301.685,266.345,263.145,-1.41,1647,289.8,3,111.66666666666667,49.4,1249.667,-198.5,558.333,-194.667
932,1100.8933,252.9707,237.025,572.0033,-1.41,1352,269.0,3,77.0,40.56,1014.667,-168.667,385.0,-170.667
933,1222.1667,271.5111,167.04,508.1617,-1.41,1300,213.2,3,97.33333333333333,39.0,996.333,-151.833,486.667,-148.0
934,1106.7733,228.5892,197.0333,304.9333,-1.41,1248,213.5,3,82.33333333333333,37.44,954.667,-146.667,411.667,-150.333
935,1266.1833,353.2858,195.4367,616.8,-1.1933,1419,345.3,5,100.66666666666667,40.35,1032.667,-156.167,503.333,-154.0
936,1102.5033,324.0205,296.4117,454.0517,1.0533,1239,349.0,7,82.66666666666667,37.17,947.0,-146.0,413.333,-149.0
937,943.3933,305.1853,238.0567,502.02,2.23,1018,336.5,8,69.66666666666667,30.06,788.667,-106.667,348.333,-117.0
938,1215.6267,347.1955,285.275,551.985,-1.71,1399,356.5,3,89.0,41.96,1065.333,-166.667,445.0,-170.0
939,964.05,303.5941,229.6333,539.2483,-1.67,1185,303.2,3,70.33333333333333,35.55,877.333,-153.833,351.667,-146.667
940,2289.48,369.6779,240.63,263.1167,-0.91,2666,279.7,3,171.0,79.98,2007.0,-329.5,855.0,-323.0
941,1289.0633,263.8296,190.9267,377.29,-1.41,1391,259.2,3,102.0,41.73,1061.667,-164.667,510.0,-159.667
942,1146.5467,350.8911,294.6983,491.69,-0.41,1229,375.0,3,87.66666666666667,36.88,952.667,-138.333,438.333,-143.0
943,1142.26,360.4271,374.2767,475.1267,0.4267,1225,467.3,9,84.66666666666667,36.76,958.333,-133.5,423.333,-142.667
944,1063.9233,357.2882,341.5017,533.6967,-0.91,1220,393.0,3,78.33333333333333,36.59,927.667,-146.0,391.667,-146.0
945,1358.83,270.4508,186.7117,353.475,-1.31,1478,279.8,4,108.33333333333333,44.33,1120.667,-178.5,541.667,-169.333
946,1066.84,333.389,274.3467,533.4517,-1.7567,1231,327.5,6,82.0,35.34,899.667,-139.167,410.0,-139.0
947,842.3267,275.6431,258.3033,494.9317,-0.3233,1329,317.7,6,60.333333333333336,30.66,765.333,-128.333,301.667,-127.0
948,840.2467,291.5575,250.7417,541.135,-1.41,969,328.8,3,61.666666666666664,29.08,736.333,-116.5,308.333,-117.0
949,1655.61,389.4654,360.6133,458.315,-1.41,2070,389.5,3,123.33333333333333,62.11,1514.0,-278.167,616.667,-259.0
950,2208.9567,344.478,237.3833,356.9833,-1.0367,2643,370.7,4,156.0,79.29,1999.667,-321.667,780.0,-328.333
951,1251.9267,337.5851,307.5667,474.685,-0.1633,1475,354.7,6,93.66666666666667,44.26,1102.667,-186.333,468.333,-177.0
952,1192.8167,370.8667,361.31,586.7133,-4.2267,1594,441.8,6,88.33333333333333,38.65,1004.667,-141.833,441.667,-150.333
953,899.6033,258.802,183.3733,448.1983,-1.5067,1009,320.8,3,65.66666666666667,30.27,775.667,-116.667,328.333,-118.0
954,1077.1467,307.5613,163.85,544.9183,-1.41,1183,224.0,3,80.33333333333333,35.48,914.0,-134.333,401.667,-139.667
955,1012.5367,238.3395,185.215,426.8,-1.41,1196,236.5,3,75.0,35.87,897.0,-149.333,375.0,-146.0
956,1141.6133,319.2653,297.1283,656.8833,-0.4267,1309,350.0,3,87.33333333333333,39.28,982.667,-163.333,436.667,-153.667
957,1088.58,322.2171,269.585,385.4617,-1.41,1261,317.3,3,83.66666666666667,36.08,918.333,-142.167,418.333,-142.0
958,1804.1333,358.2713,305.655,377.5483,-1.41,2110,360.2,3,133.0,63.3,1591.667,-259.167,665.0,-256.667
959,1436.47,369.9129,328.7467,669.06,-0.41,1566,361.0,3,107.66666666666667,46.97,1209.333,-178.167,538.333,-180.0
960,1048.91,290.4125,239.1367,587.915,-1.41,1280,265.7,3,75.33333333333333,38.41,955.333,-162.5,376.667,-159.0
961,1451.9633,343.5259,321.9733,573.27,-4.74,1621,357.5,3,109.33333333333333,48.63,1239.667,-190.667,546.667,-192.333
962,812.3067,252.4264,230.4483,354.46,-0.91,905,271.0,3,60.333333333333336,27.14,695.667,-104.5,301.667,-107.667
963,1496.0333,261.9043,169.0817,409.54,-1.41,1773,231.2,3,110.33333333333333,53.2,1329.0,-222.167,551.667,-215.667
964,1523.2067,331.1532,227.4517,644.525,-0.91,1785,283.0,3,111.0,53.54,1350.667,-217.0,555.0,-219.0
965,1568.19,445.1799,471.7133,528.0733,-0.41,1790,528.3,3,118.0,53.69,1355.333,-217.167,590.0,-213.667
966,1961.5967,456.684,402.39,552.965,-2.6633,2314,444.0,3,144.33333333333334,69.43,1740.667,-286.833,721.667,-283.333
967,1012.17,258.4617,163.5333,359.0217,-1.4067,1189,197.8,3,78.33333333333333,35.67,881.333,-153.833,391.667,-142.667
968,1170.01,284.9194,209.8683,360.1567,-2.1933,1434,234.5,5,83.0,43.01,1072.333,-180.667,415.0,-179.667
969,1107.0,403.457,316.31,860.5033,-1.35,1314,422.8,3,83.66666666666667,36.5,935.667,-140.5,418.333,-143.0
970,1715.92,382.5149,293.2483,513.32,-1.41,1947,328.5,3,128.0,58.42,1481.667,-232.833,640.0,-231.333
971,1504.4667,270.3487,154.365,453.8783,-1.41,1877,278.8,3,107.0,56.3,1391.667,-242.5,535.0,-236.0
972,1017.2967,251.5558,199.1517,349.6917,-1.41,1154,320.3,3,75.33333333333333,34.63,880.333,-137.0,376.667,-137.333
973,1424.9033,460.5847,430.5817,567.9267,-0.41,1686,497.2,3,105.0,50.57,1265.0,-210.333,525.0,-205.333
974,1511.46,351.0211,301.7867,308.4933,-1.41,1782,370.7,3,112.33333333333333,53.46,1335.333,-223.333,561.667,-215.667
975,1129.91,279.6839,231.77,514.7833,-2.34,1264,301.0,3,85.33333333333333,37.91,963.0,-150.333,426.667,-147.333
976,1653.3333,261.016,178.1183,525.76,-1.41,1967,210.2,3,119.66666666666667,59.0,1479.333,-243.667,598.333,-239.667
977,983.5767,335.5685,304.1667,452.425,-0.8167,1080,401.3,9,78.0,32.41,818.0,-131.167,390.0,-125.667
978,1156.75,318.7845,221.7867,529.2383,-1.41,1325,300.7,3,86.66666666666667,39.75,1003.667,-160.667,433.333,-159.333
979,1204.6733,297.8132,232.4733,518.085,-1.41,1344,285.2,3,94.33333333333333,39.84,1007.667,-160.167,471.667,-154.333
980,1254.06,316.5376,214.9633,624.26,-1.4667,1419,268.0,3,94.0,42.56,1078.333,-170.167,470.0,-166.667
981,1273.6033,279.4045,202.9317,339.505,-1.41,1426,238.8,3,95.66666666666667,42.77,1089.333,-168.167,478.333,-168.667
982,1063.53,304.0183,152.6883,621.08,-1.41,1906,202.0,3,78.33333333333333,37.53,941.0,-155.0,391.667,-151.667
983,1585.1633,306.3415,222.52,617.415,-1.41,1811,262.8,3,116.33333333333333,54.33,1382.0,-214.5,581.667,-218.333
984,1249.11,325.0383,288.175,486.555,-1.41,1437,344.8,3,92.66666666666667,43.11,1088.333,-174.333,463.333,-171.333
985,853.05,278.5535,275.045,443.4283,-1.9033,1133,276.5,3,62.666666666666664,28.55,734.0,-108.833,313.333,-114.0
986,1431.53,296.3001,286.365,430.1833,-1.4667,1601,357.8,3,105.33333333333333,48.03,1232.0,-184.5,526.667,-190.667
987,1437.5333,299.6871,128.3917,578.4567,-1.41,1657,177.5,3,108.66666666666667,49.7,1247.667,-204.5,543.333,-198.667
988,810.82,220.1907,114.1333,270.5733,1.41,1039,135.0,10,59.666666666666664,26.82,692.0,-101.0,298.333,-105.333
989,1229.05,365.8234,371.0183,576.1083,0.09,1850,441.3,3,89.66666666666667,41.55,1064.0,-160.5,448.333,-164.333
990,1299.88,373.8414,335.17,425.4433,-1.41,1463,438.5,3,99.33333333333333,43.88,1108.0,-177.333,496.667,-171.333
991,1799.45,387.8146,351.8967,409.9667,-0.91,1998,415.7,3,136.66666666666666,59.95,1526.667,-235.833,683.333,-234.667
992,1266.1367,344.1388,285.6483,553.8267,2.6767,1499,342.2,10,90.0,44.97,1138.0,-180.5,450.0,-186.333
993,1297.39,330.7665,234.9683,699.4533,-0.5067,1446,287.8,3,96.0,43.39,1113.0,-166.667,480.0,-172.333
994,1129.62,314.6511,225.4033,296.5317,-0.41,1304,244.0,3,82.33333333333333,39.12,991.667,-156.167,411.667,-156.667
995,1422.2833,362.4747,255.5833,540.0,-1.41,1715,310.8,3,105.0,51.45,1274.667,-220.167,525.0,-208.667
996,1223.3567,328.2262,265.8467,534.7467,-1.41,1406,298.7,3,91.66666666666667,42.19,1063.333,-171.5,458.333,-169.0
997,1349.5767,248.3629,154.6567,309.2383,-2.1333,1764,224.5,3,100.66666666666667,52.91,1263.667,-250.0,503.333,-220.333
998,1386.4633,309.0703,245.1,317.875,-3.06,1621,286.2,3,103.66666666666667,48.63,1217.333,-201.833,518.333,-196.0
999,1470.95,417.4905,410.2233,351.6067,-1.41,1682,469.3,3,110.66666666666667,50.45,1270.667,-205.5,553.333,-198.0
1000,1188.1567,371.5216,283.865,448.785,-1.21,1333,359.5,8,88.66666666666667,39.99,1019.333,-156.833,443.333,-157.667
1001,1784.22,369.4879,321.0433,417.83,-1.41,2141,388.3,3,124.66666666666667,64.22,1621.333,-259.667,623.333,-265.0
1002,1347.7067,422.4379,398.145,458.7567,-0.91,1651,463.2,3,94.0,49.54,1241.0,-205.167,470.0,-207.667
1003,1244.4967,315.5563,158.05,539.8367,-1.41,1628,193.2,3,92.66666666666667,48.83,1167.667,-230.0,463.333,-205.333
1004,1078.3833,331.6057,297.5083,414.0033,-1.41,1435,333.5,3,75.66666666666667,43.05,1039.0,-198.0,378.333,-184.0
1005,1250.5233,355.3085,250.46,609.7883,-0.91,1492,352.0,3,93.33333333333333,43.69,1096.667,-179.833,466.667,-176.667
1006,1578.27,369.5042,302.2283,389.66,-2.4667,1826,347.0,3,117.66666666666667,54.77,1376.667,-224.5,588.333,-217.0
1007,1106.4367,359.6851,298.7917,652.2917,0.59,1276,391.3,3,82.66666666666667,38.27,963.333,-156.167,413.333,-152.333
1008,1184.9333,275.7285,190.2267,549.535,-1.88,1387,275.8,3,86.33333333333333,41.6,1048.0,-169.333,431.667,-167.0
1009,1632.13,366.3951,336.5633,451.13,-1.41,1954,425.8,3,119.66666666666667,58.63,1461.333,-246.5,598.333,-239.667
1010,1514.2,299.2187,244.38,479.1333,-1.41,1773,291.0,3,114.66666666666667,53.2,1324.0,-224.667,573.333,-211.667
1011,1247.4667,398.7285,407.4617,557.7917,-1.3633,1427,475.5,13,95.0,42.8,1073.333,-176.667,475.0,-167.0
1012,1470.8233,294.5252,227.815,280.7083,-1.78,1733,316.2,3,109.0,51.99,1300.667,-216.167,545.0,-210.667
1013,1237.8,415.5422,366.8133,824.2067,-7.02,1443,433.5,3,92.0,43.3,1085.0,-179.167,460.0,-171.333
1014,1083.68,375.5068,375.6817,548.635,-0.35,1323,503.0,3,76.66666666666667,39.68,990.667,-166.0,383.333,-164.0
1015,1538.31,397.2643,359.79,647.2367,-1.77,1710,442.5,3,120.0,51.31,1296.333,-207.0,600.0,-202.333
1016,1075.3733,313.9607,233.6533,715.445,-0.91,1268,301.7,3,79.33333333333333,38.04,952.667,-157.667,396.667,-154.333
1017,1157.62,344.4567,357.515,698.1117,-1.41,1371,403.3,3,86.33333333333333,41.12,1024.333,-173.167,431.667,-166.333
1018,899.78,252.0963,146.575,433.02,-1.41,1143,215.5,3,62.666666666666664,34.28,845.0,-148.833,313.333,-144.0
1019,1252.9367,345.8919,234.7117,702.425,-1.29,1509,334.2,3,87.66666666666667,45.27,1141.0,-184.0,438.333,-187.667
1020,922.0167,315.6247,248.6483,606.9967,-1.4533,1106,318.5,3,68.66666666666667,32.85,817.333,-138.833,343.333,-132.667
1021,2362.38,371.6003,302.3167,579.6217,-0.41,2663,404.0,3,176.0,79.88,2033.0,-314.833,880.0,-315.667
1022,1652.8333,306.6209,193.4733,595.1183,-2.0367,1950,235.7,3,121.0,58.5,1468.0,-241.0,605.0,-237.667
1023,843.18,285.5641,173.27,553.0717,-1.41,1039,292.3,3,62.666666666666664,31.18,764.667,-137.333,313.333,-128.667
1024,1290.9067,322.6726,125.0867,471.3083,-1.41,1525,201.3,3,97.0,45.74,1139.667,-192.5,485.0,-187.0
1025,1114.0933,327.1735,263.1583,566.2267,0.95,1375,335.7,11,83.0,41.26,1009.0,-183.167,415.0,-168.0
1026,1517.11,317.5501,123.05,769.8583,-1.41,1804,209.3,3,117.0,54.11,1331.0,-236.333,585.0,-216.667
1027,1103.0,223.3773,39.4917,566.7133,-1.9233,1236,127.8,3,87.0,35.5,906.333,-138.5,435.0,-135.333
1028,2084.1067,309.3658,41.5067,444.8767,-2.35,2348,241.5,3,158.0,70.44,1782.667,-282.667,790.0,-276.333
1029,2002.8667,266.1611,18.1817,478.05,-2.35,2407,72.2,3,145.33333333333334,72.2,1802.667,-302.0,726.667,-296.667
1030,1180.99,413.0047,303.6083,832.24,-0.91,1411,350.8,3,86.66666666666667,41.49,1043.333,-169.833,433.333,-167.333
1031,1213.56,357.0994,257.4867,430.9667,-1.41,1420,335.8,3,95.66666666666667,39.56,1004.667,-157.0,478.333,-152.0
1032,1697.1267,324.5014,190.0183,403.6267,-3.3867,2132,260.3,3,124.33333333333333,63.96,1562.333,-284.833,621.667,-266.0
1033,1330.5467,254.7719,209.28,353.975,-0.41,1496,302.5,3,102.0,44.88,1133.333,-181.333,510.0,-176.333
1034,1026.9567,336.1289,298.5683,487.3883,-1.41,1260,415.8,3,76.0,37.79,929.333,-165.167,380.0,-155.0
1035,1320.8067,331.7555,233.5017,525.24,-2.5833,1588,295.7,3,93.66666666666667,47.64,1195.0,-196.5,468.333,-193.667
1036,1349.66,349.3218,183.4733,592.695,-14.8933,1572,213.0,3,99.66666666666667,47.16,1186.333,-192.833,498.333,-189.333
1037,1069.12,297.5377,246.2083,333.7467,-0.91,1437,287.5,3,73.33333333333333,43.12,1042.667,-197.333,366.667,-186.0
1038,1428.0767,330.1968,214.7283,469.115,-1.41,1630,313.8,3,110.0,48.91,1223.333,-203.5,550.0,-190.667
1039,1211.1633,290.5801,255.8783,484.4267,-0.73,1444,321.7,3,90.0,43.33,1076.667,-183.833,450.0,-175.0
1040,1571.1667,420.802,406.8783,575.1567,-0.41,1817,455.8,3,116.33333333333333,54.5,1376.0,-220.333,581.667,-220.667
1041,1101.46,288.5719,203.305,555.44,-1.41,1315,245.2,3,79.66666666666667,39.46,990.0,-162.667,398.333,-163.667
1042,1391.8067,333.6997,275.3117,568.3117,-1.41,1655,356.7,3,103.0,49.64,1237.0,-208.833,515.0,-201.0
1043,1972.7533,451.8057,432.675,472.4767,-0.41,2297,494.7,3,143.66666666666666,68.92,1741.667,-277.833,718.333,-278.333
1044,1646.9267,370.6039,327.5683,361.0467,-1.41,1925,383.7,3,126.0,57.76,1437.0,-244.167,630.0,-233.667
1045,1423.7867,325.0223,216.7383,436.175,-1.41,1621,286.7,3,105.33333333333333,48.62,1235.0,-192.833,526.667,-193.667
1046,2095.3933,348.3973,230.4233,661.5517,-1.41,2402,322.7,3,159.33333333333334,72.06,1808.0,-297.0,796.667,-284.333
1047,839.2133,208.8951,36.27,416.3817,-1.41,996,129.2,3,61.0,29.88,749.333,-123.333,305.0,-121.667
1048,1334.6067,295.8643,208.8267,389.8917,-1.41,1531,268.3,3,102.33333333333333,45.94,1148.667,-191.333,511.667,-180.333
1049,1614.64,323.0862,227.7233,561.2683,-0.91,1838,287.8,3,121.66666666666667,55.14,1390.333,-223.833,608.333,-215.333
1050,1612.8733,325.6537,247.005,446.5083,-0.6767,1868,314.8,3,120.33333333333333,56.04,1408.333,-229.833,601.667,-223.333
1051,1107.0267,325.9779,347.4383,589.3017,-1.6833,1295,382.2,3,82.33333333333333,38.86,973.667,-160.833,411.667,-156.333
1052,1731.29,327.0389,203.2433,588.1933,-1.41,2043,279.0,3,129.0,61.29,1530.333,-256.333,645.0,-249.0
1053,1238.36,339.3043,330.8867,373.4883,-0.74,1562,389.0,3,94.0,46.86,1131.0,-215.5,470.0,-194.0
1054,1093.4267,323.4455,302.6667,612.6783,-0.7767,1259,358.3,9,82.33333333333333,37.76,948.667,-155.0,411.667,-149.667
1055,1267.77,327.0307,261.03,577.6133,-0.91,1459,367.2,3,95.66666666666667,43.77,1098.333,-180.333,478.333,-172.333
1056,2086.29,377.1912,313.2267,548.4633,-1.41,2526,426.3,3,152.33333333333334,75.79,1882.0,-322.167,761.667,-311.0
1057,1374.1,280.5843,160.95,310.4033,-1.41,1553,211.5,3,103.33333333333333,46.6,1181.0,-186.167,516.667,-184.0
1058,2069.18,399.3101,310.18,673.4833,-2.0833,2339,401.7,3,158.33333333333334,70.18,1769.333,-285.0,791.667,-277.0
1059,1395.2667,354.6175,222.24,647.545,-1.85,1787,347.8,3,102.33333333333333,53.6,1297.333,-244.667,511.667,-222.667
1060,1648.8233,364.3626,213.015,651.3233,-1.41,1950,248.5,3,120.33333333333333,58.49,1467.667,-241.0,601.667,-238.0
1061,1382.8433,344.8061,224.16,679.085,-1.6833,1617,275.7,3,101.0,48.51,1222.333,-197.333,505.0,-195.667
1062,2260.3,309.2396,74.8583,574.9917,-0.41,2643,160.7,3,167.66666666666666,79.3,1990.0,-326.667,838.333,-320.667
1063,1652.7367,249.8713,41.215,602.225,-1.0067,2019,179.0,5,116.66666666666667,60.57,1514.0,-252.5,583.333,-252.667
1064,1355.27,293.7518,215.72,641.8467,-1.41,1526,291.5,3,101.0,45.77,1166.667,-179.5,505.0,-182.667
1065,2010.3733,421.4253,261.66,600.7483,-1.41,2185,370.8,3,156.66666666666666,65.54,1670.333,-257.167,783.333,-251.667
1066,1858.58,318.3913,192.9783,445.2833,-1.6233,2219,237.5,3,138.33333333333334,66.58,1654.667,-282.333,691.667,-272.0
1067,1888.5967,313.3777,197.9283,607.255,-1.6933,2198,228.2,4,138.66666666666666,65.93,1663.0,-267.333,693.333,-266.333
1068,1305.92,336.5137,218.9383,662.76,-1.41,1397,277.0,3,99.33333333333333,41.92,1084.667,-156.333,496.667,-161.0
1069,1026.7333,297.4339,129.985,664.9017,-1.41,1243,191.2,3,73.0,36.9,926.333,-151.833,365.0,-149.667
1070,1132.4133,294.0819,276.355,452.045,-0.41,1638,348.0,3,81.33333333333333,42.08,1039.333,-181.667,406.667,-174.0
1071,1105.0,286.4695,183.82,437.1933,-2.7567,1517,232.0,5,83.33333333333333,45.5,1063.667,-226.5,416.667,-194.333
1072,1479.8633,263.456,153.6567,419.9583,-1.41,1751,248.8,3,115.66666666666667,52.53,1288.333,-231.333,578.333,-208.0
1073,1246.4467,258.4103,63.3617,659.4933,-1.41,1443,171.8,3,89.33333333333333,43.28,1102.333,-170.167,446.667,-175.667
1074,1186.9833,338.7539,189.2417,665.55,-0.91,1372,335.5,3,87.66666666666667,41.15,1038.667,-166.5,438.333,-164.667
1075,1478.8633,289.7901,209.345,469.1983,-1.6333,1751,295.3,4,112.0,52.53,1303.0,-224.0,560.0,-212.667
1076,1580.5567,249.4829,196.345,425.7867,-1.41,1846,238.5,3,114.66666666666667,55.39,1398.667,-223.833,573.333,-223.0
1077,1131.1733,361.2149,293.96,555.7283,-1.41,1359,344.3,3,86.0,40.34,997.0,-173.833,430.0,-162.333
1078,1654.0033,344.5107,290.1133,466.8883,-0.91,1922,345.7,3,123.0,57.67,1451.667,-235.333,615.0,-235.0
1079,1129.82,357.0783,224.91,661.5283,-1.41,1444,345.0,3,78.66666666666667,43.32,1064.333,-189.833,393.333,-181.333
1080,1099.4767,287.6435,239.6017,468.4833,-2.0133,1327,309.3,3,82.33333333333333,39.81,980.333,-173.333,411.667,-159.0
1081,1308.2033,360.2145,283.9867,314.2483,0.5167,1562,344.0,5,92.66666666666667,46.87,1181.0,-190.667,463.333,-192.333
1082,1570.5867,312.8107,156.8567,557.3583,-0.91,1897,241.3,3,119.33333333333333,56.92,1398.0,-249.667,596.667,-231.333
1083,1099.08,217.4703,125.6067,391.9567,-1.41,1236,229.2,3,87.0,37.08,926.667,-154.667,435.0,-145.0
1084,1080.3567,326.8624,305.5383,422.3267,-1.41,1377,413.5,3,80.33333333333333,37.19,939.333,-150.167,401.667,-147.667
1085,1063.7433,322.7015,261.695,462.7567,-2.0367,1147,371.3,4,81.33333333333333,34.41,885.0,-131.0,406.667,-131.333
1086,1484.55,304.5824,245.43,414.36,0.4467,1768,300.5,9,110.0,53.05,1320.0,-224.167,550.0,-214.333
1087,1081.08,299.7266,221.1967,554.575,-1.4667,1301,330.2,3,83.0,37.58,936.333,-158.167,415.0,-149.667
1088,973.7767,280.3977,200.5683,478.4833,-1.41,1104,272.3,3,74.0,33.11,835.667,-134.0,370.0,-131.0
1089,1383.85,261.6515,84.8517,509.0533,-1.41,1712,205.8,3,100.66666666666667,51.35,1265.333,-223.167,503.333,-213.0
1090,1054.2567,263.7589,143.2717,548.6017,-1.41,1254,168.2,3,76.66666666666667,37.59,943.0,-155.0,383.333,-154.667
1091,1097.0633,324.8822,280.9183,503.1233,-1.41,1358,348.5,3,80.0,40.73,1002.333,-177.667,400.0,-168.333
1092,1390.43,247.2379,77.835,635.8333,-2.5067,1655,141.2,3,105.33333333333333,46.43,1179.667,-184.0,526.667,-178.333
1093,1272.9967,266.2756,100.4033,532.9383,-2.0933,1494,162.8,3,93.0,44.83,1126.0,-184.167,465.0,-178.667
1094,933.3533,243.792,207.9767,522.1133,-1.41,1151,242.5,3,65.33333333333333,34.52,861.667,-144.5,326.667,-145.0
1095,1080.5267,302.876,248.11,353.0517,-1.41,1377,289.0,3,75.0,40.36,1003.667,-170.833,375.0,-167.667
1096,1371.1933,254.9258,209.02,336.0617,-3.3,1595,247.2,13,99.0,47.86,1213.333,-191.0,495.0,-194.0
1097,1383.7333,351.8657,299.0533,475.45,-1.41,1697,406.8,3,98.0,50.9,1268.333,-214.167,490.0,-211.333
1098,1127.5133,429.0929,383.6283,674.7767,-1.41,1373,451.5,3,82.0,41.18,1022.667,-175.0,410.0,-171.333
1099,1173.3767,268.4448,220.6383,311.75,-0.91,1407,248.5,3,87.66666666666667,42.21,1045.333,-180.833,438.333,-171.667
1100,1587.1967,266.9791,173.2117,441.8367,-1.41,1918,254.8,3,114.0,57.53,1439.0,-239.333,570.0,-240.0
1101,1493.0333,324.8717,197.4917,480.0433,-1.41,1807,294.7,3,109.66666666666667,54.2,1342.333,-232.167,548.333,-219.667
1102,1252.0667,400.7259,274.7533,585.785,-1.41,1395,322.3,3,96.0,41.4,1054.0,-163.0,480.0,-160.333
1103,1450.0,245.6365,169.2367,488.6633,-3.4567,1717,242.7,3,107.33333333333333,51.5,1285.667,-215.5,536.667,-208.333
1104,1086.4267,248.8178,77.54,715.2933,-1.88,1309,149.7,3,80.33333333333333,39.26,974.333,-167.167,401.667,-161.667
1105,896.0233,200.2328,18.5167,523.285,-1.41,1040,57.0,3,67.0,31.19,783.333,-128.167,335.0,-125.333
1106,1017.7133,233.6419,22.42,451.8317,-1.41,1113,92.5,3,81.0,33.38,843.333,-134.667,405.0,-129.333
1107,1136.09,283.8125,209.7,362.3933,-1.41,1320,268.5,3,87.0,39.59,986.0,-166.833,435.0,-157.667
1108,1408.1967,354.5868,250.2767,648.4533,-0.91,1651,368.0,3,111.0,49.53,1215.667,-217.667,555.0,-194.333
1109,1477.64,360.3761,210.24,572.2117,-1.41,1709,309.3,3,114.33333333333333,50.14,1258.333,-206.5,571.667,-196.0
1110,1574.52,328.9664,209.5333,489.6317,-1.9833,1934,282.8,3,111.66666666666667,58.02,1443.667,-245.167,558.333,-240.333
1111,1507.2067,237.8861,45.2133,435.415,-1.41,1785,188.0,3,110.33333333333333,53.54,1340.667,-222.0,551.667,-216.667
1112,1565.3267,271.4994,73.7683,623.1467,-1.41,1789,168.8,3,115.0,53.66,1364.667,-212.0,575.0,-216.0
1113,1609.6767,237.5276,67.7967,615.0133,-1.41,1917,188.8,3,121.33333333333333,57.51,1422.0,-247.5,606.667,-229.0
1114,1252.5667,254.2262,199.1533,407.2783,-1.41,1447,285.0,3,94.66666666666667,43.4,1087.0,-179.833,473.333,-171.333
1115,1770.4167,338.4642,229.215,665.6133,-1.41,2225,271.3,3,121.0,66.75,1662.333,-281.333,605.0,-282.333
1116,2110.44,346.6559,232.5733,544.195,-1.41,2465,320.7,3,154.33333333333334,73.94,1865.0,-299.833,771.667,-300.333
1117,787.6033,236.8613,191.6233,262.44,-1.41,959,247.5,3,56.333333333333336,28.77,718.0,-120.5,281.667,-120.333
1118,1346.15,310.5657,234.925,395.6167,-0.74,1605,307.3,9,98.33333333333333,48.15,1203.0,-201.0,491.667,-195.667
1119,1522.3033,362.5128,295.3733,445.665,-1.41,1799,392.8,3,116.33333333333333,53.97,1336.333,-231.333,581.667,-218.333
1120,1414.1867,323.6841,271.73,567.5583,-1.41,1717,313.2,3,101.66666666666667,51.52,1282.667,-217.333,508.333,-211.0
1121,2911.4667,395.2626,227.74,532.7933,-2.0367,3343,316.3,3,221.0,100.3,2519.0,-412.167,1105.0,-400.667
1122,1708.7433,419.0297,259.0967,711.4767,-1.4667,2080,365.7,3,122.0,62.41,1556.333,-262.0,610.0,-258.0
1123,1496.5733,308.7213,179.2367,724.1667,-1.41,1791,228.2,3,108.0,53.74,1344.333,-223.5,540.0,-218.0
1124,1044.5967,321.8386,244.4133,574.8417,0.3433,1248,294.3,5,79.66666666666667,37.43,923.333,-162.167,398.333,-152.333
1125,1543.09,259.515,144.66,291.81,-0.91,1803,184.7,3,117.66666666666667,54.09,1345.667,-228.667,588.333,-216.333
1126,1492.21,285.8417,135.6133,476.985,-1.41,1790,258.7,3,105.33333333333333,53.71,1350.667,-219.833,526.667,-219.0
1127,758.91,183.8139,108.3383,293.68,-1.41,864,186.8,3,57.0,25.91,653.667,-105.0,285.0,-100.667
1128,1300.74,249.6017,120.855,515.9133,-0.91,1658,236.7,3,90.33333333333333,49.74,1226.0,-216.0,451.667,-210.667
1129,1076.6733,325.5399,227.98,641.2817,-1.88,1328,339.5,3,78.66666666666667,39.84,981.667,-173.167,393.333,-165.0
1130,1262.33,327.6873,154.2867,687.0333,-0.6633,1494,268.5,3,93.0,44.83,1120.0,-187.167,465.0,-180.333
1131,801.6767,259.9141,186.9983,481.2517,-1.41,959,276.8,3,58.666666666666664,28.01,707.667,-113.0,293.333,-114.333
1132,1231.2567,265.0639,89.7967,390.6967,-0.8867,1462,136.2,9,93.0,43.09,1074.667,-180.833,465.0,-170.667
1133,2901.7167,313.1025,206.33,364.1333,-3.06,3518,237.2,3,214.66666666666666,105.55,2609.333,-454.5,1073.333,-432.0
1134,1693.66,251.4873,194.5333,470.3817,-1.88,2122,262.2,4,122.0,63.66,1566.0,-278.0,610.0,-268.0
1135,1097.5533,242.0966,156.465,359.35,-1.55,1324,201.7,3,81.33333333333333,39.72,982.333,-170.833,406.667,-160.333
1136,1619.8467,378.9024,256.3867,458.1483,-1.41,1923,337.3,3,125.66666666666667,57.68,1419.0,-251.833,628.333,-233.333
1137,1628.97,338.5967,212.7833,501.1083,-4.5367,1899,308.2,3,124.66666666666667,56.97,1416.333,-241.333,623.333,-226.333
1138,1268.84,304.8769,242.7583,436.095,-0.91,1528,345.3,3,91.66666666666667,45.84,1145.333,-191.333,458.333,-189.333
1139,1681.6167,354.4127,213.365,544.9517,-1.41,1982,300.2,3,124.33333333333333,59.45,1488.0,-246.833,621.667,-240.667
1140,1203.56,351.8981,256.7167,453.4783,0.5667,1402,310.0,4,91.0,42.06,1052.333,-174.833,455.0,-171.0
1141,1199.6867,386.2854,361.5067,459.1,-0.91,1401,443.2,3,88.66666666666667,42.02,1055.333,-172.667,443.333,-168.333
1142,906.2567,205.6767,68.945,400.7283,-0.91,1086,135.8,3,64.33333333333333,32.59,819.0,-133.667,321.667,-133.333
1143,775.7667,256.5508,178.765,356.41,-1.41,937,278.5,3,55.333333333333336,28.1,704.667,-116.0,276.667,-117.667
1144,1887.54,372.1906,269.9183,671.9317,-0.91,2285,356.8,3,136.0,68.54,1709.333,-287.667,680.0,-282.667
1145,1822.5667,268.6137,158.4717,468.1633,-0.9833,2163,181.3,3,138.0,64.9,1606.667,-278.333,690.0,-260.667
1146,939.3767,289.7484,210.005,458.6867,-1.41,1057,284.5,3,73.0,31.71,796.333,-130.333,365.0,-123.333
1147,1021.8667,341.8765,273.6117,299.4033,-0.5067,1190,336.2,3,80.33333333333333,35.7,881.667,-154.167,401.667,-143.0
1148,2450.1367,401.1524,294.7217,641.2667,-1.88,2832,351.8,4,187.0,84.97,2125.333,-353.5,935.0,-341.667
1149,1086.2567,280.5938,218.2883,376.6683,-2.6633,1233,261.5,3,84.33333333333333,36.09,914.0,-144.5,421.667,-141.0
1150,1344.97,322.3893,218.0617,611.3183,-1.41,1682,356.2,3,100.0,50.47,1231.333,-225.5,500.0,-211.333
1151,1173.7233,281.4849,186.9117,302.4783,-2.0367,1296,292.0,3,88.66666666666667,38.89,993.333,-151.5,443.333,-150.333
1152,1219.1833,338.7977,347.9367,519.84,-1.41,1495,409.0,3,93.33333333333333,44.85,1091.0,-202.0,466.667,-181.333
1153,1051.9633,221.7923,130.0417,335.3233,-2.0067,1338,225.5,3,74.66666666666667,40.13,984.0,-176.833,373.333,-168.667
1154,1350.12,411.2609,294.0517,480.1967,-0.91,1564,379.5,3,96.66666666666667,46.62,1189.667,-182.167,483.333,-187.333
1155,1335.4667,418.0539,365.9167,670.9133,-1.3667,1577,460.5,7,97.66666666666667,47.3,1187.0,-194.833,488.333,-192.333
1156,1120.8133,266.4469,168.0067,514.655,-1.41,1316,241.2,3,80.66666666666667,39.48,998.0,-159.0,403.333,-161.0
1157,1012.9833,252.9272,192.825,557.4483,-2.55,1138,273.2,3,76.66666666666667,34.15,865.333,-136.5,383.333,-133.333
1158,977.8067,349.6461,296.1,583.2633,-1.41,1471,402.3,3,71.66666666666667,34.64,868.333,-143.167,358.333,-140.333
1159,1522.5,369.2331,306.1217,488.2817,0.9033,1767,363.7,6,115.0,53.0,1327.667,-219.5,575.0,-213.667
1160,1246.2333,265.3575,222.2433,505.9917,-1.41,1480,255.3,3,93.66666666666667,44.4,1101.0,-189.5,468.333,-178.0
1161,1284.6067,335.6795,249.2983,606.1133,-0.7767,1581,363.0,3,96.66666666666667,47.44,1159.0,-211.167,483.333,-194.0
1162,1713.42,299.2101,200.2483,464.49,-1.41,2081,282.2,3,126.0,62.42,1543.333,-268.667,630.0,-253.667
1163,970.15,272.2393,164.815,436.105,-1.41,1185,202.2,3,74.0,33.65,840.0,-140.833,370.0,-132.667
1164,1233.2033,319.7615,176.5267,737.515,-1.9033,1529,254.8,3,88.66666666666667,45.87,1133.667,-197.667,443.333,-192.0
1165,991.3133,223.6519,150.045,401.185,-0.29,1266,177.8,3,72.66666666666667,35.48,885.667,-148.5,363.333,-144.667
1166,1027.7733,256.1508,105.5883,509.9083,-1.8567,1331,205.5,3,72.66666666666667,39.94,973.0,-179.167,363.333,-169.333
1167,943.7667,220.5573,118.81,363.7567,-1.41,1220,222.7,3,67.0,36.6,891.0,-164.5,335.0,-154.333
1168,1926.05,345.308,172.5067,564.165,-2.4367,2285,240.3,3,138.66666666666666,68.55,1724.667,-280.167,693.333,-280.333
1169,1720.4533,302.9249,137.55,362.23,-1.6133,2121,233.0,3,120.0,63.62,1589.0,-265.833,600.0,-266.333
1170,1449.26,291.8045,221.9683,544.6133,-1.41,1709,298.0,3,112.33333333333333,51.26,1263.333,-222.667,561.667,-204.333
1171,1084.2067,320.4924,240.8617,613.9033,-1.27,1599,306.5,5,82.0,36.54,926.667,-145.667,410.0,-143.333
1172,1767.9833,333.8432,312.61,407.115,-0.91,2138,379.8,3,131.33333333333334,64.15,1584.0,-277.167,656.667,-259.667
1173,1278.6833,305.7369,104.2417,502.3183,-1.41,1495,221.7,3,95.0,44.85,1124.667,-185.167,475.0,-180.667
1174,1435.12,315.1228,185.95,503.375,-1.41,1721,364.7,3,110.33333333333333,51.62,1266.333,-227.167,551.667,-207.333
1175,1694.6267,267.2042,92.195,670.195,-1.41,1915,158.8,3,129.0,57.46,1450.333,-232.5,645.0,-225.667
1176,1371.99,237.1575,114.3567,443.6817,-1.41,1633,156.3,3,104.66666666666667,48.99,1210.333,-211.333,523.333,-199.333
1177,1141.1533,276.5634,195.6183,615.3283,-0.38,1361,304.0,3,90.0,40.82,996.0,-182.333,450.0,-163.333
1178,925.92,214.7725,105.735,401.6183,-3.2767,997,194.5,3,74.0,29.92,757.333,-120.0,370.0,-111.333
1179,926.5867,212.0767,56.6583,409.6333,0.8867,1231,131.2,7,66.33333333333333,36.92,887.333,-171.667,331.667,-157.667
1180,1408.04,319.1444,166.8167,597.4683,-2.0133,1718,196.7,3,101.0,51.54,1283.0,-217.5,505.0,-214.0
1181,1336.24,265.5111,61.2717,495.0983,-1.57,1525,133.7,6,105.66666666666667,45.74,1135.0,-194.833,528.333,-178.0
1182,1380.0433,283.9067,99.4483,504.3517,-1.41,1590,122.0,3,104.66666666666667,47.71,1197.0,-196.667,523.333,-191.333
1183,1409.5433,261.3629,99.6467,452.02,-1.41,1690,167.5,3,111.0,50.71,1235.333,-227.5,555.0,-204.0
1184,1543.3567,226.7283,92.1233,371.1,-1.41,1806,170.0,3,117.66666666666667,54.19,1347.333,-229.5,588.333,-217.0
1185,1218.0433,298.6925,179.1733,603.4567,-0.6633,1507,236.8,6,89.66666666666667,45.21,1109.333,-198.833,448.333,-186.0
1186,968.9,344.4125,347.61,506.7567,-3.91,1313,380.0,5,63.666666666666664,39.4,961.0,-176.167,318.333,-173.667
1187,1010.38,379.8004,389.91,455.2067,-2.5067,1196,458.2,3,74.33333333333333,35.88,897.667,-149.167,371.667,-145.667
1188,1284.1967,352.7907,342.7733,547.5133,-1.88,1384,399.0,3,99.0,41.53,1067.0,-158.667,495.0,-160.667
1189,1802.5933,279.5077,137.5117,382.2817,1.2033,2109,199.2,11,135.66666666666666,63.26,1578.0,-265.333,678.333,-251.667
1190,1378.6,263.1931,210.5467,496.46,-1.41,1587,303.5,3,103.33333333333333,47.6,1198.0,-194.333,516.667,-189.333
1191,1071.7233,266.3505,188.5817,371.775,-0.91,1380,224.8,3,75.0,41.39,1014.333,-182.667,375.0,-176.333
1192,1380.27,337.5521,237.0717,505.2867,-0.5133,1626,280.2,11,100.66666666666667,48.77,1227.333,-199.167,503.333,-200.0
1193,1636.98,238.2336,30.86,554.9017,-1.27,1949,105.8,8,122.66666666666667,58.48,1451.667,-248.833,613.333,-237.667
1194,2020.9833,376.9615,293.1533,455.295,-1.5367,2388,344.0,4,151.0,71.65,1784.333,-302.0,755.0,-288.0
1195,1077.55,290.1081,168.1483,541.5767,-3.3667,1285,239.2,3,79.0,38.55,961.667,-161.667,395.0,-156.0
1196,1789.8133,261.2738,155.1933,660.52,-2.2767,2133,256.3,3,129.66666666666666,63.98,1605.0,-263.833,648.333,-263.667
1197,1303.3767,287.1859,161.8133,564.2,-1.41,1557,200.5,3,90.66666666666667,46.71,1183.667,-186.667,453.333,-193.667
1198,2080.1767,278.8679,91.4783,541.6483,-1.41,2317,209.7,3,155.0,69.51,1778.333,-269.333,775.0,-273.333
1199,1499.1333,370.4073,230.5933,532.515,-1.41,1610,275.3,3,120.33333333333333,48.3,1223.667,-193.167,601.667,-181.333
1200,1142.85,351.8881,252.8483,471.72,-0.41,1345,305.5,3,87.66666666666667,40.35,998.0,-173.5,438.333,-160.333
