generation,best_score,mean_score,median_score,elite_median_score,worst_score,best_turns,median_turns,worst_turns,best_food_eaten,best_sc_survival,best_sc_towards,best_sc_against,best_sc_ate,best_sc_bomb
1,14.1733,2.9953,2.5983,7.1533,-2.1133,66,15.2,3,1.0,1.34,24.333,-10.167,5.0,-6.333
2,18.0167,4.8573,4.5017,4.7833,-2.0367,62,21.8,3,1.3333333333333333,1.85,32.667,-14.5,6.667,-8.667
3,33.58,7.0941,4.9217,4.9183,-1.41,70,21.8,3,2.3333333333333335,1.58,35.333,-8.667,11.667,-6.333
4,19.3367,6.0359,5.5367,5.54,-1.9867,76,21.2,3,1.0,1.17,25.333,-6.833,5.0,-5.333
5,20.9467,5.8687,4.5517,4.8867,-1.0667,80,21.8,3,1.3333333333333333,1.28,26.667,-8.0,6.667,-5.667
6,24.7767,8.1687,7.1,4.725,0.09,82,27.0,3,1.6666666666666667,1.11,25.667,-5.667,8.333,-4.667
7,52.67,8.4765,7.1467,5.56,-1.5367,68,21.2,4,5.333333333333333,1.17,31.333,-3.833,26.667,-2.667
8,23.4833,7.3799,5.3967,5.5783,-1.41,72,20.3,3,1.6666666666666667,1.65,32.0,-11.5,8.333,-7.0
9,32.3433,9.1545,7.0867,3.9317,0.24,73,24.5,8,2.6666666666666665,2.01,39.667,-13.667,13.333,-9.0
10,42.88,10.7086,7.8683,6.3233,-1.41,114,27.0,3,3.6666666666666665,1.88,40.667,-11.0,18.333,-7.0
11,32.62,8.0102,6.6383,4.7467,-1.41,87,21.8,3,2.3333333333333335,2.62,50.0,-18.667,11.667,-13.0
12,25.7533,9.2459,7.96,6.5917,-1.41,65,23.3,3,2.3333333333333335,1.42,28.667,-9.333,11.667,-6.667
13,50.8333,11.2347,9.97,5.5267,-3.4567,117,29.2,3,4.0,2.0,47.0,-9.833,20.0,-8.333
14,64.64,14.3643,10.1467,8.1883,-1.4533,155,23.8,3,4.0,4.64,93.333,-30.667,20.0,-22.667
15,39.4433,10.1561,7.3867,5.6233,-2.35,87,23.0,5,1.6666666666666667,2.61,56.667,-15.167,8.333,-13.0
16,72.1767,12.5262,9.8483,8.1283,-1.41,134,27.3,3,4.333333333333333,4.01,88.0,-22.833,21.667,-18.667
17,48.5867,11.8533,9.6267,6.44,0.71,97,24.2,7,4.333333333333333,2.92,57.333,-20.0,21.667,-13.333
18,81.0167,19.4172,10.7033,8.42,-0.9333,206,27.5,10,6.333333333333333,4.35,91.667,-26.667,31.667,-20.0
19,63.07,17.8957,11.945,7.7217,0.6533,236,34.5,9,5.0,7.07,123.667,-56.0,25.0,-36.667
20,113.57,22.8281,14.42,8.3817,0.7133,165,43.0,7,9.666666666666666,3.57,89.0,-15.0,48.333,-12.333
21,117.8,29.4101,24.7183,11.1917,1.34,253,59.5,6,9.333333333333334,6.3,131.667,-39.167,46.667,-27.667
22,198.6,33.2382,27.5217,15.2767,2.3633,287,62.7,7,13.666666666666666,8.6,201.333,-42.667,68.333,-37.0
23,242.77,39.1011,23.7583,8.1083,-0.49,376,54.3,12,19.0,11.27,248.0,-63.833,95.0,-47.667
24,163.2533,45.7825,28.465,7.31,1.23,281,61.3,8,12.0,6.92,161.333,-34.667,60.0,-30.333
25,225.0167,50.0889,31.1083,9.1583,-2.5833,362,65.8,7,17.666666666666668,10.85,236.667,-62.5,88.333,-48.333
26,383.4933,64.726,50.685,6.9617,-1.41,639,92.5,3,28.333333333333332,19.16,418.667,-110.0,141.667,-86.0
27,270.55,46.7544,28.7533,11.0033,0.79,435,65.5,7,19.333333333333332,13.05,290.667,-72.167,96.667,-57.667
28,259.85,50.4864,39.7017,15.075,3.4333,428,78.8,13,17.0,12.85,289.667,-69.333,85.0,-58.333
29,191.8833,52.0504,35.2983,9.0617,4.89,302,69.8,9,14.333333333333334,9.05,201.333,-50.167,71.667,-40.0
30,234.7367,60.7787,48.9533,13.0617,-0.5833,386,97.2,8,17.0,11.57,255.333,-65.167,85.0,-52.0
31,241.2733,70.9025,58.255,13.665,-1.3333,401,103.8,9,16.666666666666668,11.44,259.0,-61.167,83.333,-51.333
32,234.5467,73.7713,69.09,28.3083,-1.82,401,120.7,6,17.666666666666668,11.88,257.333,-69.333,88.333,-53.667
33,302.9133,65.9497,42.0633,15.6717,1.3533,503,76.8,7,19.666666666666668,15.08,340.333,-81.167,98.333,-69.667
34,264.6867,76.9636,63.59,33.4133,4.8,470,106.7,16,18.333333333333332,13.52,297.667,-76.5,91.667,-61.667
35,237.7667,60.1541,51.6917,30.96,1.58,353,94.7,12,16.666666666666668,10.6,245.0,-54.167,83.333,-47.0
36,175.1467,63.1453,58.0883,38.7217,2.4067,321,106.8,8,14.333333333333334,7.98,174.333,-45.833,71.667,-33.0
37,293.3367,63.8228,47.0533,21.2033,0.73,572,92.0,8,19.333333333333332,17.17,364.667,-103.833,96.667,-81.333
38,262.8333,59.2361,49.8317,40.8767,2.77,500,86.8,13,17.0,15.0,323.0,-88.5,85.0,-71.667
39,223.6367,70.7291,56.02,23.66,0.2133,404,92.0,10,16.0,11.97,257.667,-70.667,80.0,-55.333
40,285.0767,83.1081,67.7367,35.23,3.8167,464,111.0,22,22.333333333333332,13.91,302.0,-80.833,111.667,-61.667
41,301.4733,87.1715,64.655,74.9983,2.81,555,111.2,8,22.0,16.64,353.667,-100.5,110.0,-78.333
42,255.7067,72.9905,63.6683,77.3083,-1.74,485,117.5,9,16.0,14.54,315.0,-84.833,80.0,-69.0
43,264.1933,74.9156,68.0983,50.3283,5.4,479,117.2,13,19.666666666666668,14.36,305.667,-86.5,98.333,-67.667
44,184.6233,70.1217,63.0517,59.8917,4.77,393,107.5,9,12.333333333333334,11.79,242.667,-75.167,61.667,-56.333
45,217.8167,66.3149,52.795,53.4917,1.36,388,98.5,12,16.666666666666668,11.65,246.0,-71.167,83.333,-52.0
46,319.9267,82.1327,57.1367,58.8233,2.8633,575,102.2,16,24.333333333333332,17.26,365.333,-105.0,121.667,-79.333
47,248.3167,65.8597,50.2867,55.4867,0.83,422,99.0,11,19.0,12.65,273.0,-74.333,95.0,-58.0
48,261.9467,78.1828,66.7667,45.48,-0.74,501,116.0,8,17.666666666666668,13.28,295.333,-73.667,88.333,-61.333
49,269.6867,78.0413,59.9267,80.7583,4.3967,467,127.0,14,20.333333333333332,14.02,301.333,-83.0,101.667,-64.333
50,218.4133,70.3847,53.6167,73.9833,1.7133,475,110.2,11,15.666666666666666,11.08,243.333,-63.0,78.333,-51.333
51,253.43,75.5177,62.9917,90.32,-1.02,480,112.2,9,16.666666666666668,12.43,281.667,-66.333,83.333,-57.667
52,306.7033,76.4784,67.25,118.7567,-2.21,752,118.2,5,23.0,15.87,342.667,-93.167,115.0,-73.667
53,246.2033,68.8219,40.7133,132.7517,2.4967,446,81.0,11,17.666666666666668,13.37,286.667,-79.5,88.333,-62.667
54,250.7333,84.0217,75.45,80.46,1.86,463,149.5,12,17.0,13.9,299.0,-82.167,85.0,-65.0
55,283.65,84.6291,69.0783,86.0983,-0.35,488,128.3,5,18.0,14.65,328.333,-80.0,90.0,-69.333
56,193.1067,82.2707,75.5,77.4,1.3667,365,126.3,13,14.666666666666666,10.94,228.333,-68.167,73.333,-51.333
57,283.0567,85.5048,82.9983,100.09,-1.28,463,139.5,7,20.333333333333332,13.89,308.0,-77.5,101.667,-63.0
58,242.6333,79.1121,63.505,68.0,1.3867,393,102.7,7,15.333333333333334,11.8,270.333,-61.5,76.667,-54.667
59,310.4967,91.9404,83.6917,94.255,4.5067,537,158.3,11,20.0,15.33,348.0,-81.5,100.0,-71.333
60,328.0667,84.3437,64.3383,112.7217,2.4033,513,116.2,15,24.333333333333332,15.4,343.333,-85.0,121.667,-67.333
61,329.53,79.3041,63.4517,110.6283,-1.3333,568,111.5,17,22.333333333333332,17.03,375.333,-96.167,111.667,-78.333
62,328.86,64.759,53.4317,77.0383,-1.21,562,96.2,10,22.666666666666668,16.86,372.0,-95.0,113.333,-78.333
63,245.5533,56.4202,30.8933,96.3733,2.7533,441,64.0,8,17.333333333333332,13.22,285.333,-77.667,86.667,-62.0
64,211.1167,64.9633,53.8767,95.715,-3.2867,365,88.3,10,14.666666666666666,10.95,240.667,-62.167,73.333,-51.667
65,204.2,75.6201,71.9517,126.1233,2.4867,373,119.7,9,14.333333333333334,11.2,240.667,-66.333,71.667,-53.0
66,319.9033,79.0821,58.1533,80.2967,2.7067,569,104.2,16,20.666666666666668,17.07,376.0,-96.5,103.333,-80.0
67,264.2,75.1419,56.4533,66.225,0.65,423,107.8,5,20.333333333333332,12.7,278.333,-72.5,101.667,-56.0
68,238.1867,85.5299,89.8217,117.5,-0.82,399,158.2,6,16.666666666666668,11.52,258.0,-63.0,83.333,-51.667
69,271.5867,60.5921,46.4917,90.345,-1.4833,414,83.5,9,21.666666666666668,12.42,274.333,-69.833,108.333,-53.667
70,398.7033,73.8567,61.6817,77.0317,2.87,629,115.2,10,29.333333333333332,18.87,420.667,-104.167,146.667,-83.333
71,309.1367,80.7491,68.9983,78.4717,-0.71,557,109.5,9,22.333333333333332,14.47,327.0,-77.667,111.667,-66.333
72,375.2,88.4013,75.965,133.165,3.2433,607,125.2,11,24.666666666666668,18.2,414.0,-96.333,123.333,-84.0
73,319.6633,90.3043,85.67,85.495,0.24,628,150.2,5,19.666666666666668,18.83,405.333,-111.167,98.333,-91.667
74,315.8333,101.6231,90.17,122.2583,0.2367,550,158.8,13,22.333333333333332,16.5,358.667,-95.667,111.667,-75.333
75,243.3867,88.9387,77.7167,103.2517,-0.21,424,156.2,10,16.333333333333332,12.72,280.667,-71.667,81.667,-60.0
76,330.3233,70.6133,56.0583,95.4133,1.1033,483,106.3,9,27.0,14.49,322.667,-80.167,135.0,-61.667
77,291.5333,83.4353,69.9433,95.0633,2.5367,457,122.0,20,19.333333333333332,13.7,315.0,-70.833,96.667,-63.0
78,207.7033,82.2369,80.8017,86.9717,3.2067,362,122.8,15,16.666666666666668,10.87,228.667,-66.833,83.333,-48.333
79,403.8133,89.0161,85.1267,104.6733,1.3967,649,137.2,7,28.333333333333332,19.48,437.333,-106.0,141.667,-88.667
80,367.7,89.7635,82.7667,86.88,-0.8967,590,135.7,9,27.0,17.7,393.333,-98.333,135.0,-80.0
81,228.21,84.4298,68.19,102.3733,0.29,424,123.3,10,15.333333333333334,12.71,273.333,-75.167,76.667,-59.333
82,277.3833,80.241,68.395,97.1533,-3.0833,433,104.0,8,22.333333333333332,12.05,270.333,-65.667,111.667,-51.0
83,293.5333,102.0541,80.8567,141.4183,4.4733,490,134.7,8,19.333333333333332,14.7,329.667,-80.167,96.667,-67.333
84,377.73,105.0147,88.8117,162.7117,1.1733,624,145.3,17,27.0,18.73,415.0,-104.667,135.0,-86.333
85,286.5367,81.4884,60.0667,95.9367,-1.28,451,108.8,7,21.0,12.87,293.0,-68.0,105.0,-56.333
86,247.95,70.9389,61.6383,82.5667,-2.2867,365,113.3,12,19.333333333333332,10.95,246.333,-59.333,96.667,-46.667
87,215.3133,78.8638,67.685,78.6567,1.26,399,119.5,4,13.333333333333334,11.98,262.667,-68.333,66.667,-57.667
88,334.7067,79.9323,63.8967,81.3883,-0.8567,535,107.0,10,23.333333333333332,16.04,361.333,-86.667,116.667,-72.667
89,417.3767,95.1486,93.32,142.4333,-1.78,674,169.0,7,30.666666666666668,20.21,446.667,-113.5,153.333,-89.333
90,327.0633,87.0483,75.8967,114.1,1.0267,491,124.8,6,23.666666666666668,14.73,337.0,-77.0,118.333,-66.0
91,264.0133,82.6119,69.365,101.08,-1.71,456,134.5,9,19.333333333333332,13.68,296.667,-79.667,96.667,-63.333
92,389.42,77.0781,56.5167,76.1583,-0.38,614,99.7,4,28.333333333333332,18.42,412.0,-101.0,141.667,-81.667
93,264.6933,76.2119,64.015,80.7167,-0.4367,462,116.0,8,20.666666666666668,13.86,293.667,-84.167,103.333,-62.0
94,236.2233,67.6233,56.5817,73.69,-1.28,413,118.7,7,15.333333333333334,12.39,274.667,-69.167,76.667,-58.333
95,319.1167,81.4527,63.7017,99.1167,-1.28,598,119.7,7,21.0,17.95,387.333,-105.5,105.0,-85.667
96,213.4,82.1406,71.535,79.0783,2.4967,363,120.8,10,16.333333333333332,10.9,235.0,-64.167,81.667,-50.0
97,311.3,83.7649,59.3483,108.88,4.5433,460,108.5,19,25.333333333333332,13.8,307.0,-76.5,126.667,-59.667
98,323.7933,95.9138,83.91,98.5233,2.9067,465,145.5,8,24.333333333333332,13.96,321.0,-72.167,121.667,-60.667
99,265.3533,79.5571,67.1083,57.04,-1.1667,420,116.8,17,18.333333333333332,11.52,269.667,-57.167,91.667,-50.333
100,306.8267,79.7254,60.2517,99.7,2.5833,455,108.7,21,24.333333333333332,13.66,306.333,-74.5,121.667,-60.333
101,313.1067,90.1949,80.1333,109.63,3.37,498,136.3,11,22.666666666666668,14.94,334.333,-81.833,113.333,-67.667
102,308.8467,83.5939,78.0067,113.4733,-1.35,492,125.3,5,23.0,14.68,325.667,-81.833,115.0,-64.667
103,291.7333,77.0687,64.6,83.7767,4.1833,447,109.5,12,20.666666666666668,13.4,305.333,-70.667,103.333,-59.667
104,234.43,86.3732,74.26,88.7817,7.86,398,123.7,16,19.0,11.93,252.0,-72.833,95.0,-51.667
105,272.0767,84.6618,70.72,92.5117,3.9567,447,129.3,10,19.333333333333332,13.41,297.667,-74.667,96.667,-61.0
106,351.9367,71.2483,56.7883,89.7183,1.4167,592,98.5,8,25.333333333333332,17.77,389.333,-101.5,126.667,-80.333
107,241.12,85.3151,79.1617,81.9433,3.09,412,137.0,14,18.333333333333332,10.62,241.0,-56.5,91.667,-45.667
108,273.84,69.2584,57.7067,104.07,0.43,478,119.2,6,20.333333333333332,14.34,308.333,-84.833,101.667,-65.667
109,361.18,86.6442,78.4733,105.8917,2.8933,573,123.0,10,24.333333333333332,17.18,392.0,-90.333,121.667,-79.333
110,362.63,91.1403,81.7467,108.4683,-2.14,588,128.8,5,26.0,17.63,392.333,-97.667,130.0,-79.667
111,302.1,84.2199,62.7783,103.8517,-0.35,487,107.7,5,23.0,14.6,320.333,-83.167,115.0,-64.667
112,318.0833,94.2142,71.5717,89.285,2.6367,558,138.0,16,21.666666666666668,16.75,366.333,-96.0,108.333,-77.333
113,370.9133,90.9007,78.8717,107.0283,1.7933,586,130.5,10,26.666666666666668,17.58,394.667,-95.667,133.333,-79.0
114,226.02,79.8928,68.84,130.2333,-1.28,417,111.2,7,16.333333333333332,12.52,265.0,-76.167,81.667,-57.0
115,310.0533,83.8844,69.5733,109.2,-0.21,557,123.2,8,21.333333333333332,16.72,362.667,-97.333,106.667,-78.667
116,279.9267,92.3831,80.41,127.5567,3.2933,442,130.0,15,22.333333333333332,13.26,289.333,-76.333,111.667,-58.0
117,212.0433,68.1051,58.465,83.7383,1.4033,390,93.7,7,15.0,11.71,251.0,-69.667,75.0,-56.0
118,319.02,91.6075,79.01,91.5083,2.02,434,134.3,10,25.0,13.02,301.333,-66.333,125.0,-54.0
119,312.51,85.9476,71.9733,115.605,-0.7633,469,119.8,12,25.333333333333332,13.01,296.0,-68.833,126.667,-54.333
120,244.3433,68.1405,57.7517,94.8017,1.1133,384,92.5,7,19.333333333333332,11.51,252.0,-65.833,96.667,-50.0
121,289.2033,84.3692,72.7367,89.9333,0.9767,446,118.7,10,22.333333333333332,13.37,296.667,-74.5,111.667,-58.0
122,253.3867,75.6882,60.445,109.6967,-0.21,441,119.3,8,19.0,13.22,284.333,-78.167,95.0,-61.0
123,301.02,88.1531,53.5883,122.0333,2.2767,501,118.8,6,23.0,15.02,326.0,-87.333,115.0,-67.667
124,321.42,105.6075,102.5383,148.5483,-0.4067,514,166.8,9,26.0,15.42,334.0,-90.0,130.0,-68.0
125,359.2467,110.3003,111.095,105.5633,4.4867,619,176.3,9,24.666666666666668,18.58,409.333,-105.0,123.333,-87.0
126,337.98,120.1794,124.075,179.4367,2.4067,586,201.2,8,25.333333333333332,14.48,333.0,-74.833,126.667,-61.333
127,291.2533,88.4878,77.8867,101.3283,0.65,414,136.0,5,21.333333333333332,12.42,288.333,-62.833,106.667,-53.333
128,248.85,85.2741,72.47,91.5867,0.22,455,132.3,7,17.666666666666668,11.85,267.667,-63.667,88.333,-55.333
129,442.2,95.6867,63.5283,129.1667,3.91,723,124.3,14,30.333333333333332,21.7,485.0,-119.167,151.667,-97.0
130,348.1933,101.1658,83.7067,135.1083,0.22,538,148.2,6,26.333333333333332,15.86,355.333,-86.667,131.667,-68.0
131,289.76,97.7508,90.3983,102.025,3.21,475,134.0,7,23.333333333333332,14.26,306.333,-84.5,116.667,-63.0
132,348.3267,79.0656,55.8717,106.3217,-2.35,572,115.2,5,26.0,17.16,376.333,-97.833,130.0,-77.333
133,322.5467,85.6027,69.895,132.1633,1.9267,480,120.5,10,24.0,13.38,313.667,-66.167,120.0,-58.333
134,639.8433,97.9743,82.1233,122.0267,-1.16,1150,125.7,9,44.333333333333336,34.51,747.667,-201.333,221.667,-162.667
135,543.0667,109.2659,84.3117,95.8867,0.59,880,142.0,17,42.0,26.4,574.667,-152.667,210.0,-115.333
136,348.4733,128.0497,101.9517,98.5117,0.8067,555,178.2,14,27.333333333333332,16.64,364.333,-95.167,136.667,-74.0
137,312.08,110.7599,105.8683,109.43,-0.1,569,184.2,12,19.333333333333332,17.08,376.0,-96.667,96.667,-81.0
138,333.5867,101.2149,92.0633,123.21,0.79,547,145.3,6,24.0,16.42,363.0,-92.167,120.0,-73.667
139,342.0667,98.1906,89.7367,130.7333,-0.64,580,146.0,6,26.333333333333332,17.4,375.333,-102.333,131.667,-80.0
140,533.7533,94.1054,75.8333,70.7633,1.65,897,130.0,5,37.333333333333336,26.92,593.667,-151.833,186.667,-121.667
141,578.9267,107.6201,85.7583,102.4517,-2.28,892,135.7,6,41.0,26.76,608.333,-141.833,205.0,-119.333
142,369.5333,91.5275,68.3083,148.0167,0.7067,523,104.0,9,29.333333333333332,15.7,357.0,-83.167,146.667,-66.667
143,371.1933,105.5925,79.455,108.82,0.79,679,144.3,10,25.0,20.36,440.333,-119.167,125.0,-95.333
144,385.7167,87.496,70.3233,83.4133,-2.28,635,127.3,7,27.0,19.05,424.333,-105.333,135.0,-87.333
145,349.0733,86.8049,53.8667,128.26,-0.3267,608,114.2,11,24.666666666666668,18.24,397.0,-105.5,123.333,-84.0
146,400.9867,87.4,51.8783,104.2183,0.1033,594,112.3,9,29.666666666666668,17.82,407.0,-93.5,148.333,-78.667
147,492.8033,106.1732,64.4083,129.505,-3.69,849,116.0,7,35.0,25.47,557.0,-146.0,175.0,-118.667
148,255.2767,104.9123,103.7983,166.845,-0.21,404,181.3,10,17.666666666666668,12.11,274.0,-64.833,88.333,-54.333
149,276.3767,107.37,106.0967,92.7117,0.37,474,170.2,9,19.0,14.21,312.667,-80.5,95.0,-65.0
150,304.18,94.0589,72.6333,83.7133,3.02,523,125.3,6,21.333333333333332,15.68,343.0,-89.833,106.667,-71.333
151,336.9833,111.3789,100.6733,144.6733,0.6667,475,176.7,11,25.333333333333332,14.15,328.667,-71.5,126.667,-61.0
152,363.47,108.8522,92.9617,145.09,3.8167,566,157.2,16,26.333333333333332,16.97,382.667,-91.5,131.667,-76.333
153,457.6933,98.2971,69.45,136.9667,-0.0967,745,125.7,8,32.666666666666664,22.36,496.0,-124.667,163.333,-99.333
154,291.46,105.1437,96.2267,137.0983,1.6367,449,162.8,10,21.333333333333332,13.46,302.667,-73.0,106.667,-58.333
155,416.2867,103.4773,83.805,126.075,-0.24,671,141.0,9,29.0,20.12,451.667,-109.5,145.0,-91.0
156,291.3633,118.2501,111.6683,186.0867,1.0733,469,212.2,15,18.0,13.53,316.667,-67.167,90.0,-61.667
157,311.2533,87.9335,64.6767,161.5217,2.7767,464,131.7,9,23.333333333333332,13.92,315.333,-74.333,116.667,-60.333
158,290.3367,84.9211,79.1167,148.15,-3.6933,456,121.2,10,20.666666666666668,13.67,307.667,-74.0,103.333,-60.333
159,435.04,136.6817,130.3667,181.885,2.6767,785,225.8,12,31.333333333333332,23.54,503.667,-140.5,156.667,-108.333
160,461.0367,104.8431,88.4417,167.33,1.23,796,151.3,8,33.666666666666664,23.87,518.0,-138.833,168.333,-110.333
161,272.5367,103.9835,107.385,128.38,-2.35,462,187.8,5,22.333333333333332,13.87,293.667,-84.333,111.667,-62.333
162,359.4667,94.0354,86.74,178.4883,-1.67,627,154.2,9,24.333333333333332,18.8,412.667,-107.0,121.667,-86.667
163,315.5133,89.4821,64.97,146.1967,0.27,474,110.5,9,24.0,13.68,313.0,-71.5,120.0,-59.667
164,588.9933,133.2084,124.3917,150.0867,0.8067,1255,197.0,13,37.0,37.66,785.333,-235.0,185.0,-184.0
165,409.1533,116.6281,94.9617,160.0283,-1.35,811,159.7,5,26.0,24.32,517.667,-146.5,130.0,-116.333
166,297.0467,92.2463,81.1867,120.51,-1.85,523,132.7,5,20.666666666666668,13.88,315.0,-73.833,103.333,-61.333
167,421.8667,112.8081,81.3983,137.8817,1.26,840,146.8,9,27.333333333333332,25.2,534.0,-153.0,136.667,-121.0
168,337.6833,100.6865,85.68,189.0383,0.6667,562,149.8,17,24.0,16.85,372.0,-94.833,120.0,-76.333
169,242.9767,108.8278,106.2583,150.1033,2.6367,422,188.2,11,18.333333333333332,10.31,237.667,-53.0,91.667,-43.667
170,284.5667,90.6599,80.65,141.2333,-0.01,440,131.7,13,20.333333333333332,12.9,294.667,-67.667,101.667,-57.0
171,385.1733,112.0512,100.0517,104.345,-2.35,611,178.2,5,28.333333333333332,18.34,409.0,-101.167,141.667,-82.667
172,392.52,122.7111,109.98,212.2517,0.2367,651,183.2,8,28.0,19.52,432.0,-109.333,140.0,-89.667
173,449.9133,120.7421,113.63,113.63,-0.0133,753,173.3,8,31.333333333333332,22.58,500.0,-126.333,156.667,-103.0
174,471.4767,180.1329,146.6033,154.3783,-1.79,727,254.2,7,34.666666666666664,21.81,491.667,-117.667,173.333,-97.667
175,322.82,135.8197,134.8917,126.0833,7.4133,477,218.0,12,24.666666666666668,14.32,323.667,-76.833,123.333,-61.667
176,607.9167,128.2917,106.9983,211.69,1.2533,958,173.5,14,44.0,28.75,644.0,-157.167,220.0,-127.667
177,372.7333,89.9909,75.7017,158.665,-0.5733,613,121.0,10,26.333333333333332,18.4,408.667,-102.333,131.667,-83.667
178,292.5867,106.1216,117.525,185.7033,-2.21,447,162.3,10,23.0,13.42,297.0,-75.167,115.0,-57.667
179,357.1933,114.4278,113.815,135.0717,2.7933,579,196.8,12,25.0,17.36,388.333,-95.167,125.0,-78.333
180,374.9933,119.6845,105.2267,168.71,1.33,639,207.5,9,26.0,19.16,421.0,-108.833,130.0,-86.333
181,358.6867,118.0265,114.9617,134.0167,3.9067,517,186.2,8,28.333333333333332,15.52,351.0,-83.167,141.667,-66.333
182,437.0667,123.9153,108.94,141.57,-1.76,763,186.7,8,29.333333333333332,22.9,503.0,-130.167,146.667,-105.333
183,424.1533,115.7725,68.4467,136.7167,-0.71,644,119.3,6,31.333333333333332,19.32,437.667,-103.167,156.667,-86.333
184,535.4733,132.2323,111.5633,175.28,2.37,855,166.2,12,40.0,25.64,567.0,-143.833,200.0,-113.333
185,366.1833,99.8117,82.785,150.0533,-0.35,612,158.8,5,26.0,18.35,405.333,-103.167,130.0,-84.333
186,231.0067,90.9559,80.08,147.5067,-2.78,395,123.2,7,15.666666666666666,11.84,261.667,-66.5,78.333,-54.333
187,586.3533,123.0768,86.1,256.6367,1.9033,967,156.5,10,40.333333333333336,29.02,647.333,-160.0,201.667,-131.667
188,478.02,148.5831,125.6033,126.9433,2.2167,817,222.3,14,32.666666666666664,24.52,541.0,-138.167,163.333,-112.667
189,485.0633,127.8811,93.0017,137.3117,3.4333,824,161.2,13,33.666666666666664,24.73,545.667,-139.333,168.333,-114.333
190,346.0033,134.7568,131.5333,198.5883,-1.28,556,207.0,7,25.333333333333332,16.67,369.0,-93.333,126.667,-73.0
191,310.0133,110.4101,94.1717,137.16,-2.3333,489,165.2,9,23.666666666666668,14.68,324.667,-82.333,118.333,-65.333
192,408.5733,116.4606,83.595,165.5133,1.7233,626,143.2,10,29.0,18.74,425.667,-99.5,145.0,-81.333
193,380.7633,126.9109,109.7633,212.0033,2.9967,648,191.5,11,28.0,19.43,423.0,-112.333,140.0,-89.333
194,610.22,146.701,124.645,154.34,1.26,1041,220.8,9,41.333333333333336,31.22,690.667,-175.0,206.667,-143.333
195,428.8233,142.9965,122.685,133.4133,-1.35,700,186.2,5,33.333333333333336,20.99,456.0,-121.833,166.667,-93.0
196,390.62,100.6794,87.8083,122.04,1.76,637,154.3,8,27.333333333333332,19.12,427.667,-104.833,136.667,-88.0
197,391.3633,133.7285,104.3383,120.7933,-2.35,684,175.2,5,25.333333333333332,20.53,454.667,-114.833,126.667,-95.667
198,493.31,106.3651,84.255,134.6783,0.1167,844,130.8,6,36.333333333333336,25.31,550.333,-146.667,181.667,-117.333
199,491.1467,121.5253,100.23,195.6167,0.29,766,166.0,10,36.0,22.98,515.0,-125.5,180.0,-101.333
200,487.3733,130.6217,112.6617,190.525,0.76,785,176.5,9,34.666666666666664,23.54,526.333,-129.167,173.333,-106.667
201,856.78,126.1378,104.7733,220.6567,-1.76,1409,164.7,8,64.33333333333333,42.28,925.667,-241.833,321.667,-191.0
202,364.6833,109.5561,96.5283,127.9283,0.26,645,174.5,8,28.0,19.35,410.333,-117.333,140.0,-87.667
203,403.4567,116.0761,104.0533,109.3167,1.19,726,169.0,6,28.666666666666668,21.79,467.0,-129.667,143.333,-99.0
204,384.57,127.1591,108.2817,132.0567,0.5567,619,181.8,12,26.333333333333332,18.57,419.0,-100.0,131.667,-84.667
205,457.2067,137.7818,111.52,141.3283,1.12,685,187.7,8,32.666666666666664,20.54,471.333,-106.667,163.333,-91.333
206,504.9767,135.7953,109.85,104.83,1.2533,860,178.3,14,35.666666666666664,25.81,566.0,-147.167,178.333,-118.0
207,601.36,151.6081,129.7533,183.3017,2.2633,1029,226.0,24,42.0,30.86,678.333,-175.167,210.0,-142.667
208,546.3467,156.4365,115.62,174.4833,1.5733,873,196.2,20,40.666666666666664,26.18,579.667,-146.5,203.333,-116.333
209,610.0667,173.2265,147.63,240.7267,0.24,997,254.0,8,43.666666666666664,29.9,663.667,-166.5,218.333,-135.333
210,429.25,112.4941,97.4817,100.72,-1.35,692,182.3,5,27.666666666666668,20.75,474.0,-108.833,138.333,-95.0
211,388.7267,132.1162,96.2317,223.4033,0.3067,652,155.5,15,28.666666666666668,19.56,425.667,-113.167,143.333,-86.667
212,370.5667,121.4758,104.4967,104.4967,2.9867,645,181.0,11,26.333333333333332,17.9,400.0,-98.333,131.667,-80.667
213,292.3733,108.6983,89.215,131.1933,4.0267,508,157.2,10,20.333333333333332,14.04,316.667,-75.667,101.667,-64.333
214,254.07,94.0296,91.6117,128.725,-1.78,442,162.2,7,16.333333333333332,12.57,284.667,-67.167,81.667,-57.667
215,440.69,124.9287,93.8233,188.0367,-0.4267,688,154.5,8,30.0,20.19,464.667,-104.167,150.0,-90.0
216,441.9467,137.4462,118.035,215.9883,1.5333,704,205.5,7,30.666666666666668,20.78,472.333,-110.167,153.333,-94.333
217,465.1533,137.0606,113.0817,143.7117,-2.45,827,195.5,13,31.0,24.82,543.333,-142.0,155.0,-116.0
218,496.1367,118.0573,91.4217,161.8183,1.0967,816,167.5,13,35.666666666666664,24.47,541.667,-137.0,178.333,-111.333
219,502.71,131.8466,120.6,134.8383,2.8467,790,186.7,6,36.0,23.71,533.0,-128.667,180.0,-105.333
220,418.3833,101.5153,85.2217,134.9517,0.9,668,137.5,7,30.333333333333332,20.05,447.667,-110.333,151.667,-90.667
221,350.9667,130.6262,113.9433,165.85,1.15,563,204.8,5,28.0,16.8,366.333,-96.833,140.0,-75.333
222,338.49,116.9515,113.89,161.165,2.23,550,182.2,8,23.666666666666668,16.49,368.333,-90.667,118.333,-74.0
223,324.2967,103.6121,83.425,103.1633,0.29,503,148.3,10,23.333333333333332,13.63,321.0,-66.667,116.667,-60.333
224,395.9067,109.3303,86.7133,168.4533,2.21,658,168.8,7,26.666666666666668,19.74,441.0,-108.5,133.333,-89.667
225,353.7967,106.4472,104.35,183.0933,-2.35,654,167.2,5,27.333333333333332,19.63,409.333,-122.5,136.667,-89.333
226,318.59,101.0661,85.1433,146.8,0.0333,536,143.0,7,23.666666666666668,16.09,350.0,-93.167,118.333,-72.667
227,465.24,102.2901,70.035,131.2817,1.8,725,126.0,10,32.666666666666664,21.74,492.333,-116.167,163.333,-96.0
228,441.75,105.5352,85.585,136.7717,-0.2633,675,150.7,15,32.333333333333336,20.25,458.667,-108.167,161.667,-90.667
229,452.5367,141.003,98.0317,165.8267,-0.35,779,159.3,5,32.333333333333336,23.37,509.333,-134.833,161.667,-107.0
230,373.0133,139.3281,118.8117,191.9633,-2.35,656,203.0,5,26.333333333333332,19.68,428.0,-114.0,131.667,-92.333
231,306.9,114.3533,106.3,209.14,-1.26,553,183.2,8,24.0,14.4,316.333,-81.833,120.0,-62.0
232,436.92,116.9391,105.8083,143.9633,2.24,747,180.3,21,28.666666666666668,22.42,498.333,-124.5,143.333,-102.667
233,262.9767,98.818,94.5133,145.68,-1.68,427,164.3,11,21.333333333333332,12.81,276.667,-75.167,106.667,-58.0
234,401.8967,129.0983,113.2767,192.2033,-3.21,708,199.7,10,28.333333333333332,21.23,460.333,-123.667,141.667,-97.667
235,477.36,103.5917,58.2483,177.705,2.19,812,106.0,6,35.333333333333336,24.36,529.333,-141.333,176.667,-111.667
236,809.4133,124.7195,88.8517,167.1867,-0.17,1386,168.0,8,59.666666666666664,41.58,901.0,-242.5,298.333,-189.0
237,338.25,106.9356,106.295,133.17,-2.76,542,191.0,7,22.0,16.25,371.0,-85.333,110.0,-73.667
238,340.2933,120.7257,96.13,202.855,0.8867,616,147.5,7,22.333333333333332,16.96,382.0,-91.667,111.667,-78.667
239,539.14,128.9333,97.79,203.7133,-2.35,855,157.3,5,37.0,25.64,581.667,-136.5,185.0,-116.667
240,618.0067,101.4137,44.0183,145.2533,-0.2633,978,123.7,8,47.0,29.34,649.333,-164.333,235.0,-131.333
241,362.5933,112.5725,92.1933,171.0967,0.36,559,163.0,8,28.0,16.76,371.0,-93.833,140.0,-71.333
242,384.8833,131.5051,99.9533,145.2217,3.5533,652,161.7,7,28.666666666666668,19.55,425.667,-113.0,143.333,-90.667
243,436.4033,126.2558,119.6767,220.0683,0.4567,719,175.2,8,32.333333333333336,21.57,473.333,-122.833,161.667,-97.333
244,441.9033,134.3596,108.6983,201.7783,3.0633,686,184.8,8,31.666666666666668,20.57,465.667,-110.0,158.333,-92.667
245,582.5933,139.4703,123.4817,154.28,5.3267,959,212.0,7,40.666666666666664,28.76,641.0,-158.833,203.333,-131.667
246,449.39,127.7288,105.6333,184.7617,0.69,780,171.2,6,32.666666666666664,23.39,506.333,-136.667,163.333,-107.0
247,588.25,130.428,120.235,103.3583,2.7367,908,189.2,19,44.0,27.25,609.667,-149.333,220.0,-119.333
248,361.54,126.174,117.495,164.15,-0.8967,588,199.8,9,25.0,17.54,394.667,-95.0,125.0,-80.667
249,391.55,122.2775,106.235,154.6333,0.0333,668,177.0,7,28.333333333333332,20.05,437.333,-115.5,141.667,-92.0
250,459.5933,131.0797,111.2,240.3583,3.5133,792,195.5,7,33.333333333333336,23.76,515.667,-138.167,166.667,-108.333
251,300.6167,104.6993,99.1367,145.33,-0.7167,498,182.7,7,20.666666666666668,14.95,333.0,-82.667,103.333,-68.0
252,515.5567,128.211,109.6783,197.9983,2.5267,830,192.7,11,36.333333333333336,24.89,557.667,-136.0,181.667,-112.667
253,424.3967,111.8901,90.6133,170.5267,1.9867,774,157.2,11,28.666666666666668,23.23,502.667,-135.833,143.333,-109.0
254,312.83,117.8645,107.2917,161.5767,3.09,511,183.2,20,23.333333333333332,15.33,336.667,-87.167,116.667,-68.667
255,376.1733,111.8463,81.0267,133.7383,0.55,595,123.2,6,27.666666666666668,17.84,398.0,-98.333,138.333,-79.667
256,366.13,96.0154,68.4133,140.0383,-2.4367,604,122.5,7,26.666666666666668,18.13,399.0,-102.667,133.333,-81.667
257,354.0167,127.9523,111.47,177.565,0.9567,628,185.8,5,26.0,18.85,403.333,-112.5,130.0,-85.667
258,470.99,132.1452,109.9117,137.6417,-1.78,733,193.8,6,35.333333333333336,21.99,490.333,-121.333,176.667,-96.667
259,456.7367,131.2361,102.285,146.8233,3.29,802,178.3,10,33.666666666666664,24.07,517.667,-142.333,168.333,-111.0
260,494.6133,132.3427,111.3317,160.7833,-2.28,816,188.0,7,35.0,23.28,527.333,-124.333,175.0,-106.667
261,761.5767,155.5746,123.49,206.2817,4.6433,1364,195.5,10,52.333333333333336,40.91,887.667,-238.0,261.667,-190.667
262,524.7633,131.7731,119.4267,147.1717,1.8467,798,198.8,6,36.0,23.93,550.0,-123.833,180.0,-105.333
263,405.8567,119.6137,102.3967,149.41,2.3067,706,188.8,16,29.0,21.19,459.0,-123.667,145.0,-95.667
264,563.1867,139.4259,122.55,195.625,-0.45,951,198.0,7,40.666666666666664,28.52,624.667,-163.0,203.333,-130.333
265,551.3633,108.8799,91.2067,105.9883,3.2,868,152.0,12,37.666666666666664,26.03,593.0,-137.333,188.333,-118.667
266,372.99,110.9002,100.94,161.8733,-1.78,650,170.3,7,24.666666666666668,19.49,431.333,-109.167,123.333,-92.0
267,387.9633,108.5279,84.5417,176.5567,-1.71,610,169.8,10,26.333333333333332,18.13,414.667,-94.833,131.667,-81.667
268,516.84,123.9412,88.8817,110.7767,-3.14,811,161.0,6,39.666666666666664,24.34,537.667,-136.833,198.333,-106.667
269,524.2633,132.605,126.685,177.83,1.1033,848,209.7,9,39.666666666666664,25.43,558.667,-144.5,198.333,-113.667
270,405.1833,126.9928,111.03,129.6917,1.22,712,175.7,7,27.333333333333332,21.35,468.0,-121.833,136.667,-99.0
271,343.7633,126.3865,112.755,129.225,0.72,598,186.0,7,23.0,17.93,396.0,-100.833,115.0,-84.333
272,407.5433,146.1106,123.7083,132.71,3.6667,674,199.3,17,28.333333333333332,20.21,449.667,-112.0,141.667,-92.0
273,320.6833,120.4077,110.5817,187.48,-1.6933,494,172.2,9,25.0,14.35,322.333,-78.0,125.0,-63.0
274,489.9,112.3419,83.7167,142.275,0.88,863,142.5,19,32.666666666666664,25.9,568.667,-147.333,163.333,-120.667
275,443.9867,137.3481,120.4483,188.09,-2.35,677,203.2,5,35.333333333333336,20.32,450.0,-113.667,176.667,-89.333
276,439.7233,107.6615,81.8283,109.3667,1.2467,713,174.8,11,33.333333333333336,21.39,467.667,-122.667,166.667,-93.333
277,590.6233,116.7987,84.89,160.2767,-1.85,976,146.3,5,42.666666666666664,29.29,645.667,-165.333,213.333,-132.333
278,455.4567,106.1745,88.1533,187.6483,2.81,726,139.0,12,32.333333333333336,21.79,488.333,-119.0,161.667,-97.333
279,590.79,122.7621,81.6183,169.525,1.5633,1060,143.8,8,38.666666666666664,31.79,695.667,-182.0,193.333,-148.0
280,621.78,104.1595,80.65,140.395,1.9067,1076,138.5,8,44.333333333333336,32.28,703.0,-186.5,221.667,-148.667
281,350.9733,115.635,97.1333,158.4467,1.77,605,206.2,17,25.0,18.14,395.667,-104.5,125.0,-83.333
282,462.6167,130.722,112.1417,103.8433,1.5567,798,192.8,13,29.666666666666668,23.95,534.333,-132.0,148.333,-112.0
283,465.0367,125.0533,122.4417,185.51,1.19,779,182.0,6,32.666666666666664,23.37,517.0,-131.0,163.333,-107.667
284,441.31,121.6356,102.88,143.36,2.0667,710,184.2,13,30.333333333333332,21.31,480.333,-115.0,151.667,-97.0
285,347.46,130.1379,104.3567,133.4383,-1.28,574,161.3,7,27.0,15.46,348.667,-83.333,135.0,-68.333
286,421.1,128.4929,113.975,120.1283,3.2067,737,210.2,12,29.333333333333332,22.1,482.0,-127.333,146.667,-102.333
287,361.1533,115.0687,98.1417,141.8067,2.1367,611,177.2,5,24.0,18.32,409.0,-100.833,120.0,-85.333
288,454.25,119.7743,114.7717,142.2683,1.24,742,191.8,8,30.333333333333332,22.25,501.667,-120.0,151.667,-101.333
289,418.17,113.3148,98.78,165.0383,1.6367,672,156.7,8,32.0,20.17,442.333,-115.0,160.0,-89.333
290,376.3267,135.0553,103.2783,152.6367,3.13,663,170.8,4,24.666666666666668,19.66,434.667,-110.333,123.333,-91.0
291,490.8367,126.4145,108.15,175.7567,2.5733,756,171.5,11,35.666666666666664,22.67,512.0,-121.833,178.333,-100.333
292,571.9767,125.2933,112.4533,145.4867,1.23,944,187.8,8,38.0,28.31,637.0,-153.333,190.0,-130.0
293,391.56,95.1399,69.7317,161.8667,-2.71,602,147.8,10,31.0,18.06,398.333,-101.833,155.0,-78.0
294,493.6433,116.4621,91.79,164.8383,2.15,910,160.8,5,32.666666666666664,27.31,591.667,-159.333,163.333,-129.333
295,497.1,129.887,116.49,242.9133,1.7267,837,185.3,10,36.666666666666664,25.1,547.333,-144.667,183.333,-114.0
296,381.8267,104.1637,86.6667,167.5033,-0.78,722,147.2,7,25.0,21.66,466.333,-127.833,125.0,-103.333
297,343.9967,110.0635,91.4083,196.6,-0.67,544,156.3,9,23.666666666666668,16.33,371.0,-86.667,118.333,-75.0
298,362.0367,107.6817,95.1267,209.8917,-0.76,596,158.2,8,27.0,17.87,392.0,-101.833,135.0,-81.0
299,423.5433,124.9911,118.9967,208.01,-0.9667,774,192.2,5,26.0,23.21,512.333,-130.667,130.0,-111.333
300,662.3533,113.5767,95.4517,184.6817,-2.4833,1034,146.0,7,45.0,31.02,709.333,-162.333,225.0,-140.667
301,372.5833,104.9244,75.2117,280.3533,1.26,598,131.0,9,29.0,16.75,375.333,-91.5,145.0,-73.0
302,312.38,94.8465,64.0417,143.6017,-1.28,513,118.2,7,20.0,15.38,350.0,-81.333,100.0,-71.667
303,499.32,132.3122,104.0,162.2667,6.7167,811,174.7,15,38.333333333333336,24.32,532.0,-139.333,191.667,-109.333
304,324.34,97.0897,76.9067,115.015,-1.71,578,128.7,10,23.333333333333332,17.34,374.0,-102.0,116.667,-81.667
305,419.3667,133.5799,106.1867,135.6917,2.9733,704,182.2,10,30.666666666666668,20.7,455.333,-117.333,153.333,-92.667
306,587.83,151.3083,129.1667,198.855,4.02,978,209.8,17,44.0,29.33,641.333,-168.167,220.0,-134.667
307,391.8033,127.1471,121.74,171.365,5.9,666,197.0,14,27.0,19.97,440.0,-112.833,135.0,-90.333
308,357.6933,116.1165,122.9567,152.3833,-1.35,562,217.3,5,27.0,16.86,374.333,-93.833,135.0,-74.667
309,650.52,133.4885,121.4683,123.0283,4.2933,984,191.0,25,48.333333333333336,29.52,667.333,-158.333,241.667,-129.667
310,541.1533,138.0204,113.9483,95.555,3.44,894,185.3,14,36.333333333333336,26.82,602.0,-146.0,181.667,-123.333
311,406.2,134.1492,116.95,115.1817,-2.35,682,202.2,5,31.333333333333332,17.7,402.333,-93.833,156.667,-76.667
312,515.0067,155.107,143.9383,146.2733,4.1133,878,216.2,23,37.666666666666664,26.34,574.0,-152.0,188.333,-121.667
313,543.9267,150.8744,135.13,150.48,9.2833,992,211.0,15,38.666666666666664,29.76,637.0,-177.5,193.333,-138.667
314,484.13,153.579,122.525,156.555,9.2333,821,250.7,13,35.333333333333336,24.63,536.0,-142.5,176.667,-110.667
315,364.2333,116.3459,108.14,144.355,0.4467,580,178.8,9,23.666666666666668,17.4,397.667,-91.167,118.333,-78.0
316,455.2967,168.4336,165.3317,186.77,19.8133,721,256.3,33,29.666666666666668,21.63,496.333,-112.333,148.333,-98.667
317,366.85,162.3181,155.6583,224.2317,-1.3267,645,275.0,11,25.0,19.35,422.667,-111.167,125.0,-89.0
318,313.4033,112.8559,104.285,135.3817,-2.35,536,176.5,5,21.0,16.07,357.0,-89.333,105.0,-75.333
319,418.5767,132.5807,120.3183,140.4717,0.29,714,193.7,8,30.0,21.41,467.333,-123.167,150.0,-97.0
320,353.9167,139.6165,117.32,158.0233,4.0733,542,187.5,8,25.666666666666668,16.25,368.333,-86.667,128.333,-72.333
321,399.97,142.042,134.4967,202.625,2.4567,632,227.8,10,30.666666666666668,18.97,417.667,-107.333,153.333,-82.667
322,518.53,122.3579,76.0467,149.55,-1.0367,901,137.0,4,33.666666666666664,27.03,600.0,-150.5,168.333,-126.333
323,310.5667,115.1988,106.38,176.1,0.7933,469,205.8,10,23.333333333333332,12.9,301.333,-64.333,116.667,-56.0
324,442.3767,138.6157,132.24,145.9333,-1.41,774,218.5,3,32.0,23.21,502.0,-135.833,160.0,-107.0
325,437.45,132.7459,118.075,145.2333,2.3233,748,205.7,16,30.666666666666668,22.45,493.0,-127.667,153.333,-103.667
326,493.5133,140.8643,113.625,160.8067,6.9033,806,170.8,16,32.333333333333336,24.18,547.333,-129.333,161.667,-110.333
327,480.0667,148.737,121.5067,125.84,-1.42,863,217.7,13,30.666666666666668,25.9,569.0,-147.167,153.333,-121.0
328,384.1233,145.1895,141.035,189.6167,2.24,726,233.5,16,24.0,21.79,472.333,-127.0,120.0,-103.0
329,345.8,136.8295,121.6017,172.4917,5.71,610,206.2,30,26.666666666666668,18.3,387.0,-111.5,133.333,-81.333
330,381.8967,132.0893,93.51,154.3517,3.71,641,173.0,24,29.333333333333332,19.23,415.667,-112.667,146.667,-87.0
331,390.83,133.427,104.5283,185.4617,3.31,694,183.2,19,28.666666666666668,20.83,447.0,-123.667,143.333,-96.667
332,511.2533,134.4413,126.6483,117.0367,1.7067,997,203.8,14,32.0,29.92,642.667,-177.333,160.0,-144.0
333,356.3067,130.1062,101.725,105.51,1.5367,605,194.2,19,24.0,18.14,403.0,-100.833,120.0,-84.0
334,432.8533,146.9619,141.8033,206.5983,5.2933,851,249.5,15,29.333333333333332,25.52,538.0,-156.333,146.667,-121.0
335,380.61,130.0139,124.4533,150.9383,0.74,620,213.0,8,25.666666666666668,18.61,419.0,-100.667,128.333,-84.667
336,367.0967,105.064,90.2967,205.1917,0.22,614,150.2,7,27.333333333333332,18.43,402.333,-106.0,136.667,-84.333
337,566.26,145.8962,114.19,150.0433,4.5667,925,212.2,13,42.333333333333336,27.76,609.667,-157.833,211.667,-125.0
338,803.1367,136.1681,89.44,172.92,-2.35,1449,187.5,5,58.666666666666664,43.47,927.0,-261.0,293.333,-199.667
339,447.86,152.7192,148.5433,189.0733,0.7133,729,252.7,10,32.0,21.86,484.667,-122.0,160.0,-96.667
340,497.8033,112.8431,94.23,123.2133,0.2133,866,167.0,8,34.666666666666664,25.97,567.333,-149.167,173.333,-119.667
341,583.0233,145.6433,114.5917,135.22,1.9167,956,177.8,8,42.0,28.69,634.333,-161.0,210.0,-129.0
342,369.4167,109.6538,91.5817,126.1067,-1.2633,658,160.5,11,25.0,19.75,430.333,-114.0,125.0,-91.667
343,595.8367,144.0264,128.52,80.44,1.57,1039,217.3,19,40.666666666666664,31.17,683.0,-178.0,203.333,-143.667
344,386.6533,127.9749,105.1767,189.2433,2.8633,677,174.5,16,28.666666666666668,20.32,436.667,-120.333,143.333,-93.333
345,410.4233,108.9001,89.9017,123.95,0.72,670,156.5,7,29.666666666666668,20.09,444.333,-112.667,148.333,-89.667
346,374.1633,117.6907,106.5517,95.5283,-2.35,594,183.3,5,27.333333333333332,17.83,397.667,-98.333,136.667,-79.667
347,363.0233,119.8237,101.855,138.6383,5.2533,610,162.7,12,25.0,17.69,397.667,-96.0,125.0,-81.333
348,465.08,150.5292,107.2483,146.74,4.0733,753,185.5,8,35.333333333333336,22.58,495.0,-128.833,176.667,-100.333
349,430.5633,139.4053,121.6017,134.235,6.34,729,191.7,11,29.333333333333332,21.23,475.667,-116.0,146.667,-97.0
350,337.1033,160.8937,142.2517,158.0067,5.0833,576,269.3,25,25.666666666666668,17.27,372.0,-101.833,128.333,-78.667
351,467.9333,139.4895,123.7267,115.1333,2.3,753,204.8,16,34.333333333333336,22.6,500.667,-126.333,171.667,-100.667
352,338.51,129.0114,124.735,142.9583,5.0967,543,207.0,14,23.0,15.51,357.0,-80.0,115.0,-69.0
353,433.08,129.9154,106.57,123.8433,-2.35,738,187.5,5,29.0,22.08,490.667,-122.667,145.0,-102.0
354,472.6,145.3029,130.5467,189.9433,-0.71,770,212.3,10,31.333333333333332,23.1,522.333,-123.833,156.667,-105.667
355,378.8833,145.0199,143.6083,157.7283,7.8667,652,242.5,18,23.666666666666668,19.55,439.0,-106.333,118.333,-91.667
356,631.21,163.0319,135.4367,189.5183,4.88,1090,255.7,15,45.333333333333336,32.71,711.333,-189.5,226.667,-150.0
357,404.1433,134.3297,122.87,139.345,4.5367,610,187.8,18,31.0,18.31,410.667,-99.833,155.0,-80.0
358,386.4567,118.8899,105.72,118.8567,-1.21,626,178.2,10,30.333333333333332,18.79,407.667,-109.333,151.667,-82.333
359,771.9333,170.6251,137.2167,197.8583,4.3233,1287,243.2,16,54.333333333333336,38.6,854.667,-216.0,271.667,-177.0
360,352.63,145.0552,154.895,158.6483,4.7433,571,235.3,14,25.666666666666668,17.13,380.0,-95.5,128.333,-77.333
361,505.5633,153.1924,135.4083,166.22,-1.9667,774,231.8,7,37.333333333333336,23.23,524.333,-125.0,186.667,-103.667
362,855.1767,153.3663,104.875,217.0683,-1.35,1467,182.3,5,59.0,44.01,968.667,-249.167,295.0,-203.333
363,457.44,142.3998,98.625,148.3233,3.23,798,171.5,14,31.333333333333332,23.94,523.667,-137.167,156.667,-109.667
364,602.8233,136.5249,122.4283,110.805,1.04,1000,211.3,16,44.333333333333336,29.99,656.667,-171.5,221.667,-134.0
365,474.5667,143.2951,120.025,134.83,3.2467,830,210.7,14,34.333333333333336,24.9,538.0,-146.0,171.667,-114.0
366,455.6633,158.5625,145.8817,179.1467,2.62,844,234.2,10,31.0,24.33,529.667,-140.667,155.0,-112.667
367,603.1367,141.5069,117.6467,219.1067,-1.35,1032,202.3,5,40.666666666666664,30.97,686.0,-173.167,203.333,-144.0
368,366.5133,121.787,89.5417,134.0583,1.7833,623,158.2,11,27.0,18.68,405.667,-108.5,135.0,-84.333
369,608.1167,134.2284,125.8767,169.3817,3.4967,965,213.5,11,46.0,28.95,640.0,-162.5,230.0,-128.333
370,308.5433,120.0115,114.1533,124.39,2.2533,474,196.3,14,23.333333333333332,14.21,318.333,-77.667,116.667,-63.0
371,434.6833,139.1957,119.3117,213.1117,0.76,745,195.3,6,30.0,22.35,491.667,-126.667,150.0,-102.667
372,453.68,124.2717,112.2967,151.4183,-1.35,756,183.7,5,35.0,22.68,490.0,-133.0,175.0,-101.0
373,394.69,134.1685,129.8567,154.3517,4.59,690,199.8,11,26.666666666666668,20.69,455.667,-117.0,133.333,-98.0
374,503.9067,165.2681,150.2617,179.365,-1.1033,789,238.0,25,37.666666666666664,22.24,508.0,-116.667,188.333,-98.0
375,751.17,170.2509,146.19,230.705,-1.35,1272,245.8,5,55.333333333333336,38.17,831.0,-220.667,276.667,-174.0
376,484.67,123.8131,97.71,166.06,5.1467,732,166.0,13,35.0,21.67,497.0,-112.667,175.0,-96.333
377,452.1767,140.535,113.1967,140.4967,19.0233,765,191.8,45,31.0,21.51,487.667,-114.667,155.0,-97.333
378,446.5133,141.6293,116.8283,146.7067,4.1367,805,191.2,12,32.333333333333336,20.18,460.667,-106.0,161.667,-90.0
379,427.53,143.9942,112.7117,208.0217,4.4267,734,175.8,9,33.666666666666664,22.03,468.667,-132.833,168.333,-98.667
380,303.2933,101.0545,90.3317,152.8233,-1.67,515,160.3,11,21.666666666666668,15.46,339.0,-88.167,108.333,-71.333
381,523.34,143.7645,111.09,219.6167,-0.26,911,187.0,8,38.333333333333336,27.34,591.333,-160.0,191.667,-127.0
382,522.2433,153.3631,140.76,195.3683,2.45,847,214.0,15,39.0,25.41,560.667,-143.167,195.0,-115.667
383,420.9267,136.9777,123.4817,143.8083,-1.21,659,208.3,10,32.333333333333336,19.76,437.667,-110.5,161.667,-87.667
384,388.3433,123.0633,99.71,104.795,4.4133,684,168.7,21,27.333333333333332,20.51,444.667,-119.5,136.667,-94.0
385,452.78,120.7187,106.64,150.0,-0.17,726,193.2,11,29.666666666666668,21.78,497.333,-114.333,148.333,-100.333
386,348.3867,119.1228,98.8533,174.6267,-3.76,574,182.2,8,26.333333333333332,17.22,376.333,-98.833,131.667,-78.0
387,526.5733,135.0081,122.335,185.3017,1.5333,825,192.8,7,35.666666666666664,24.74,565.0,-129.833,178.333,-111.667
388,439.7633,144.9285,136.325,224.1217,1.3867,731,235.7,7,31.333333333333332,21.93,484.0,-123.5,156.667,-99.333
389,685.94,154.0743,122.6567,202.0583,0.4867,1115,199.5,11,50.666666666666664,33.44,737.667,-188.5,253.333,-150.0
390,308.8367,124.5904,117.155,169.1533,8.3767,489,196.2,14,22.666666666666668,14.17,319.0,-76.667,113.333,-61.0
391,364.4767,103.123,89.8717,131.6217,-3.3767,577,152.3,7,26.666666666666668,17.31,386.0,-95.5,133.333,-76.667
392,447.5533,149.9339,142.37,193.67,1.7233,691,237.3,8,34.333333333333336,20.72,461.667,-114.5,171.667,-92.0
393,292.8433,116.0059,113.22,147.0133,-0.4667,489,177.2,7,21.666666666666668,14.01,311.333,-77.833,108.333,-63.0
394,427.8033,116.77,98.7683,161.815,5.7233,682,161.3,11,31.666666666666668,20.47,454.333,-114.0,158.333,-91.333
395,507.49,154.9861,131.91,131.5767,3.6767,900,230.5,12,32.666666666666664,26.99,596.0,-151.833,163.333,-127.0
396,499.1333,147.1757,122.2783,181.445,1.9167,878,202.0,8,34.666666666666664,22.8,522.667,-118.667,173.333,-101.0
397,720.6267,126.9729,81.4483,267.2733,-1.7933,1199,140.2,8,53.0,35.96,788.0,-205.333,265.0,-163.0
398,561.65,111.9585,101.1233,142.8567,1.0333,972,156.8,7,38.666666666666664,29.15,638.667,-166.5,193.333,-133.0
399,575.1567,136.809,83.1683,189.0533,4.8,950,158.3,10,41.0,28.49,631.0,-159.333,205.0,-130.0
400,420.26,132.7567,119.3683,159.1367,-2.21,642,197.5,7,30.666666666666668,18.26,422.0,-93.333,153.333,-80.0
401,375.66,148.1737,123.8483,168.21,0.7533,639,208.8,14,25.666666666666668,19.16,423.667,-107.5,128.333,-88.0
402,527.8967,120.1083,93.24,171.245,-0.78,841,170.0,7,39.666666666666664,25.23,559.0,-141.0,198.333,-113.667
403,460.8533,169.8354,157.6233,189.4517,3.0733,817,275.7,8,32.333333333333336,24.52,531.333,-143.0,161.667,-113.667
404,511.1767,174.1081,145.6617,179.4767,3.9733,850,236.8,21,37.666666666666664,25.51,557.667,-146.333,188.333,-114.0
405,416.9133,150.1485,127.545,209.1033,-5.1,736,209.5,11,28.666666666666668,22.08,481.667,-127.167,143.333,-103.0
406,400.2533,127.7966,113.0083,142.1467,4.41,614,191.8,14,29.0,18.42,417.0,-98.5,145.0,-81.667
407,370.79,149.527,160.0567,202.43,-0.71,610,263.0,10,27.0,18.29,404.667,-102.5,135.0,-84.667
408,450.4967,143.8437,131.05,196.7333,2.0833,844,229.7,17,30.666666666666668,25.33,542.667,-150.833,153.333,-120.0
409,365.56,133.5289,136.7817,187.03,-1.35,619,229.5,5,24.666666666666668,18.56,412.667,-103.0,123.333,-86.0
410,335.1567,144.4267,124.755,148.0333,-1.78,590,212.8,7,27.333333333333332,15.49,338.333,-89.0,136.667,-66.333
411,467.2633,138.7557,132.125,149.2717,-0.28,764,217.7,7,31.333333333333332,22.93,517.667,-123.333,156.667,-106.667
412,355.1633,125.5999,115.15,162.03,-1.28,578,216.5,7,28.0,17.33,375.333,-101.167,140.0,-76.333
413,343.2433,117.0527,108.41,155.6,-2.35,581,203.0,5,27.0,15.41,344.667,-84.5,135.0,-67.333
414,328.3833,108.1395,92.5317,142.5,2.6767,568,164.5,15,23.666666666666668,17.05,370.333,-99.0,118.333,-78.333
415,556.7167,122.0135,105.7333,162.7467,1.5967,852,172.5,9,40.0,25.55,580.667,-135.5,200.0,-114.0
416,400.1167,121.7917,105.1133,170.9517,3.7333,665,180.5,13,29.666666666666668,19.95,437.333,-113.833,148.333,-91.667
417,323.1867,108.2027,98.1267,157.2583,3.0633,567,165.8,8,23.0,17.02,368.333,-99.5,115.0,-77.667
418,468.03,135.434,115.5367,169.3917,-2.35,751,191.0,5,31.666666666666668,22.53,511.333,-119.833,158.333,-104.333
419,823.8533,161.1786,137.705,179.3917,8.8433,1384,223.5,33,61.0,41.52,906.0,-239.0,305.0,-189.667
420,511.5367,174.6142,148.2683,187.6,0.0633,846,263.3,8,36.666666666666664,25.37,559.333,-143.167,183.333,-113.333
421,429.4967,141.8059,121.7417,190.855,-0.79,698,217.2,7,30.333333333333332,19.83,451.667,-104.667,151.667,-89.0
422,506.1033,159.4081,163.1683,175.6117,1.15,842,263.8,14,37.333333333333336,25.27,553.333,-144.5,186.667,-114.667
423,510.3867,110.4033,65.41,208.3883,-15.6633,807,129.2,7,38.0,24.22,539.667,-133.833,190.0,-109.667
424,497.75,150.4521,142.5867,135.4517,5.63,792,230.7,12,37.333333333333336,23.75,525.667,-133.0,186.667,-105.333
425,485.5833,165.3832,154.7583,221.36,0.9967,808,244.2,11,33.333333333333336,24.25,540.333,-134.0,166.667,-111.667
426,439.2433,147.1239,136.6383,157.6517,2.8567,749,213.2,6,31.666666666666668,21.91,481.0,-124.667,158.333,-97.333
427,875.7467,158.8196,112.2717,206.6467,-1.85,1386,177.8,5,63.333333333333336,41.58,933.0,-226.5,316.667,-189.0
428,453.6567,130.4813,104.725,171.04,0.5967,782,179.5,10,34.333333333333336,22.49,491.333,-129.167,171.667,-102.667
429,415.57,123.7167,105.1483,201.0783,0.2767,702,201.8,13,29.666666666666668,21.07,462.0,-120.167,148.333,-95.667
430,512.1167,151.4095,120.8283,167.355,0.29,917,204.8,10,37.666666666666664,25.45,557.667,-145.333,188.333,-114.0
431,475.4067,173.9964,163.3967,211.2,-0.26,791,257.5,8,34.333333333333336,23.74,522.0,-134.667,171.667,-107.333
432,505.2567,149.2722,105.1617,104.05,5.0433,820,203.5,17,40.0,24.59,533.667,-143.0,200.0,-110.0
433,533.0933,141.1865,109.01,133.8217,1.41,942,209.5,11,38.0,28.26,610.333,-165.833,190.0,-129.667
434,559.8733,159.895,144.1467,113.7617,3.5267,868,244.8,12,43.666666666666664,26.04,577.0,-145.5,218.333,-116.0
435,464.2533,149.625,138.8767,189.2683,5.1233,731,230.7,14,35.0,21.92,486.0,-122.333,175.0,-96.333
436,532.1433,163.9909,155.92,252.1433,1.1733,910,255.3,11,35.0,27.31,607.333,-151.5,175.0,-126.0
437,469.3333,183.4591,155.825,241.905,-0.9033,850,260.8,14,32.333333333333336,25.5,549.667,-150.167,161.667,-117.333
438,466.6367,159.8903,132.5667,207.3667,0.58,755,221.0,14,34.666666666666664,20.47,468.667,-106.833,173.333,-89.0
439,545.56,167.4511,147.5117,181.17,6.1467,902,241.2,16,40.333333333333336,27.06,592.333,-154.833,201.667,-120.667
440,693.2,155.0908,131.9683,173.2417,4.7233,1090,228.8,30,52.333333333333336,32.7,727.0,-181.5,261.667,-146.667
441,433.0867,164.6356,155.3917,244.2833,8.3433,697,260.5,25,30.333333333333332,20.92,469.667,-113.833,151.667,-95.333
442,432.3967,165.1453,154.7833,195.455,3.5667,724,249.0,12,30.333333333333332,21.73,481.0,-121.667,151.667,-100.333
443,588.7433,141.1634,113.8817,139.8167,3.5833,1047,208.8,9,44.0,31.41,669.667,-188.667,220.0,-143.667
444,512.0133,153.4671,130.1683,219.16,2.52,889,221.0,7,39.0,26.68,572.0,-158.667,195.0,-123.0
445,391.4633,159.0244,142.33,166.2683,8.67,630,258.3,15,30.333333333333332,17.63,396.0,-95.833,151.667,-78.0
446,413.6967,151.1519,141.635,176.8633,1.3933,784,231.0,8,28.666666666666668,23.53,499.333,-142.5,143.333,-110.0
447,660.1633,159.5199,141.09,150.4067,3.09,1028,225.2,18,50.0,30.83,687.0,-170.333,250.0,-137.333
448,384.7367,146.0537,126.07,192.2733,2.22,636,210.8,7,29.666666666666668,19.07,413.0,-111.333,148.333,-84.333
449,470.05,162.059,129.5233,238.01,3.9967,802,212.0,28,34.0,24.05,523.667,-139.0,170.0,-108.667
450,628.13,171.9115,148.0783,250.15,2.4367,1004,241.5,16,46.333333333333336,30.13,668.333,-168.0,231.667,-134.0
451,440.41,139.5456,114.2517,162.69,2.5267,747,194.5,12,29.333333333333332,22.41,500.333,-123.333,146.667,-105.667
452,549.5233,180.4779,156.6717,186.56,2.88,923,257.5,23,41.666666666666664,27.69,600.667,-161.167,208.333,-126.0
453,483.25,154.6071,160.275,248.2117,-2.29,792,250.0,7,33.666666666666664,23.75,529.333,-131.167,168.333,-107.0
454,609.2467,195.0938,154.3217,345.8583,2.0967,1053,261.5,9,42.666666666666664,31.58,690.0,-181.333,213.333,-144.333
455,563.2,150.8495,132.785,180.1267,-2.21,907,226.3,10,37.333333333333336,27.2,616.667,-145.0,186.667,-122.333
456,498.5833,167.6971,127.185,218.1633,1.0733,846,226.5,8,35.333333333333336,23.75,534.0,-128.833,176.667,-107.0
457,604.67,155.8007,113.2067,140.6317,-2.35,1006,196.8,5,45.0,30.17,658.667,-173.5,225.0,-135.667
458,480.9033,173.7869,145.5867,160.175,12.0133,869,246.8,33,34.333333333333336,26.07,558.0,-155.5,171.667,-119.333
459,384.8767,155.1511,152.98,153.3133,1.35,674,266.8,12,26.0,20.21,443.667,-115.0,130.0,-94.0
460,545.1733,144.8455,130.6067,162.7833,9.4233,978,224.0,23,36.333333333333336,29.34,639.667,-169.167,181.667,-136.333
461,441.1467,161.6155,139.2233,272.4617,1.26,766,243.2,9,33.0,22.98,494.333,-135.833,165.0,-105.333
462,634.39,172.0444,168.4033,190.4617,2.4733,1013,286.0,7,45.666666666666664,30.39,679.0,-167.0,228.333,-136.333
463,632.8433,162.8151,140.3617,150.75,2.7233,1084,235.8,13,44.333333333333336,32.51,713.0,-185.333,221.667,-149.0
464,479.7833,179.3477,157.5467,162.1233,3.4733,748,261.8,14,31.333333333333332,22.45,518.333,-115.0,156.667,-102.667
465,768.6867,147.5341,121.8083,203.1233,-1.78,1267,215.8,7,57.333333333333336,38.02,834.0,-216.667,286.667,-173.333
466,424.7033,150.204,136.8667,201.9017,4.5367,746,226.2,13,30.0,22.37,485.0,-130.333,150.0,-102.333
467,713.9033,176.1463,154.2633,183.135,6.1233,1236,256.5,26,50.333333333333336,37.07,809.333,-213.167,251.667,-171.0
468,444.95,151.7908,151.2583,218.9233,3.5933,698,251.2,14,31.666666666666668,20.95,471.667,-113.333,158.333,-92.667
469,428.61,141.1081,110.58,157.9867,-2.21,737,195.7,9,32.333333333333336,22.11,476.0,-130.5,161.667,-100.667
470,435.8133,168.1407,149.465,176.245,-2.35,675,265.0,5,32.666666666666664,19.98,448.333,-108.833,163.333,-87.0
471,544.0033,151.4445,128.9817,153.135,5.1833,839,221.8,12,43.666666666666664,25.17,553.333,-142.833,218.333,-110.0
472,380.4267,166.4135,174.2017,189.0933,-2.35,692,293.3,5,28.333333333333332,20.76,440.0,-126.0,141.667,-96.0
473,333.6467,121.5715,93.1617,138.8633,4.5667,566,174.7,13,23.666666666666668,16.98,372.0,-97.0,118.333,-76.667
474,427.9367,169.4403,164.2617,201.445,3.2367,826,265.3,16,30.333333333333332,24.77,520.0,-152.833,151.667,-115.667
475,561.4333,173.8765,161.3967,203.0867,0.1033,903,258.7,9,38.333333333333336,27.1,611.333,-146.0,191.667,-122.667
476,394.9367,144.4323,115.0333,185.865,2.8667,664,206.7,18,28.666666666666668,19.77,434.0,-112.5,143.333,-89.667
477,564.8,168.3589,147.4467,137.2267,3.7,910,262.3,18,41.666666666666664,27.3,604.333,-152.833,208.333,-122.333
478,546.8767,193.9752,176.4633,160.585,6.5733,974,295.2,25,37.0,29.21,637.0,-168.333,185.0,-136.0
479,544.5367,183.0412,147.5117,142.6667,-1.3333,996,226.2,17,37.0,29.87,645.667,-175.0,185.0,-141.0
480,466.6567,173.9009,175.3567,221.1333,1.69,715,308.0,6,35.333333333333336,20.49,466.667,-108.167,176.667,-89.0
481,468.0133,148.9511,146.0667,174.7283,-1.26,823,238.3,8,32.333333333333336,24.68,536.667,-143.0,161.667,-112.0
482,428.1467,127.8108,100.0617,103.3483,-2.28,739,184.7,7,32.666666666666664,20.48,450.667,-116.0,163.333,-90.333
483,678.2,120.5097,72.8383,170.105,-0.29,1123,125.3,7,47.333333333333336,33.7,749.667,-186.833,236.667,-155.0
484,385.3867,129.6303,121.5217,157.7833,0.5733,544,206.8,8,28.0,15.72,371.333,-76.333,140.0,-65.333
485,588.0167,147.3379,129.0533,174.8867,2.6433,978,210.5,7,38.666666666666664,29.35,661.0,-158.667,193.333,-137.0
486,402.48,131.5297,128.02,204.815,4.4433,616,216.7,20,30.0,18.48,415.333,-100.333,150.0,-81.0
487,539.1467,161.0614,144.8983,257.7217,5.6,833,231.2,13,40.666666666666664,24.98,558.333,-137.167,203.333,-110.333
488,782.4867,186.613,163.7867,169.6567,1.1,1344,257.2,10,58.333333333333336,40.32,870.333,-236.833,291.667,-183.0
489,542.51,168.4028,143.06,164.9917,0.7133,850,227.8,9,40.333333333333336,25.51,569.667,-140.333,201.667,-114.0
490,519.0733,163.401,162.7983,194.2883,-0.8567,841,281.7,9,36.666666666666664,25.24,563.667,-138.833,183.333,-114.333
491,482.0867,177.9512,163.5933,188.8267,-0.17,841,286.5,11,36.333333333333336,23.92,521.0,-138.167,181.667,-106.333
492,527.3067,184.1525,173.3867,199.1517,6.9333,838,281.8,20,38.0,25.14,563.0,-137.5,190.0,-113.333
493,701.1333,154.2528,118.43,239.455,-1.35,1110,215.0,5,47.0,33.3,760.333,-174.833,235.0,-152.667
494,436.14,160.0878,149.6083,194.0783,2.1833,771,259.2,12,32.666666666666664,23.14,494.667,-138.333,163.333,-106.667
495,649.24,152.696,148.1767,165.5617,4.7867,1041,256.8,20,49.0,31.24,688.667,-176.333,245.0,-139.333
496,564.8767,177.3171,154.9183,176.555,-2.7667,874,264.7,13,36.333333333333336,26.21,608.333,-132.667,181.667,-118.667
497,539.7767,149.9233,119.5383,157.0567,0.3467,937,218.3,6,38.0,28.11,613.0,-162.0,190.0,-129.333
498,433.96,148.2839,112.2417,127.7533,0.9167,732,202.5,6,29.666666666666668,21.96,486.0,-123.0,148.333,-99.333
499,642.5233,173.5568,129.21,124.5867,2.7533,1090,221.3,14,43.333333333333336,32.69,725.333,-182.167,216.667,-150.0
500,597.9067,173.6436,132.6783,227.8417,6.5667,908,213.2,13,45.0,27.24,612.667,-147.667,225.0,-119.333
501,490.3367,158.7593,145.9633,136.725,4.2433,756,237.0,14,36.0,22.67,509.667,-123.0,180.0,-99.0
502,516.03,165.5197,157.4483,119.0483,1.21,784,274.5,7,35.666666666666664,23.53,541.333,-121.5,178.333,-105.667
503,430.68,158.2063,151.1383,209.2067,3.45,723,244.5,6,28.0,21.68,488.0,-117.333,140.0,-101.667
504,838.3667,197.1431,143.5683,153.3117,1.83,1340,217.3,11,60.0,40.2,899.667,-220.167,300.0,-181.333
505,576.33,173.2116,133.6483,142.95,8.0667,1011,235.5,13,40.333333333333336,30.33,661.0,-175.0,201.667,-141.667
506,558.3867,187.0982,157.8933,239.2167,2.0667,891,256.2,13,40.333333333333336,26.72,598.0,-146.333,201.667,-121.667
507,567.6267,161.0469,137.73,137.73,4.2967,915,239.8,21,42.333333333333336,27.46,605.667,-154.833,211.667,-122.333
508,519.4933,178.4387,193.295,222.7267,3.4967,805,309.3,28,39.0,24.16,539.333,-133.0,195.0,-106.0
509,674.9567,136.6966,105.0383,117.3483,1.4967,1176,169.5,11,46.0,35.29,773.667,-201.333,230.0,-162.667
510,405.4933,145.6371,140.36,188.3367,4.76,622,234.7,9,32.0,18.66,412.333,-104.833,160.0,-80.667
511,763.67,210.8224,157.9533,266.41,2.0433,1272,269.5,7,50.666666666666664,38.17,856.0,-208.167,253.333,-175.667
512,508.07,133.2525,95.32,193.0883,0.19,819,160.7,6,35.666666666666664,24.57,551.333,-133.833,178.333,-112.333
513,421.5767,136.0987,101.9833,184.1517,0.7533,852,173.8,9,29.0,19.41,446.0,-100.5,145.0,-88.333
514,433.4667,130.6463,113.8,136.635,0.4167,793,212.8,8,30.0,23.8,511.333,-141.0,150.0,-110.667
515,520.53,164.3911,148.1117,202.8733,-2.35,801,245.8,5,36.666666666666664,24.03,546.667,-127.167,183.333,-106.333
516,800.1633,151.5701,136.325,247.655,1.24,1394,228.8,8,55.0,41.83,916.333,-239.0,275.0,-194.0
517,624.6867,217.6215,190.0283,166.2817,3.1367,1117,305.2,16,42.0,33.52,730.333,-193.5,210.0,-155.667
518,661.93,199.2804,183.65,173.9883,2.09,1083,305.7,10,52.0,30.93,681.0,-175.0,260.0,-135.0
519,510.4967,212.1075,187.6683,327.54,3.6133,843,313.2,9,35.666666666666664,24.83,554.333,-136.667,178.333,-110.333
520,797.33,177.1657,129.925,135.9083,6.1867,1294,198.2,17,58.333333333333336,38.83,858.667,-217.833,291.667,-174.0
521,731.1067,147.6745,126.0033,154.0317,1.6833,1248,198.3,8,47.333333333333336,37.44,836.0,-206.0,236.667,-173.0
522,783.5833,211.0543,182.68,182.75,12.0,1208,275.0,33,58.666666666666664,36.25,811.667,-198.333,293.333,-159.333
523,760.0933,177.5741,154.06,216.9533,7.2167,1175,260.3,32,54.666666666666664,35.26,797.0,-189.167,273.333,-156.333
524,732.3133,165.6082,139.485,204.9417,4.66,1133,217.5,17,49.666666666666664,33.98,778.667,-177.0,248.333,-151.667
525,421.5567,173.7614,172.73,225.0967,2.05,646,277.3,18,31.0,19.39,438.0,-104.167,155.0,-86.667
526,554.1967,198.1506,197.01,236.515,0.6133,962,316.7,9,41.666666666666664,26.03,578.667,-144.5,208.333,-114.333
527,534.7533,197.2715,202.0433,169.7133,-2.35,864,323.0,5,38.0,25.92,578.333,-142.833,190.0,-116.667
528,592.8633,168.0509,146.5217,248.8083,1.72,1001,253.5,7,42.333333333333336,30.03,659.333,-170.833,211.667,-137.333
529,695.9167,217.6022,181.96,177.5033,3.2067,1092,271.2,40,51.0,32.75,733.333,-179.167,255.0,-146.0
530,557.69,200.7719,167.2383,254.125,2.6033,973,278.3,9,40.666666666666664,29.19,630.667,-171.167,203.333,-134.333
531,655.5833,200.4971,198.2317,191.9983,2.8333,1075,314.7,13,50.666666666666664,32.25,701.667,-186.667,253.333,-145.0
532,1070.0233,193.8377,129.3567,143.3383,-1.21,1640,224.5,10,80.33333333333333,49.19,1102.667,-268.5,401.667,-215.0
533,549.2267,179.9149,152.01,167.2183,-1.26,919,245.0,8,38.666666666666664,27.56,609.333,-154.667,193.333,-126.333
534,708.28,178.876,130.7917,134.335,0.9567,1109,217.5,10,52.0,33.28,745.333,-182.0,260.0,-148.333
535,496.0567,179.4981,158.83,212.29,4.3667,796,258.7,19,35.0,23.89,536.0,-130.167,175.0,-108.667
536,734.8933,219.9767,219.9333,219.9333,6.41,1202,345.0,14,53.666666666666664,36.06,795.667,-203.167,268.333,-162.0
537,572.6767,192.4425,158.9883,248.57,0.08,981,295.0,19,43.0,28.01,615.0,-159.333,215.0,-126.0
538,460.2567,147.6051,113.575,279.8517,2.6133,720,179.5,9,33.0,21.59,487.0,-116.333,165.0,-97.0
539,586.7233,173.7249,149.9167,153.85,-0.21,946,242.8,10,44.666666666666664,28.39,623.0,-161.667,223.333,-126.333
540,446.48,145.4411,129.42,182.7183,2.69,733,223.3,6,33.0,21.98,482.333,-125.167,165.0,-97.667
541,846.03,196.0115,162.945,316.335,-0.55,1434,282.0,12,56.333333333333336,43.03,957.0,-238.667,281.667,-197.0
542,560.2533,205.9331,192.8767,128.61,0.69,919,332.5,6,41.333333333333336,27.42,604.333,-154.833,206.667,-123.333
543,567.57,203.9127,208.6267,250.105,7.3833,936,330.2,33,39.333333333333336,28.07,624.667,-155.5,196.667,-126.333
544,658.8,197.4004,165.695,146.2317,7.24,1010,262.7,19,49.666666666666664,30.3,679.0,-165.5,248.333,-133.333
545,556.1233,220.1023,148.72,242.9483,5.7833,897,257.3,15,40.666666666666664,25.79,579.667,-140.0,203.333,-112.667
546,524.0233,162.5109,121.7283,263.9733,-0.0967,873,231.7,13,39.0,26.19,572.0,-150.5,195.0,-118.667
547,360.36,140.7818,125.3533,225.105,0.23,629,227.8,8,23.333333333333332,18.86,417.667,-105.5,116.667,-87.333
548,771.0633,178.0931,161.6533,180.0083,4.06,1191,253.2,21,55.0,35.73,811.0,-190.0,275.0,-160.667
549,391.9533,142.878,122.145,192.7333,2.33,604,205.8,11,28.0,18.12,411.0,-96.5,140.0,-80.667
550,875.1533,185.1507,163.58,222.0783,2.4467,1411,260.3,17,62.0,42.32,947.0,-231.833,310.0,-192.333
551,598.6533,160.1442,120.3783,203.5717,-1.14,998,218.2,5,41.333333333333336,27.32,627.333,-141.667,206.667,-121.0
552,672.1333,189.7731,169.7067,186.645,7.24,993,260.3,18,51.0,29.8,675.333,-159.0,255.0,-129.0
553,826.3233,220.5521,171.8067,200.3633,3.0733,1383,308.2,8,58.333333333333336,41.49,915.333,-233.833,291.667,-188.333
554,542.31,185.7943,158.2817,204.9183,1.9733,977,272.3,6,38.333333333333336,29.31,630.333,-173.333,191.667,-135.667
555,554.6,194.7701,161.3733,146.745,1.86,870,281.0,12,38.333333333333336,26.1,593.0,-138.5,191.667,-117.667
556,536.18,192.3697,165.8683,272.8367,5.2933,873,281.8,22,38.666666666666664,26.18,579.333,-146.667,193.333,-116.0
557,541.1633,210.7193,187.325,153.4717,10.5833,911,308.5,42,34.666666666666664,27.33,614.667,-148.167,173.333,-126.0
558,601.75,187.7246,154.755,164.8933,12.9233,955,250.0,22,44.666666666666664,28.25,630.667,-155.5,223.333,-125.0
559,869.2067,162.2584,144.185,167.455,-0.64,1335,258.3,12,65.66666666666667,40.04,896.333,-219.167,328.333,-176.333
560,613.15,173.3149,133.5283,197.1083,0.5667,955,233.8,13,42.666666666666664,28.65,651.333,-151.833,213.333,-128.333
561,598.2133,223.8772,214.81,251.6633,8.1633,946,342.2,37,43.666666666666664,28.38,634.333,-155.833,218.333,-127.0
562,604.9967,161.4483,127.6917,235.215,3.57,944,184.0,19,44.666666666666664,28.33,633.667,-155.333,223.333,-125.0
563,780.5333,186.4509,139.9183,221.6183,1.1033,1257,226.0,8,56.0,37.7,841.0,-207.833,280.0,-170.333
564,619.8267,155.195,137.5283,185.5417,2.2933,1039,201.3,15,44.666666666666664,31.16,684.0,-177.333,223.333,-141.333
565,988.1067,191.3053,149.52,171.6467,2.4367,1648,254.7,12,70.33333333333333,49.44,1090.0,-279.0,351.667,-224.0
566,762.6067,215.1806,178.33,270.5467,4.81,1181,293.0,12,56.666666666666664,35.44,794.333,-193.5,283.333,-157.0
567,580.87,161.9648,144.1917,109.905,-0.7467,933,232.2,9,41.0,26.87,611.0,-142.333,205.0,-119.667
568,480.28,154.6729,149.1217,212.0133,-0.3967,776,250.5,9,34.666666666666664,23.28,517.333,-129.333,173.333,-104.333
569,522.8667,165.9928,159.7117,180.8267,2.6833,826,275.7,12,37.333333333333336,24.7,555.667,-133.833,186.667,-110.333
570,880.1467,229.5185,212.355,234.0733,8.53,1399,334.0,23,64.0,41.98,937.0,-231.167,320.0,-187.667
571,815.7333,163.0277,159.6667,184.9583,2.6833,1347,263.3,12,58.333333333333336,40.4,894.0,-226.333,291.667,-184.0
572,485.5867,161.1152,128.2183,224.97,2.26,781,223.0,9,36.666666666666664,23.42,515.667,-132.5,183.333,-104.333
573,639.9133,179.0282,131.2517,145.235,1.9267,1069,220.5,25,41.666666666666664,32.08,721.667,-173.833,208.333,-148.333
574,957.4433,206.3673,144.4433,254.1633,5.6767,1554,267.2,7,70.0,46.61,1032.0,-260.833,350.0,-210.333
575,498.4467,188.9035,180.9417,120.9017,3.3567,909,298.3,6,31.666666666666668,27.28,597.0,-156.167,158.333,-128.0
576,551.84,193.604,162.3517,163.9067,2.8767,867,288.0,7,40.333333333333336,25.84,580.667,-140.333,201.667,-116.0
577,567.93,190.423,161.2583,182.16,-0.5833,948,253.7,6,40.666666666666664,28.43,626.0,-160.833,203.333,-129.0
578,437.7333,166.8318,153.6983,212.98,5.3633,680,241.7,15,32.333333333333336,20.4,457.333,-111.333,161.667,-90.333
579,570.1567,168.0495,162.6317,155.2283,-0.1533,983,281.7,6,42.0,29.49,636.333,-173.333,210.0,-132.333
580,622.57,192.5741,160.8483,182.9467,4.85,1119,277.3,12,43.333333333333336,33.57,726.333,-196.333,216.667,-157.667
581,510.7067,197.4515,193.2267,272.995,-0.85,885,301.7,5,35.666666666666664,26.54,581.0,-151.833,178.333,-123.333
582,619.8867,208.8798,180.4767,139.4917,2.88,1007,272.8,18,42.0,30.22,681.333,-163.0,210.0,-138.667
583,843.5367,228.3163,193.8667,208.0517,0.71,1329,340.7,7,60.333333333333336,39.87,895.667,-216.667,301.667,-177.0
584,596.9933,210.1857,186.885,276.07,3.27,955,296.2,26,46.666666666666664,28.66,625.333,-165.0,233.333,-125.333
585,516.1,198.9422,177.2167,267.9117,3.5267,870,315.5,12,38.666666666666664,26.1,566.0,-152.0,193.333,-117.333
586,512.35,165.2076,142.9467,146.89,2.8,912,239.0,10,34.666666666666664,27.35,595.667,-158.0,173.333,-126.0
587,554.2333,139.8978,115.73,252.5,2.81,897,204.0,11,42.333333333333336,26.9,588.667,-154.0,211.667,-119.0
588,638.9367,190.0459,173.5567,268.3633,1.95,1076,275.2,26,48.333333333333336,32.27,699.667,-188.0,241.667,-146.667
589,587.3267,206.9276,201.93,288.575,0.71,905,338.3,7,42.666666666666664,27.16,613.0,-146.167,213.333,-120.0
590,758.3733,217.4372,191.305,212.7033,6.8567,1318,298.7,23,53.0,39.54,863.0,-227.5,265.0,-181.667
591,527.3333,167.9104,164.6133,213.0133,2.8467,933,261.8,6,38.333333333333336,28.0,601.333,-166.0,191.667,-127.667
592,479.5067,189.5241,185.385,233.1283,4.4633,778,303.8,21,34.333333333333336,23.34,519.0,-129.5,171.667,-105.0
593,783.2633,181.7152,145.8767,190.5167,3.2833,1172,232.0,10,58.333333333333336,34.43,788.667,-179.5,291.667,-152.0
594,688.11,167.2092,141.1167,221.675,3.9033,1187,225.7,19,46.666666666666664,35.61,784.667,-201.167,233.333,-164.333
595,561.2367,187.2811,165.75,252.975,1.6133,902,287.2,19,40.666666666666664,27.07,602.667,-149.833,203.333,-122.0
596,487.2933,159.4866,130.0317,239.0267,2.3233,799,220.5,7,36.666666666666664,23.96,524.667,-137.0,183.333,-107.667
597,576.7067,194.0982,150.955,213.045,3.66,1018,259.7,5,42.0,30.54,657.0,-180.5,210.0,-140.333
598,873.9867,198.6947,153.6867,259.3317,0.4967,1544,267.3,8,59.666666666666664,46.32,1010.0,-267.0,298.333,-213.667
599,760.81,207.7328,190.9933,197.7967,-0.6533,1244,301.0,6,51.333333333333336,37.31,840.0,-201.833,256.667,-171.333
600,558.4,166.7755,165.145,190.6117,-1.0833,880,255.0,8,43.666666666666664,26.4,580.0,-150.0,218.333,-116.333
601,572.7367,212.3357,190.5867,396.4833,4.1933,952,311.2,12,39.0,28.57,637.333,-157.5,195.0,-130.667
602,934.6,186.3131,137.7767,295.71,-0.28,1437,234.3,7,66.33333333333333,43.1,979.0,-228.833,331.667,-190.333
603,442.6633,165.4851,155.0533,155.0533,1.23,744,289.8,16,30.666666666666668,22.33,494.333,-125.0,153.333,-102.333
604,736.8233,223.4129,170.6033,185.9917,4.13,1233,274.3,18,53.0,36.99,812.667,-210.167,265.0,-167.667
605,633.5467,209.1869,200.0417,218.4517,4.2767,1063,293.2,18,45.666666666666664,31.88,699.333,-181.667,228.333,-144.333
606,620.8967,215.9349,176.0717,264.76,10.4133,1041,282.8,19,44.333333333333336,31.23,686.333,-177.333,221.667,-141.0
607,617.26,185.5757,186.2267,203.6133,2.1533,1042,317.2,18,43.0,31.26,689.333,-176.333,215.0,-142.0
608,580.1333,179.5394,166.82,204.2117,-0.77,1010,279.0,8,44.333333333333336,30.3,647.0,-181.5,221.667,-137.333
609,496.6133,169.2318,158.6533,171.8833,0.8767,759,277.7,7,33.666666666666664,22.78,525.667,-116.833,168.333,-103.333
610,938.89,231.3467,179.9517,284.205,6.09,1513,292.8,20,68.0,45.39,1009.333,-251.833,340.0,-204.0
611,657.4233,209.1587,170.615,244.565,3.6267,1036,292.0,13,50.0,31.09,689.0,-173.667,250.0,-139.0
612,488.3033,225.6689,220.5883,355.68,0.21,857,349.3,7,35.0,24.47,539.333,-138.167,175.0,-112.333
613,703.0033,182.2334,134.5517,204.4933,3.0367,1089,222.3,9,52.333333333333336,32.67,733.667,-177.667,261.667,-147.333
614,563.3367,193.7098,147.115,356.6683,2.0367,906,264.7,20,41.666666666666664,27.17,602.0,-151.833,208.333,-122.333
615,494.8733,252.8712,269.7283,282.48,20.16,851,426.3,46,35.666666666666664,23.54,526.667,-129.0,178.333,-104.667
616,619.0333,214.2833,196.2967,186.105,5.24,991,336.5,25,49.0,28.7,633.333,-161.667,245.0,-126.333
617,503.1367,196.9979,163.0167,246.1133,5.2633,817,261.7,23,36.333333333333336,24.47,543.667,-136.0,181.667,-110.667
618,988.0333,198.5313,164.7017,191.59,3.91,1690,292.5,14,69.0,50.7,1112.667,-288.667,345.0,-231.667
619,755.4267,233.8857,219.9233,205.22,-1.26,1325,366.5,8,53.666666666666664,39.76,862.0,-231.667,268.333,-183.0
620,551.7667,202.5007,195.7617,188.86,12.7967,937,303.0,17,40.333333333333336,28.1,611.333,-162.667,201.667,-126.667
621,541.1667,181.1117,144.4417,256.555,1.79,896,238.7,9,42.0,24.0,541.0,-129.5,210.0,-104.333
622,442.1967,196.9678,196.2633,292.9367,1.0333,734,323.5,7,32.333333333333336,22.03,482.667,-125.833,161.667,-98.333
623,836.3267,179.9001,171.5117,186.2683,1.7467,1355,278.2,19,64.33333333333333,40.66,888.0,-233.667,321.667,-180.333
624,741.3367,237.9487,199.575,270.635,9.4733,1222,327.8,21,52.666666666666664,36.67,814.333,-204.0,263.333,-169.0
625,694.3967,205.1282,165.95,309.2283,4.4967,1074,266.0,11,53.0,32.23,718.0,-178.167,265.0,-142.667
626,565.2667,201.3043,168.78,282.99,1.0,948,276.0,17,39.333333333333336,28.1,625.667,-155.5,196.667,-129.667
627,534.0967,208.9669,197.4383,229.4483,-1.35,898,309.2,5,38.666666666666664,26.93,590.0,-153.833,193.333,-122.333
628,514.2467,210.2666,202.8433,244.875,3.8633,786,328.3,18,36.0,23.58,539.333,-123.333,180.0,-105.333
629,632.22,213.2145,178.2317,225.1183,0.8,957,313.2,10,45.0,28.72,656.333,-150.5,225.0,-127.333
630,885.5067,223.8465,195.415,225.2217,-0.03,1395,306.5,11,65.66666666666667,41.84,933.333,-230.667,328.333,-187.333
631,412.8267,162.8239,135.405,219.065,2.5433,673,234.0,13,30.0,20.16,446.667,-112.667,150.0,-91.333
632,635.8033,195.5482,179.1017,243.6967,0.9867,1032,305.2,6,44.666666666666664,30.97,690.667,-170.833,223.333,-138.333
633,597.6067,176.1633,168.33,211.6217,5.2967,1031,271.7,17,41.333333333333336,30.94,678.667,-176.333,206.667,-142.333
634,763.7533,207.8351,186.01,308.765,-0.8867,1291,297.2,6,54.0,38.42,847.333,-216.667,270.0,-175.333
635,608.4567,236.9774,225.8417,290.17,10.1533,976,404.8,11,44.666666666666664,29.29,650.0,-163.167,223.333,-131.0
636,673.96,241.0671,240.0017,199.3717,7.2333,1115,379.0,13,49.666666666666664,33.46,733.667,-190.833,248.333,-150.667
637,743.6467,196.0485,174.0717,245.6167,-0.78,1199,289.7,6,55.333333333333336,35.98,794.667,-202.333,276.667,-161.333
638,870.7133,193.3771,158.695,323.035,3.34,1513,258.0,11,61.666666666666664,45.38,988.0,-262.333,308.333,-208.667
639,502.7333,217.9435,229.4483,365.38,-0.0133,813,354.7,6,34.333333333333336,24.4,549.333,-132.0,171.667,-110.667
640,560.2433,203.9375,175.0133,180.9133,8.44,919,281.0,15,39.666666666666664,26.41,596.0,-142.167,198.333,-118.333
641,938.8367,187.527,155.4783,245.3983,-2.76,1439,244.0,8,64.66666666666667,43.17,991.0,-224.0,323.333,-194.667
642,1118.7833,236.129,202.3333,331.845,0.0967,1882,302.8,14,82.33333333333333,56.45,1231.667,-325.0,411.667,-256.0
643,584.0967,193.1981,178.28,180.3033,2.51,978,282.8,17,43.0,26.93,608.667,-144.5,215.0,-122.0
644,680.3633,200.3373,180.245,205.595,0.21,1118,296.2,7,50.333333333333336,33.53,737.333,-190.167,251.667,-152.0
645,561.8267,199.3095,166.7267,196.97,2.37,922,277.0,12,43.0,27.66,602.333,-159.833,215.0,-123.333
646,598.9733,214.6333,190.7117,224.37,3.9267,1005,315.3,19,41.0,30.14,669.0,-167.833,205.0,-137.333
647,601.0367,223.5186,182.6633,222.155,3.3667,996,322.3,21,42.666666666666664,29.87,661.333,-167.167,213.333,-136.333
648,816.4567,193.6422,147.6717,176.1767,4.62,1243,241.8,14,59.666666666666664,37.29,846.0,-198.5,298.333,-166.667
649,796.3467,197.1589,172.225,220.09,0.44,1223,293.3,15,57.333333333333336,36.68,832.667,-195.0,286.667,-164.667
650,490.7033,149.9238,108.1133,216.5933,0.19,820,164.2,6,33.666666666666664,23.87,537.333,-129.167,168.333,-109.667
651,704.56,169.0806,134.7167,164.5983,-1.85,1085,228.8,5,48.666666666666664,32.56,744.0,-170.667,243.333,-144.667
652,620.03,174.2513,129.7967,238.62,-0.82,1034,231.5,6,42.333333333333336,31.03,691.0,-171.667,211.667,-142.0
653,708.8167,208.4219,194.485,190.325,-0.26,1155,328.0,8,52.0,34.65,764.667,-195.167,260.0,-155.333
654,520.0367,128.0535,101.3667,148.81,0.8567,896,175.7,8,36.333333333333336,26.87,588.667,-153.5,181.667,-123.667
655,411.19,127.4751,119.0467,178.5633,-1.85,690,189.0,5,29.666666666666668,20.69,452.667,-118.5,148.333,-92.0
656,484.8333,174.6453,181.8033,219.585,7.1733,933,307.8,18,36.0,28.0,583.0,-175.167,180.0,-131.0
657,619.45,168.6785,160.3083,203.775,8.37,932,260.7,11,46.333333333333336,27.95,632.0,-149.833,231.667,-122.333
658,843.5767,172.0328,163.1233,263.5733,3.3167,1464,283.2,5,59.0,43.91,960.333,-251.667,295.0,-204.0
659,755.71,207.7797,185.4567,226.1233,0.0333,1257,320.7,7,55.0,37.71,828.333,-214.333,275.0,-171.0
660,514.8767,130.5071,118.2367,183.3433,2.5967,824,198.7,8,37.666666666666664,24.71,549.333,-137.167,188.333,-110.333
661,535.0867,158.2083,111.1133,238.86,2.5733,914,206.0,8,35.0,27.42,611.333,-151.333,175.0,-127.333
662,631.6367,185.9715,161.7817,157.0167,6.4767,1099,295.5,9,42.666666666666664,32.97,723.667,-187.667,213.333,-150.667
663,474.64,193.5616,168.485,186.345,9.5167,814,280.8,22,36.0,22.64,499.333,-127.667,180.0,-99.667
664,672.5433,137.9994,101.1167,122.2433,3.9033,1057,191.7,17,46.333333333333336,31.71,720.0,-168.5,231.667,-142.333
665,566.6633,175.6271,165.1083,156.5117,1.69,1011,278.2,6,39.0,30.33,658.333,-176.333,195.0,-140.667
666,470.62,187.7089,174.7083,189.12,-1.76,787,281.2,8,33.666666666666664,23.62,520.0,-133.667,168.333,-107.667
667,589.19,206.2661,179.5217,197.6617,-1.35,1006,303.5,5,41.333333333333336,30.19,661.667,-172.333,206.667,-137.0
668,528.9233,206.6471,194.0867,194.0867,0.24,770,305.7,8,43.0,22.59,507.667,-122.667,215.0,-93.667
669,633.2333,181.5415,148.1267,181.3783,-1.35,1080,250.5,5,43.666666666666664,32.4,714.333,-182.833,218.333,-149.0
670,613.5733,186.9276,165.045,147.9867,5.6767,1008,283.0,26,44.0,30.24,669.333,-169.333,220.0,-136.667
671,470.8033,162.9113,159.02,204.2283,0.65,749,249.8,5,31.666666666666668,22.47,510.333,-119.333,158.333,-101.0
672,625.95,204.4047,189.1467,274.54,-32.4467,1032,322.2,18,44.333333333333336,30.95,685.667,-173.0,221.667,-139.333
673,465.4167,213.9896,219.7417,226.515,2.1567,758,356.8,14,33.0,22.75,507.0,-125.667,165.0,-103.667
674,474.31,200.4802,181.4067,232.2667,2.0433,810,316.3,10,34.333333333333336,24.31,529.667,-140.333,171.667,-111.0
675,551.89,185.9729,148.5833,186.5183,9.6567,968,247.5,27,42.333333333333336,23.89,544.333,-126.0,211.667,-102.0
676,700.9233,234.6013,193.1183,204.0617,14.6167,1136,323.0,53,50.0,34.09,760.0,-188.167,250.0,-155.0
677,525.9667,205.1646,171.1767,156.245,2.48,910,306.5,16,36.666666666666664,27.3,597.333,-156.333,183.333,-125.667
678,781.64,223.4763,178.41,174.5033,3.5967,1221,311.8,14,54.0,36.64,834.667,-193.333,270.0,-166.333
679,749.2067,178.2424,140.9117,232.33,1.4167,1285,226.5,8,51.666666666666664,38.54,848.0,-218.333,258.333,-177.333
680,609.3167,244.7046,244.9133,256.4217,-1.85,955,369.3,5,42.0,28.65,653.667,-150.667,210.0,-132.333
681,716.2867,231.2285,206.4417,205.5867,7.8433,1187,331.0,50,50.0,35.62,790.667,-198.333,250.0,-161.667
682,461.78,211.3765,197.1533,292.7083,1.87,776,327.5,12,31.0,23.28,519.667,-128.167,155.0,-108.0
683,501.95,168.7065,167.5017,171.6833,4.9033,815,282.5,19,37.0,24.45,540.667,-137.167,185.0,-111.0
684,550.9233,226.5643,210.3433,354.5767,1.8533,836,335.2,11,41.666666666666664,25.09,564.0,-136.167,208.333,-110.333
685,776.04,203.5441,164.1583,302.8033,1.6033,1235,277.7,9,56.666666666666664,37.04,824.667,-205.0,283.333,-164.0
686,643.81,237.0786,221.78,313.0133,5.7567,1127,373.3,22,46.333333333333336,33.81,733.0,-197.0,231.667,-157.667
687,556.0133,191.1243,169.87,194.795,1.95,923,287.8,15,37.666666666666664,27.68,618.0,-152.333,188.333,-125.667
688,820.27,194.4295,143.9667,225.155,3.7633,1342,234.5,12,58.333333333333336,40.27,894.333,-224.0,291.667,-182.0
689,791.9733,175.3097,152.1433,306.565,12.2233,1421,246.3,30,52.0,42.64,932.667,-244.333,260.0,-199.0
690,587.27,185.8295,180.205,274.1633,-2.29,976,310.8,5,43.666666666666664,29.27,639.0,-168.333,218.333,-131.0
691,691.2333,198.9105,166.2167,307.9467,9.4433,1097,274.3,15,50.666666666666664,32.9,732.667,-182.0,253.333,-145.667
692,742.9833,235.1946,187.4633,386.8,2.4167,1255,288.5,8,53.333333333333336,37.65,825.667,-214.667,266.667,-172.333
693,1016.5567,197.3499,156.9983,283.4717,3.7333,1630,265.0,13,69.66666666666667,48.89,1103.0,-263.333,348.333,-220.333
694,832.55,203.9791,203.3433,210.96,11.5167,1568,322.3,19,56.666666666666664,47.05,1004.667,-281.833,283.333,-220.667
695,597.9467,158.1555,149.45,229.6317,1.37,959,231.7,12,41.333333333333336,28.78,649.0,-155.167,206.667,-131.333
696,828.7333,202.2595,164.83,267.45,1.15,1330,261.8,5,60.0,39.9,889.667,-220.167,300.0,-180.667
697,615.4167,249.7889,227.9133,275.4383,11.46,992,378.5,15,41.0,29.75,673.667,-159.0,205.0,-134.0
698,592.1033,175.4642,156.6817,171.74,1.9967,942,278.2,11,42.666666666666664,28.27,633.333,-154.5,213.333,-128.333
699,898.3767,205.2767,178.92,206.7417,3.1833,1474,290.8,12,64.0,44.21,981.333,-246.167,320.0,-201.0
700,627.84,234.4617,201.295,230.8333,-2.21,1078,337.0,10,42.0,32.34,717.667,-180.167,210.0,-152.0
701,480.1133,177.1495,165.2667,179.6567,-2.35,726,270.0,5,33.333333333333336,21.78,500.0,-113.0,166.667,-95.333
702,1046.6133,221.9423,160.9517,427.2233,1.2533,1776,279.5,12,74.0,53.28,1170.0,-303.0,370.0,-243.667
703,596.9667,202.3431,166.8467,277.4017,4.7233,1027,282.3,15,41.333333333333336,30.8,677.667,-174.5,206.667,-143.667
704,686.8433,205.4096,184.8567,185.71,7.6167,1117,340.0,11,49.333333333333336,33.51,744.333,-186.333,246.667,-151.333
705,438.9033,198.6434,205.27,206.2133,4.45,752,352.2,11,28.666666666666668,22.57,501.667,-125.333,143.333,-103.333
706,501.3833,189.7737,169.4567,181.1033,0.71,835,272.8,7,35.666666666666664,25.05,553.667,-140.667,178.333,-115.0
707,733.6533,206.9566,212.2317,228.4667,-0.4633,1177,359.0,29,51.666666666666664,35.32,792.0,-192.667,258.333,-159.333
708,854.12,188.5177,157.8117,209.9667,3.6867,1437,242.2,13,65.66666666666667,43.12,931.333,-253.0,328.333,-195.667
709,791.16,202.191,201.9683,244.2,0.1033,1305,311.5,8,56.666666666666664,39.16,866.667,-219.333,283.333,-178.667
710,626.7267,217.5311,199.48,263.9517,-0.8567,1035,330.7,10,40.666666666666664,31.06,702.0,-166.667,203.333,-143.0
711,627.63,197.2794,170.635,150.4017,0.24,988,301.8,5,44.0,29.63,670.333,-158.667,220.0,-133.667
712,442.6333,120.0845,82.1667,129.2667,0.3,700,131.3,8,30.333333333333332,20.8,473.667,-109.833,151.667,-93.667
713,566.02,176.4802,166.2067,307.63,-2.35,951,285.0,5,41.666666666666664,28.52,622.333,-164.167,208.333,-129.0
714,807.3633,201.2831,166.7683,189.0667,3.6133,1218,281.2,9,62.0,36.53,820.0,-198.833,310.0,-160.333
715,808.59,184.2346,159.6017,233.9567,1.74,1236,269.8,8,61.666666666666664,37.09,830.0,-203.167,308.333,-163.667
716,552.62,179.9345,165.9833,268.8167,-0.35,954,280.2,5,37.666666666666664,28.62,629.333,-162.333,188.333,-131.333
717,628.0467,231.2874,200.0033,278.325,-1.35,1063,366.3,5,41.666666666666664,31.88,711.667,-175.5,208.333,-148.333
718,801.8167,238.0805,196.1367,418.64,-5.3667,1355,348.7,10,55.0,40.65,899.333,-227.833,275.0,-185.333
719,823.37,223.6016,170.9133,243.5767,0.83,1412,292.0,11,53.0,42.37,945.0,-233.667,265.0,-195.333
720,627.5733,209.058,175.68,200.0433,4.27,1025,288.0,26,45.0,30.74,681.0,-171.833,225.0,-137.333
721,578.8067,193.6991,165.6667,233.9367,-0.85,977,258.5,5,42.0,25.64,587.667,-133.5,210.0,-111.0
722,614.8867,196.1629,176.685,335.35,-2.09,1024,287.8,10,46.0,30.72,669.667,-177.167,230.0,-138.333
723,634.8633,214.2551,177.2,146.0433,15.92,1051,292.5,47,44.333333333333336,31.53,700.333,-175.333,221.667,-143.333
724,505.7133,182.7899,155.2717,208.02,1.6433,796,260.2,10,37.0,23.88,534.333,-130.833,185.0,-106.667
725,755.3167,217.9397,187.595,289.165,4.2533,1305,319.8,14,55.666666666666664,39.15,846.0,-229.5,278.333,-178.667
726,940.62,190.5637,156.9267,266.7917,2.02,1571,259.5,11,67.33333333333333,47.12,1039.0,-265.833,336.667,-216.333
727,672.71,212.8762,175.1017,264.0433,4.4033,1090,299.0,23,49.0,32.71,724.333,-183.0,245.0,-146.333
728,635.31,199.8401,202.1,251.9817,5.8933,1077,323.5,13,45.666666666666664,32.31,707.667,-184.667,228.333,-148.333
729,791.6333,247.3973,206.8883,272.295,8.3133,1360,357.2,34,58.0,40.8,884.333,-237.833,290.0,-185.667
730,604.8733,198.775,167.72,208.1533,-2.35,1051,259.0,5,42.333333333333336,31.54,688.0,-181.667,211.667,-144.667
731,543.3067,206.1121,177.9117,150.3833,5.52,855,267.2,17,35.333333333333336,25.14,583.0,-127.5,176.667,-114.0
732,667.6167,218.2855,222.735,297.7983,0.8167,1082,345.3,5,45.0,32.45,732.0,-174.833,225.0,-147.0
733,566.4433,226.8071,210.2583,185.85,1.0967,937,339.2,14,41.333333333333336,28.11,617.667,-159.667,206.667,-126.333
734,565.8833,180.3141,146.8633,270.7983,2.0667,968,266.5,13,41.0,29.05,633.333,-167.5,205.0,-134.0
735,709.6867,179.4458,122.755,250.2467,0.15,1201,204.5,5,51.0,36.02,788.667,-206.0,255.0,-164.0
736,625.0667,214.1667,197.8717,293.8617,3.2,1047,320.2,12,42.666666666666664,31.4,698.0,-174.333,213.333,-143.333
737,704.4833,247.3857,209.7833,270.325,11.7033,1222,368.2,29,51.333333333333336,36.65,792.667,-214.5,256.667,-167.0
738,632.64,191.9331,175.89,317.4933,3.41,938,292.3,14,47.666666666666664,28.14,637.0,-150.5,238.333,-120.333
739,471.9433,166.7863,166.3217,237.6117,-3.9367,870,289.2,8,32.666666666666664,26.11,560.0,-155.167,163.333,-122.333
740,776.5333,180.0034,153.415,240.9217,3.7233,1240,253.3,13,55.666666666666664,37.2,831.333,-204.333,278.333,-166.0
741,785.0867,236.8551,214.375,273.365,-2.35,1281,348.7,5,55.666666666666664,38.42,856.0,-212.333,278.333,-175.333
742,939.3133,289.2206,237.3217,443.49,3.6167,1633,384.3,15,67.0,48.98,1063.333,-284.667,335.0,-223.333
743,1154.5633,252.5679,249.4583,284.1117,1.4467,1908,453.2,9,80.66666666666667,57.23,1273.0,-317.333,403.333,-261.667
744,567.31,220.1653,200.7967,235.86,6.89,933,310.8,13,42.0,26.81,596.0,-148.833,210.0,-116.667
745,653.6067,227.1342,195.3817,199.7317,4.1133,1065,327.3,26,45.666666666666664,31.94,713.333,-175.667,228.333,-144.333
746,606.6333,175.6616,151.6117,247.2667,4.5367,1043,246.3,12,42.333333333333336,31.3,685.333,-179.0,211.667,-142.667
747,748.8733,223.5611,163.2833,363.81,-1.3567,1187,265.0,10,58.0,34.54,767.333,-192.0,290.0,-151.0
748,931.8633,254.7603,210.2633,236.0067,2.3,1584,329.8,10,68.0,47.53,1035.0,-274.667,340.0,-216.0
749,564.1067,199.6435,191.9867,249.355,-2.14,1015,324.0,7,40.333333333333336,30.44,653.333,-180.667,201.667,-140.667
750,665.79,215.3921,186.32,316.4333,5.3133,1110,299.3,33,50.666666666666664,33.29,722.667,-193.5,253.333,-150.0
751,766.8033,199.5705,171.66,265.045,-1.1033,1299,269.5,8,51.333333333333336,38.97,866.667,-216.167,256.667,-179.333
752,781.1767,226.8214,163.8217,151.9517,8.43,1400,276.2,41,55.333333333333336,42.01,905.333,-247.5,276.667,-195.333
753,630.0433,201.8209,174.635,336.7517,0.73,1092,308.5,8,45.666666666666664,31.21,688.0,-176.167,228.333,-141.333
754,806.6033,224.3921,182.17,373.2917,-4.79,1268,294.5,17,62.0,37.27,829.667,-206.333,310.0,-164.0
755,924.5267,265.8267,219.145,251.8967,8.6633,1529,380.3,44,66.0,45.86,1014.0,-257.333,330.0,-208.0
756,1048.01,241.3974,192.7783,325.2667,6.12,1684,327.8,51,78.0,50.51,1116.667,-283.5,390.0,-225.667
757,611.1433,198.1627,171.4833,178.3933,4.2767,977,300.7,20,45.0,29.31,650.0,-163.5,225.0,-129.667
758,680.9433,226.9847,193.8033,216.0867,6.9833,1087,332.0,22,50.0,32.61,724.333,-181.333,250.0,-144.667
759,957.9367,244.8725,231.2217,242.6367,5.9967,1592,390.7,13,67.0,47.77,1058.667,-266.833,335.0,-216.667
760,528.56,207.6948,209.7367,274.1017,4.3333,969,343.0,33,35.333333333333336,29.06,630.333,-169.167,176.667,-138.333
761,714.59,234.5617,226.2917,273.6383,1.7467,1153,380.5,14,53.333333333333336,34.59,762.333,-195.333,266.667,-153.667
762,639.9767,227.5477,200.25,366.0617,8.5467,1077,324.0,7,47.666666666666664,32.31,701.667,-187.667,238.333,-144.667
763,810.8733,230.5955,222.2733,276.3083,2.2067,1351,356.2,12,55.666666666666664,40.54,902.0,-224.667,278.333,-185.333
764,573.6,220.0833,192.1467,282.8083,7.0133,1003,307.7,28,36.666666666666664,30.1,668.333,-167.5,183.333,-140.667
765,505.3767,164.6993,150.3267,233.7283,2.73,874,255.0,12,36.0,26.21,571.333,-151.167,180.0,-121.0
766,605.89,199.5282,204.055,260.7333,0.15,946,316.8,5,44.0,28.39,637.333,-154.5,220.0,-125.333
767,529.78,211.6795,195.165,234.77,1.9733,943,330.3,21,35.0,28.28,620.333,-161.167,175.0,-132.667
768,477.7367,186.6203,175.9583,184.1717,2.6533,819,287.5,13,34.666666666666664,24.57,534.0,-142.5,173.333,-111.667
769,555.8067,196.1285,171.15,246.34,1.31,955,266.7,13,42.0,28.64,615.667,-169.5,210.0,-129.0
770,660.8333,212.6313,185.4283,216.77,0.2767,1117,322.0,7,43.333333333333336,33.5,748.667,-184.0,216.667,-154.0
771,637.09,187.8459,153.9933,157.8333,0.1033,1020,251.8,9,45.0,30.59,685.333,-167.167,225.0,-136.667
772,860.67,210.2099,169.8283,285.1683,0.19,1322,294.7,5,58.333333333333336,39.67,912.333,-205.0,291.667,-178.0
773,633.8133,194.0355,169.71,182.9567,-2.35,1099,302.0,5,43.333333333333336,32.98,723.667,-187.833,216.667,-151.667
774,677.0633,255.7141,241.4733,304.75,5.7533,1091,405.5,14,49.666666666666664,32.73,726.333,-182.333,248.333,-148.0
775,677.94,210.0431,202.9617,292.1067,1.15,1131,316.8,5,48.333333333333336,33.94,749.333,-191.0,241.667,-156.0
776,684.04,201.6589,182.3267,233.6367,3.0433,1268,298.3,7,47.666666666666664,38.04,811.333,-228.333,238.333,-175.333
777,720.7,221.5516,193.3417,238.1017,5.7467,1307,330.5,16,55.333333333333336,39.2,822.333,-242.167,276.667,-175.333
778,676.45,214.9824,209.5633,288.8217,2.2133,1065,335.7,11,49.333333333333336,31.95,714.667,-175.167,246.667,-141.667
779,696.27,176.4205,141.54,252.4,0.65,1092,238.0,5,49.666666666666664,32.77,738.667,-176.833,248.333,-146.667
780,476.6267,169.8041,152.085,269.8933,5.2767,882,265.2,18,33.333333333333336,26.46,565.0,-158.5,166.667,-123.0
781,709.7267,227.0268,194.7417,216.4133,2.19,1169,319.8,6,47.0,35.06,790.667,-189.0,235.0,-162.0
782,546.1367,225.1577,227.81,227.81,0.95,916,371.5,15,36.666666666666664,27.47,612.333,-151.667,183.333,-125.333
783,814.54,190.7539,155.9667,264.0233,0.69,1318,268.3,6,58.333333333333336,39.54,880.0,-219.0,291.667,-177.667
784,529.9367,184.7944,166.855,244.56,1.8767,854,281.0,5,39.666666666666664,25.27,561.0,-140.667,198.333,-114.0
785,700.9733,197.6485,158.9633,237.1,2.2933,1221,292.3,14,50.0,36.64,794.667,-213.333,250.0,-167.0
786,603.04,164.1641,136.0067,319.3033,6.4067,1001,237.0,17,42.666666666666664,30.04,664.667,-168.333,213.333,-136.667
787,609.2533,212.42,205.4383,256.565,2.87,964,319.8,12,42.666666666666664,28.92,652.667,-155.667,213.333,-130.0
788,751.2733,209.6746,179.125,279.1233,5.6167,1181,286.7,16,55.0,35.44,793.0,-194.167,275.0,-158.0
789,751.8967,197.5224,180.4667,246.3367,1.44,1258,286.0,15,56.0,37.73,823.333,-217.167,280.0,-172.0
790,977.41,230.3203,195.1783,301.83,-0.35,1647,349.8,5,72.33333333333333,49.41,1076.333,-285.333,361.667,-224.667
791,656.1767,186.5618,152.0217,189.9183,4.5667,1050,252.5,13,45.0,31.51,712.333,-169.0,225.0,-143.667
792,475.09,183.3063,158.3217,298.18,-1.35,853,269.7,5,33.333333333333336,25.59,552.667,-150.167,166.667,-119.667
793,926.7533,220.1494,198.9817,293.6917,1.8633,1564,344.8,5,69.33333333333333,46.92,1018.333,-272.833,346.667,-212.333
794,792.9233,231.0062,204.05,162.4017,1.9167,1286,346.5,8,56.666666666666664,38.59,858.333,-214.0,283.333,-173.333
795,565.8167,158.9232,129.5733,226.72,4.31,905,218.3,13,38.333333333333336,27.15,616.333,-144.333,191.667,-125.0
796,520.6333,207.572,196.6633,225.1567,1.5333,860,324.2,7,38.666666666666664,25.8,565.667,-147.167,193.333,-117.0
797,810.9967,230.6148,183.5867,177.9367,2.65,1344,317.5,5,56.333333333333336,40.33,896.333,-224.0,281.667,-183.333
798,679.8233,208.7162,199.66,265.785,3.19,1050,323.8,6,47.333333333333336,31.49,719.0,-165.333,236.667,-142.0
799,750.3867,223.2605,192.1567,242.8483,2.8633,1224,318.5,7,53.666666666666664,36.72,815.333,-204.333,268.333,-165.667
800,968.5567,242.3958,214.8433,214.6083,-0.5433,1596,336.5,10,71.33333333333333,47.89,1053.667,-271.333,356.667,-218.333
801,821.4767,228.6191,181.3183,175.9067,1.1767,1344,282.8,17,59.666666666666664,40.31,890.667,-226.5,298.333,-181.333
802,671.2533,197.8221,163.4333,185.25,4.2067,1097,269.0,18,47.666666666666664,32.92,731.333,-183.0,238.333,-148.333
803,662.1667,220.3157,205.8517,212.0083,1.6367,1100,342.7,16,47.666666666666664,33.0,727.667,-186.167,238.333,-150.667
804,731.8033,171.5183,151.27,199.3567,3.49,1182,250.5,15,52.666666666666664,35.47,790.333,-196.0,263.333,-161.333
805,645.5767,189.5735,159.7733,254.0583,0.0333,1130,271.7,7,47.333333333333336,33.91,729.667,-200.333,236.667,-154.333
806,697.92,232.8758,228.2233,221.5067,4.5833,1131,374.2,25,48.666666666666664,33.92,758.667,-186.0,243.333,-152.0
807,597.43,215.606,163.98,294.5,0.0733,948,286.8,8,42.666666666666664,28.43,638.333,-154.667,213.333,-128.0
808,685.17,218.9141,199.8283,207.3367,7.2167,1156,339.0,23,48.666666666666664,34.67,763.333,-196.167,243.333,-160.0
809,843.8233,209.6607,156.4167,133.225,-2.4467,1450,271.7,7,59.666666666666664,43.49,952.333,-248.667,298.333,-201.667
810,807.5,189.9995,189.3533,209.3933,12.2067,1367,316.7,18,55.0,41.0,908.333,-229.167,275.0,-187.667
811,668.8733,202.2739,171.6933,198.5883,1.5333,1168,286.0,6,48.666666666666664,35.04,755.667,-206.167,243.333,-159.0
812,576.7667,215.5509,217.6517,237.4333,4.4567,959,348.2,8,42.333333333333336,27.1,607.333,-148.0,211.667,-121.333
813,653.5867,216.509,210.905,266.2133,13.3067,1031,341.5,18,49.333333333333336,30.92,684.667,-173.0,246.667,-135.667
814,576.9167,192.4132,163.4483,146.42,0.19,958,278.8,6,44.0,28.75,623.333,-167.5,220.0,-127.667
815,626.8567,205.0204,168.7783,296.7067,0.7433,1012,292.0,14,45.333333333333336,28.69,650.0,-153.167,226.667,-125.333
816,705.2867,193.5055,156.3633,244.6467,1.91,1121,241.0,11,51.666666666666664,33.62,749.333,-185.667,258.333,-150.333
817,939.84,245.8857,225.0367,265.6633,-2.35,1461,401.0,5,68.33333333333333,43.84,986.667,-237.333,341.667,-195.0
818,626.4833,208.1994,145.7033,132.485,1.22,966,253.2,7,46.666666666666664,28.15,637.667,-150.333,233.333,-122.333
819,642.28,245.7922,239.305,291.98,4.13,1093,394.7,21,44.333333333333336,32.78,723.667,-184.5,221.667,-151.333
820,833.9067,231.0382,214.4617,228.4333,-2.35,1291,363.5,5,59.0,38.74,879.0,-206.167,295.0,-172.667
821,498.5033,204.6039,181.8083,299.24,6.9067,822,307.5,22,34.666666666666664,24.67,549.333,-136.5,173.333,-112.333
822,672.2933,175.3909,157.8783,221.7667,-2.29,1049,257.7,7,49.333333333333336,31.46,704.333,-172.167,246.667,-138.0
823,645.6,179.5401,151.4833,243.9017,1.2633,1003,238.3,31,48.0,30.1,673.0,-165.167,240.0,-132.333
824,737.6067,208.8054,179.9183,305.9417,1.4733,1265,292.5,11,52.0,37.94,830.0,-217.333,260.0,-173.0
825,542.1433,228.7643,228.64,277.0317,2.9633,894,367.2,18,37.666666666666664,26.81,598.333,-147.667,188.333,-123.667
826,737.0133,219.3799,217.63,219.0783,3.8867,1206,346.0,7,51.333333333333336,36.18,806.333,-199.833,256.667,-162.333
827,804.3833,223.3833,203.5233,236.465,2.8567,1218,351.7,20,57.0,36.55,835.333,-191.5,285.0,-161.0
828,553.48,199.4949,187.415,162.08,2.8167,914,308.7,5,41.0,26.98,595.0,-152.167,205.0,-121.333
829,423.9967,189.8119,179.1983,235.2,8.1567,778,289.8,16,31.333333333333332,23.33,493.0,-142.333,156.667,-106.667
830,827.77,192.5294,165.2767,291.6817,1.6433,1476,284.5,10,55.0,44.27,968.667,-253.5,275.0,-206.667
831,593.9233,182.5805,161.0283,218.1833,1.0733,936,258.3,8,45.333333333333336,28.09,620.667,-157.833,226.667,-123.667
832,565.59,212.2647,195.5967,299.5717,3.01,920,325.8,17,40.333333333333336,27.59,613.667,-153.0,201.667,-124.333
833,912.5333,206.2381,189.715,301.275,-0.5133,1457,349.3,8,65.33333333333333,43.7,979.0,-238.833,326.667,-198.0
834,781.3567,232.5225,206.07,218.6617,1.0267,1340,369.5,8,57.0,40.19,872.667,-233.5,285.0,-183.0
835,630.06,208.1089,186.55,264.4983,-2.9733,969,313.0,9,45.333333333333336,29.06,658.0,-155.333,226.667,-128.333
836,687.3867,209.8289,194.1667,198.99,3.7067,1007,316.7,18,51.666666666666664,30.22,689.0,-159.167,258.333,-131.0
837,645.96,226.2303,205.4817,198.4533,2.4467,1065,343.2,9,47.666666666666664,31.96,702.0,-181.667,238.333,-144.667
838,766.38,240.9853,196.9533,227.3933,1.9167,1279,312.3,8,55.333333333333336,38.38,844.0,-217.667,276.667,-175.0
839,792.57,224.3815,192.8233,280.9667,1.87,1319,316.3,6,56.666666666666664,39.57,871.667,-223.667,283.333,-178.333
840,610.6267,237.1177,194.8667,243.4017,2.2467,1015,327.0,19,43.333333333333336,30.46,674.333,-170.5,216.667,-140.333
841,645.4167,218.7948,191.745,184.3417,5.5967,1042,329.7,14,44.333333333333336,31.25,703.333,-169.167,221.667,-141.667
842,707.47,247.1876,183.4633,378.4167,0.65,1149,295.8,5,52.0,34.47,763.0,-193.0,260.0,-157.0
843,624.4867,234.724,233.5917,257.63,9.7567,961,407.0,20,46.333333333333336,28.82,646.0,-157.333,231.667,-124.667
844,628.4467,200.1696,167.29,241.4683,-1.85,1109,289.7,5,44.333333333333336,33.28,722.333,-193.5,221.667,-155.333
845,772.9233,233.7828,202.3683,343.6667,4.36,1136,348.2,9,57.0,34.09,779.333,-178.5,285.0,-147.0
846,656.8733,273.5017,288.4133,303.7733,-0.28,1051,467.0,7,49.333333333333336,31.54,696.667,-177.333,246.667,-140.667
847,613.7967,199.3638,199.7233,311.53,0.44,1054,329.7,5,44.0,31.63,688.667,-182.833,220.0,-143.667
848,671.3233,217.9269,177.215,271.5617,-0.1067,1166,312.5,7,45.666666666666664,34.99,767.667,-199.333,228.333,-160.333
849,1064.8967,240.1294,196.955,185.4867,4.5733,1791,322.8,8,76.66666666666667,53.73,1177.333,-306.833,383.333,-242.667
850,973.8267,211.5934,195.315,284.35,4.63,1539,315.2,18,72.33333333333333,46.16,1026.667,-256.0,361.667,-204.667
851,531.6067,162.3768,155.4967,248.505,0.4567,865,251.0,10,36.666666666666664,25.94,581.333,-141.667,183.333,-117.333
852,727.4833,174.5268,147.7517,251.7883,0.9867,1255,244.5,11,51.666666666666664,37.65,820.0,-217.5,258.333,-171.0
853,576.0433,214.4899,186.3167,193.165,2.8567,957,313.7,23,40.666666666666664,28.71,634.333,-161.333,203.333,-129.0
854,543.3567,222.3231,214.0183,219.6217,26.77,856,359.7,42,38.666666666666664,25.69,579.667,-138.333,193.333,-117.0
855,628.6733,217.9567,209.11,267.8367,-0.5833,1011,331.0,5,45.0,30.34,677.333,-167.0,225.0,-137.0
856,739.5067,197.4457,186.0467,279.49,3.1467,1261,323.0,4,53.0,37.84,827.333,-217.0,265.0,-173.667
857,829.0633,201.5355,190.0333,255.1533,-2.1367,1208,328.5,18,60.0,36.23,836.667,-185.5,300.0,-158.333
858,660.47,218.2973,193.5867,261.3017,-2.35,1082,317.8,5,47.333333333333336,32.47,719.667,-181.333,236.667,-147.0
859,621.59,175.7841,130.9283,298.4833,-1.35,1003,247.8,5,43.0,30.09,676.0,-163.5,215.0,-136.0
860,570.82,171.0655,128.68,217.6883,0.0333,827,222.7,7,42.0,24.82,570.0,-128.667,210.0,-105.333
861,1057.0533,237.8154,217.8667,237.3283,0.74,1774,358.8,8,79.0,53.22,1157.0,-308.5,395.0,-239.667
862,715.33,245.0285,259.2617,273.8717,3.45,1178,397.0,15,49.0,35.33,789.667,-194.0,245.0,-160.667
863,930.92,229.7841,193.8317,170.0083,7.2167,1431,342.3,35,70.66666666666667,42.92,960.0,-235.333,353.333,-190.0
864,736.5167,209.9881,162.405,241.05,3.4967,1228,290.0,28,54.666666666666664,36.85,804.333,-212.0,273.333,-166.0
865,587.92,188.8469,171.185,203.8767,1.5967,914,296.2,9,45.0,27.42,609.0,-152.5,225.0,-121.0
866,711.4133,205.1647,182.6683,190.3683,3.8633,1153,329.7,18,51.666666666666664,34.58,767.0,-192.833,258.333,-155.667
867,577.8167,192.0745,146.3817,125.03,4.5367,929,242.2,12,41.333333333333336,26.65,604.667,-141.833,206.667,-118.333
868,541.8833,181.721,171.0067,221.7667,0.7233,985,285.5,13,35.666666666666664,29.55,642.333,-171.333,178.333,-137.0
869,710.3167,195.8301,176.6367,252.07,2.69,1222,298.3,6,50.666666666666664,36.65,799.0,-211.333,253.333,-167.333
870,640.2933,213.7161,166.2167,247.955,-0.74,1061,268.7,9,47.333333333333336,30.46,677.0,-169.167,236.667,-134.667
871,659.1267,198.2122,196.2817,235.2233,3.0567,1049,312.2,13,47.333333333333336,31.46,704.667,-172.0,236.667,-141.667
872,696.1167,170.8098,132.8383,262.31,4.3333,1115,233.5,13,46.333333333333336,33.45,761.0,-177.0,231.667,-153.0
873,459.9133,197.5417,170.1717,286.7633,0.9567,808,294.8,10,33.666666666666664,24.08,519.0,-141.833,168.333,-109.667
874,890.59,185.5609,168.9117,211.505,1.65,1453,254.3,5,63.0,43.59,971.667,-240.667,315.0,-199.0
875,831.1367,204.5315,185.015,201.0617,1.0533,1249,313.2,7,61.666666666666664,37.47,851.0,-199.0,308.333,-166.667
876,547.5467,193.3611,164.99,214.935,-1.35,942,281.3,5,40.0,24.88,564.0,-132.667,200.0,-108.667
877,614.8867,197.7331,205.3317,218.765,-2.35,1057,341.2,5,41.666666666666664,31.72,699.667,-178.833,208.333,-146.0
878,901.6633,244.9607,218.43,239.2517,4.3567,1478,349.8,8,60.333333333333336,44.33,998.333,-239.667,301.667,-203.0
879,677.2633,214.7583,182.6783,272.5133,-1.78,1081,289.7,7,48.333333333333336,32.43,727.333,-176.833,241.667,-147.333
880,592.9233,201.7203,187.8783,178.6467,-2.6233,1053,302.7,9,41.333333333333336,31.59,685.0,-184.0,206.667,-146.333
881,587.1933,210.1827,184.4667,205.5117,0.7533,931,312.7,14,43.666666666666664,26.36,597.667,-140.5,218.333,-114.667
882,597.9333,227.8841,189.695,359.6067,0.4867,1037,331.5,11,43.666666666666664,31.1,671.667,-182.5,218.333,-140.667
883,702.2867,225.5734,184.1683,393.8467,2.33,1154,309.5,11,49.333333333333336,34.62,771.333,-191.333,246.667,-159.0
884,722.9867,201.5351,159.5483,322.8617,2.8033,1127,261.8,12,53.333333333333336,33.82,756.333,-185.5,266.667,-148.333
885,636.5133,185.4716,151.115,242.8267,3.28,1056,254.7,9,44.333333333333336,31.68,703.667,-176.167,221.667,-144.333
886,439.6233,158.6418,124.965,314.3383,6.9567,750,210.5,13,32.333333333333336,18.79,436.0,-95.167,161.667,-81.667
887,747.88,218.9558,180.9983,250.7817,3.3167,1196,294.5,11,54.666666666666664,35.88,797.333,-199.333,273.333,-159.333
888,548.9167,210.8282,203.9517,212.9017,-1.35,962,335.3,5,39.0,28.25,617.667,-162.0,195.0,-130.0
889,489.01,194.5916,189.445,243.265,1.94,844,322.3,15,33.333333333333336,22.01,510.333,-111.667,166.667,-98.333
890,735.6133,186.5493,161.8833,235.5867,3.91,1093,291.0,14,54.666666666666664,32.78,747.0,-172.833,273.333,-144.667
891,1029.1,191.2507,126.1983,307.955,2.73,1637,226.5,8,79.33333333333333,49.1,1079.333,-278.667,396.667,-217.333
892,553.7133,181.2893,164.0,159.96,0.6667,879,275.0,13,41.666666666666664,26.38,583.333,-148.0,208.333,-116.333
893,558.9167,133.6061,88.0967,239.4217,0.1633,892,188.7,11,39.666666666666664,26.75,600.667,-145.5,198.333,-121.333
894,422.6033,167.9911,158.6883,215.84,6.0267,692,279.3,12,29.333333333333332,20.77,464.667,-113.833,146.667,-95.667
895,554.61,154.9476,148.48,189.8633,2.5333,887,236.3,7,41.333333333333336,26.61,589.0,-149.0,206.667,-118.667
896,655.2967,193.954,174.7383,231.105,1.3867,1104,255.2,12,47.666666666666664,33.13,724.667,-189.833,238.333,-151.0
897,748.7633,239.7271,226.5283,261.3183,22.47,1131,371.0,32,55.666666666666664,33.93,766.667,-182.167,278.333,-148.0
898,651.0233,190.78,168.2133,309.8083,-1.06,1056,262.7,9,45.666666666666664,31.69,708.333,-174.0,228.333,-143.333
899,717.17,166.0877,122.4133,167.9517,-0.9833,1206,202.7,11,57.0,36.17,773.667,-216.0,285.0,-161.667
900,923.5767,174.1075,125.8433,243.695,1.53,1547,219.8,9,63.333333333333336,46.41,1032.0,-257.5,316.667,-214.0
901,553.37,189.4533,172.9217,451.1383,1.1833,979,300.2,5,37.333333333333336,29.37,642.333,-168.333,186.667,-136.667
902,572.7567,225.5031,198.295,289.3617,2.19,891,341.0,6,42.0,26.09,590.333,-139.667,210.0,-114.0
903,571.96,189.7981,175.8,213.9067,2.5533,965,301.7,22,40.0,28.96,639.333,-163.0,200.0,-133.333
904,520.1867,186.3393,195.1733,209.9717,1.6467,832,316.7,13,37.0,24.52,552.667,-132.333,185.0,-109.667
905,580.36,203.8203,165.7117,192.945,8.31,957,301.3,27,39.333333333333336,28.36,637.333,-154.0,196.667,-128.0
906,582.5833,152.9577,145.3883,188.2483,0.7,958,236.8,10,41.333333333333336,28.75,638.667,-159.833,206.667,-131.667
907,855.9567,160.4181,116.0917,181.905,-1.3067,1410,208.8,18,64.33333333333333,42.29,924.333,-242.667,321.667,-189.667
908,698.9367,177.0195,158.2017,206.435,1.19,1209,251.2,6,50.666666666666664,36.27,786.333,-211.333,253.333,-165.667
909,680.4767,178.6747,162.8567,190.0333,0.1533,1127,259.0,8,52.333333333333336,33.81,733.667,-196.667,261.667,-152.0
910,594.3633,188.0857,166.755,299.52,-1.85,951,266.0,5,41.666666666666664,28.53,641.333,-154.833,208.333,-129.0
911,590.42,185.4371,154.1883,297.9433,-2.82,997,280.3,6,41.0,29.92,660.333,-168.5,205.0,-136.333
912,578.3533,200.6236,187.8617,257.055,-2.17,951,316.8,9,43.0,28.52,625.0,-162.833,215.0,-127.333
913,862.28,181.1011,130.73,253.345,-2.35,1459,217.8,5,58.666666666666664,43.78,971.0,-244.167,293.333,-201.667
914,466.7433,178.4139,152.5117,126.6017,6.0533,697,256.2,23,38.0,20.91,462.667,-117.167,190.0,-89.667
915,508.4333,172.1689,156.3383,247.4483,3.9267,851,268.0,9,37.666666666666664,22.6,515.0,-119.167,188.333,-98.333
916,585.57,208.9673,195.9283,358.765,-0.6233,1019,314.7,5,40.666666666666664,30.57,668.333,-175.333,203.333,-141.333
917,918.81,200.2414,164.5233,192.2867,8.2,1444,277.8,23,70.66666666666667,43.31,956.0,-243.833,353.333,-190.0
918,869.1467,217.9487,191.3967,259.0817,15.9067,1333,312.3,41,65.33333333333333,39.98,898.333,-217.167,326.667,-178.667
919,656.38,198.6292,146.7417,146.7417,2.0267,1079,253.8,12,47.666666666666664,32.38,714.0,-182.667,238.333,-145.667
920,585.0633,204.0689,179.7167,203.805,2.6933,941,267.8,12,41.0,28.23,634.0,-153.5,205.0,-128.667
921,580.3633,147.2152,129.7183,216.3133,-0.4333,918,207.7,9,43.666666666666664,27.53,610.667,-153.5,218.333,-122.667
922,489.5233,167.6412,162.2483,248.95,1.8167,840,259.8,6,33.666666666666664,25.19,553.667,-143.0,168.333,-114.667
923,596.02,193.0435,174.5083,253.68,3.2067,1035,299.7,18,43.333333333333336,28.52,636.333,-157.167,216.667,-128.333
924,510.5833,194.8457,178.565,195.81,1.3467,875,297.5,6,36.666666666666664,26.25,571.667,-151.667,183.333,-119.0
925,537.37,222.9079,205.915,294.4183,2.1233,856,322.2,10,38.333333333333336,25.37,571.667,-137.0,191.667,-114.333
926,1049.1767,197.801,148.7333,240.985,0.0333,1684,248.0,7,77.66666666666667,50.51,1119.0,-282.333,388.333,-226.333
927,678.3433,232.4935,212.675,257.3033,-1.28,1050,360.3,7,50.333333333333336,31.51,706.667,-171.833,251.667,-139.667
928,582.5433,191.1451,164.6717,198.2467,5.67,890,279.3,6,41.666666666666664,26.71,608.0,-141.167,208.333,-119.333
929,757.26,203.4658,136.1717,253.1383,1.69,1209,228.8,6,57.333333333333336,36.26,800.0,-204.333,286.667,-161.333
930,531.66,147.8348,121.8217,148.55,1.0333,872,208.8,7,40.333333333333336,26.16,571.667,-150.167,201.667,-117.667
931,773.9333,228.4032,201.4217,262.4667,2.9367,1320,327.7,9,56.666666666666664,39.6,860.667,-229.667,283.333,-180.0
932,661.6133,191.5245,149.53,306.095,2.34,1026,268.8,11,48.666666666666664,30.78,690.333,-167.833,243.333,-135.0
933,732.8667,197.7617,179.7317,254.6867,0.9167,1140,293.3,5,54.0,34.2,768.667,-185.667,270.0,-154.333
934,557.25,198.9187,167.8267,247.745,1.98,858,297.0,8,43.333333333333336,25.75,572.0,-143.167,216.667,-114.0
935,686.04,155.7056,145.48,225.745,8.6167,1085,234.0,18,55.0,32.54,707.667,-188.5,275.0,-140.667
936,679.91,168.1677,104.8167,309.1717,3.1067,1130,162.7,11,46.0,33.91,757.0,-186.667,230.0,-154.333
937,633.19,187.1941,160.57,328.6617,6.8567,1056,261.2,15,45.333333333333336,31.69,698.0,-179.167,226.667,-144.0
938,605.9067,190.2791,171.4783,217.14,5.77,1075,268.3,26,43.0,32.24,695.333,-189.667,215.0,-147.0
939,551.0633,160.5509,131.1333,134.0033,2.5667,841,259.2,13,40.666666666666664,25.23,570.0,-135.5,203.333,-112.0
940,605.1,195.0263,137.4883,292.5533,4.7633,1003,232.0,16,42.666666666666664,30.1,666.0,-168.667,213.333,-135.667
941,708.4567,188.6811,154.5433,253.6567,-0.6433,1229,249.5,8,55.0,33.79,742.333,-192.0,275.0,-150.667
942,468.9833,166.8419,135.3917,187.405,7.55,755,229.0,9,35.333333333333336,22.65,499.0,-128.0,176.667,-101.333
943,517.6833,161.3683,112.14,301.7083,1.1333,871,221.0,6,38.0,24.85,552.0,-138.167,190.0,-111.0
944,534.57,191.4574,183.5583,288.2517,4.0733,855,303.2,8,41.0,24.57,547.0,-136.0,205.0,-106.0
945,732.93,183.5821,133.5517,264.4317,6.55,1214,226.8,18,53.0,36.43,802.667,-205.833,265.0,-165.333
946,482.1567,177.0952,166.645,213.7233,4.5433,850,258.2,7,32.666666666666664,25.49,557.667,-146.0,163.333,-118.333
947,915.9933,154.0906,111.0867,208.1417,2.95,1455,188.8,9,66.33333333333333,43.66,974.667,-240.333,331.667,-193.667
948,622.49,171.8833,156.0167,221.29,3.56,1016,246.3,6,45.666666666666664,30.49,672.333,-172.0,228.333,-136.667
949,725.1367,175.5163,117.9483,172.6917,6.0,1199,184.5,15,53.333333333333336,35.97,790.0,-204.5,266.667,-163.0
950,723.7133,173.2233,130.63,265.2283,1.5733,1207,223.2,8,51.0,35.88,797.0,-199.5,255.0,-164.667
951,546.5133,221.9425,216.0883,255.275,6.4967,873,348.2,11,40.0,26.18,582.667,-145.0,200.0,-117.333
952,800.5,202.1542,117.6767,255.2183,2.6367,1367,223.5,16,53.666666666666664,41.0,909.667,-228.5,268.333,-190.0
953,915.3933,218.8073,209.54,228.495,-0.1033,1619,350.0,8,64.66666666666667,48.56,1051.0,-283.833,323.333,-223.667
954,875.08,226.7523,204.3933,305.7267,6.0767,1353,341.3,23,62.0,40.58,921.0,-215.833,310.0,-180.667
955,561.39,139.8435,106.1867,175.3617,0.9867,896,179.2,11,40.666666666666664,26.89,599.333,-148.5,203.333,-119.667
956,624.8933,242.1433,221.9883,235.585,2.1133,935,375.2,9,45.333333333333336,28.06,641.667,-146.833,226.667,-124.667
957,620.6533,178.0043,162.1433,204.4517,2.6433,1044,283.2,10,45.666666666666664,31.32,685.333,-179.333,228.333,-145.0
958,632.7067,232.3098,225.635,242.9017,3.3867,1051,358.5,7,48.666666666666664,31.54,682.333,-184.5,243.333,-140.0
959,487.9767,196.6892,172.1867,214.0967,9.96,860,304.8,29,33.333333333333336,25.81,563.333,-148.5,166.667,-119.333
960,510.9667,171.4757,160.89,175.4883,1.7933,777,326.8,13,38.0,23.3,525.333,-125.667,190.0,-102.0
961,573.1233,179.8305,173.2383,201.575,6.95,976,292.5,32,37.666666666666664,29.29,652.667,-161.833,188.333,-135.333
962,493.8567,154.8063,145.0917,236.6317,5.8433,873,247.7,20,34.666666666666664,26.19,569.0,-152.0,173.333,-122.667
963,500.1,202.0712,175.6983,330.3467,5.4667,770,296.2,27,38.666666666666664,23.1,513.333,-128.333,193.333,-101.333
964,482.9533,208.9004,190.0317,275.7833,4.3933,821,301.2,15,36.0,24.62,532.667,-144.0,180.0,-110.333
965,561.1733,203.1115,169.3767,198.3117,1.0267,878,273.7,12,41.0,26.34,590.333,-143.833,205.0,-116.667
966,461.73,179.4299,166.0817,330.8933,-1.24,791,297.2,9,30.333333333333332,23.73,527.667,-131.667,151.667,-109.667
967,732.9933,198.9273,149.5683,210.075,0.6433,1222,238.8,10,51.333333333333336,36.66,812.0,-205.0,256.667,-167.333
968,613.3867,192.5603,159.0083,298.1567,1.6833,991,253.8,7,47.0,29.72,651.333,-169.667,235.0,-133.0
969,719.9733,217.7529,211.8067,193.6833,4.13,1121,326.5,21,56.666666666666664,33.64,740.667,-190.333,283.333,-147.333
970,543.4167,184.8213,162.5717,251.935,4.4967,908,281.3,18,37.333333333333336,27.25,604.667,-151.833,186.667,-123.333
971,744.7467,193.7218,147.4583,203.4483,3.77,1153,243.7,24,52.666666666666664,34.58,785.667,-183.5,263.333,-155.333
972,677.9767,159.8771,103.7283,179.935,-1.6033,1144,171.5,8,46.666666666666664,34.31,759.667,-192.0,233.333,-157.333
973,430.8933,186.8394,184.7817,217.725,5.4567,672,301.0,8,32.0,20.06,449.0,-109.833,160.0,-88.333
974,919.5667,161.0929,121.39,206.105,0.04,1530,213.0,6,64.33333333333333,45.9,1017.333,-256.333,321.667,-209.0
975,655.9367,194.2024,175.955,189.2283,5.24,1092,310.0,20,47.666666666666664,32.77,720.667,-185.833,238.333,-150.0
976,591.2133,216.7113,193.48,225.2383,1.7133,929,332.3,13,44.333333333333336,27.88,620.667,-154.333,221.667,-124.667
977,574.4167,213.0665,204.15,233.095,2.4567,942,318.0,10,40.0,28.25,630.0,-155.833,200.0,-128.0
978,465.88,163.4189,165.5083,272.11,-0.31,863,309.2,6,28.333333333333332,25.88,568.667,-147.0,141.667,-123.333
979,567.3533,197.3197,146.995,273.215,5.38,984,274.8,21,40.666666666666664,29.52,640.333,-171.833,203.333,-134.0
980,575.2633,237.2951,246.1,259.6483,2.8167,881,395.3,19,41.333333333333336,26.43,600.0,-140.5,206.667,-117.333
981,731.2767,199.3234,199.94,247.6783,6.4267,1237,311.2,18,49.333333333333336,37.11,826.0,-205.5,246.667,-173.0
982,447.4367,175.2965,153.4717,238.38,0.41,776,252.7,9,32.0,21.77,484.333,-120.667,160.0,-98.0
983,733.8133,236.1851,218.755,439.3183,2.4567,1266,346.3,10,52.0,37.98,828.333,-218.833,260.0,-173.667
984,564.6567,175.73,126.13,208.5233,1.4567,902,226.7,10,40.666666666666664,26.99,603.0,-148.333,203.333,-120.333
985,607.8433,191.925,158.485,165.15,1.7133,1000,254.7,13,44.0,30.01,662.667,-168.833,220.0,-136.0
986,558.21,198.3643,198.4367,307.81,3.8,890,327.3,10,40.666666666666664,26.71,595.333,-147.5,203.333,-119.667
987,566.8733,201.572,178.7683,258.32,2.04,951,286.0,15,44.666666666666664,28.54,612.667,-169.333,223.333,-128.333
988,794.2867,185.5317,152.7933,217.3183,2.0367,1337,273.7,9,58.0,40.12,875.667,-230.833,290.0,-180.667
989,589.8033,176.0645,162.7133,264.6767,2.1133,966,271.0,9,44.0,28.97,634.667,-165.5,220.0,-128.333
990,491.7133,179.7857,166.6217,235.0533,5.4033,796,309.0,19,35.333333333333336,23.88,531.0,-132.5,176.667,-107.333
991,672.4767,240.0844,192.6367,243.98,0.8967,1103,318.0,8,46.333333333333336,32.31,728.0,-174.5,231.667,-145.0
992,606.3733,221.1587,210.5967,259.61,6.8,973,335.7,10,45.0,29.04,644.0,-162.0,225.0,-129.667
993,609.7767,220.3858,211.965,260.91,2.6967,954,349.0,10,43.666666666666664,28.61,644.667,-154.5,218.333,-127.333
994,491.45,204.4527,184.8233,182.4833,8.2933,783,304.8,12,37.333333333333336,22.95,510.667,-127.167,186.667,-101.667
995,768.9067,208.9732,161.9433,288.99,6.2267,1275,257.5,15,54.333333333333336,38.24,848.0,-213.333,271.667,-175.667
996,630.7533,179.6641,140.83,269.3883,1.5667,994,246.7,11,45.333333333333336,29.42,663.333,-158.667,226.667,-130.0
997,550.2967,209.8991,190.6483,209.245,4.77,971,302.2,26,39.333333333333336,29.13,629.333,-170.833,196.667,-134.0
998,602.78,193.9557,194.62,192.6283,0.9933,1026,315.2,5,44.333333333333336,30.78,669.333,-178.333,221.667,-140.667
999,786.7467,212.8811,209.42,258.5967,2.4567,1269,351.8,10,54.0,38.08,857.333,-206.0,270.0,-172.667
1000,464.3033,153.7778,137.7133,219.2117,-1.26,766,235.2,8,33.333333333333336,22.97,507.667,-129.0,166.667,-104.0
1001,720.5833,202.4879,176.2767,301.8483,1.7533,1175,294.0,12,53.0,35.25,777.0,-199.0,265.0,-157.667
1002,801.63,197.9761,172.9533,344.7583,1.0967,1238,276.0,14,57.666666666666664,37.13,841.333,-198.167,288.333,-167.0
1003,574.9667,181.3781,160.7533,252.3183,2.8967,943,274.3,8,41.333333333333336,28.3,626.0,-158.667,206.667,-127.333
1004,540.0533,186.3771,161.9267,175.82,4.7933,855,257.5,16,37.0,25.22,576.333,-132.167,185.0,-114.333
1005,540.4667,177.6694,148.4767,178.6867,2.49,893,242.5,13,39.666666666666664,26.8,589.333,-152.0,198.333,-122.0
1006,1089.57,254.8419,232.9217,264.625,15.84,1686,396.8,61,77.0,50.57,1147.0,-269.333,385.0,-223.667
1007,733.5733,205.4461,183.555,196.805,0.9733,1175,311.2,21,54.666666666666664,35.24,780.0,-197.333,273.333,-157.667
1008,662.7267,211.6295,177.335,256.0333,1.9967,1152,294.5,11,47.333333333333336,34.56,749.667,-201.167,236.667,-157.0
1009,783.5833,177.6231,121.4033,199.9833,1.8,1275,219.2,10,58.333333333333336,38.25,843.0,-216.0,291.667,-173.333
1010,611.4267,173.7,155.06,222.1583,2.3233,1009,246.3,15,44.0,30.26,667.667,-170.5,220.0,-136.0
1011,685.4,175.7486,141.1017,270.305,2.4033,1297,229.0,16,50.333333333333336,38.9,816.333,-240.167,251.667,-181.333
1012,674.44,151.3017,107.9383,155.3967,3.6067,1148,190.7,15,47.0,34.44,758.667,-194.667,235.0,-159.0
1013,450.1267,188.5459,166.3833,299.63,10.49,770,282.2,16,35.333333333333336,19.46,440.667,-104.0,176.667,-82.667
1014,523.9633,159.5539,135.6283,224.4867,4.9267,854,219.7,9,39.333333333333336,25.63,561.0,-146.667,196.667,-112.667
1015,744.7867,218.8689,219.945,259.9817,2.9567,1187,341.7,10,53.0,35.62,798.333,-194.5,265.0,-159.667
1016,605.81,178.099,131.39,127.3183,3.31,960,244.5,10,43.0,28.81,647.667,-156.333,215.0,-129.333
1017,537.2433,175.0081,143.5017,263.4667,0.5167,947,227.8,8,37.666666666666664,28.41,616.0,-165.5,188.333,-130.0
1018,756.4467,199.4517,155.51,264.7217,3.9733,1309,273.3,21,50.666666666666664,39.28,866.333,-221.5,253.333,-181.0
1019,704.28,191.9356,188.63,179.9483,2.4033,1176,328.3,11,49.666666666666664,35.28,780.0,-198.0,248.333,-161.333
1020,612.96,169.8753,157.6,159.8983,9.82,1065,252.3,11,44.333333333333336,31.96,693.333,-186.0,221.667,-148.0
1021,777.23,240.9339,200.3167,305.7183,10.0367,1347,314.3,29,54.666666666666664,39.73,870.0,-227.167,273.333,-178.667
1022,680.7333,178.2627,147.3717,201.6983,2.6367,1247,233.7,16,48.666666666666664,37.4,797.333,-224.667,243.333,-172.667
1023,692.9167,224.0801,209.2167,237.76,2.9267,1171,363.0,15,47.0,34.75,775.333,-191.5,235.0,-160.667
1024,663.1667,175.3856,128.2233,214.235,-1.9133,1067,238.0,14,48.333333333333336,32.0,711.0,-177.833,241.667,-143.667
1025,757.1367,164.1005,130.055,201.1117,5.1767,1232,235.3,18,54.666666666666664,36.97,820.0,-206.167,273.333,-167.0
1026,1193.09,249.8664,189.9933,336.5367,5.8167,1970,273.5,22,87.33333333333333,59.09,1299.0,-335.333,436.667,-266.333
1027,817.94,185.6895,131.085,231.6533,-0.5833,1398,209.3,8,60.0,41.94,911.333,-243.333,300.0,-192.0
1028,649.7767,244.123,206.9233,184.41,6.0033,1126,328.8,6,46.333333333333336,33.61,731.333,-194.5,231.667,-152.333
1029,437.4233,191.5635,203.1833,268.6617,-0.71,720,337.3,10,34.333333333333336,21.09,458.333,-122.333,171.667,-91.333
1030,699.9267,193.3645,148.5133,148.5133,0.75,1192,257.5,8,50.333333333333336,35.76,782.333,-204.833,251.667,-165.0
1031,515.1633,190.8469,149.3483,272.545,-1.26,874,263.2,8,36.333333333333336,23.83,542.333,-126.0,181.667,-106.667
1032,460.11,141.5161,130.8967,182.0917,0.21,739,217.2,7,34.666666666666664,20.61,466.0,-110.5,173.333,-89.333
1033,733.55,234.5321,185.6633,202.8417,-2.24,1235,325.7,9,53.0,37.05,811.333,-211.833,265.0,-168.0
1034,793.7667,202.5689,166.1667,244.58,7.56,1353,272.2,16,54.333333333333336,40.6,897.0,-228.167,271.667,-187.333
1035,563.7033,194.0255,176.915,211.7867,2.3567,929,300.3,6,39.666666666666664,27.87,617.333,-155.833,198.333,-124.0
1036,665.72,211.3403,176.745,240.1183,-3.6,1057,342.3,5,48.333333333333336,31.72,708.667,-174.333,241.667,-142.0
1037,491.6767,184.9693,193.3483,213.4617,4.0667,817,298.7,13,35.666666666666664,24.51,539.333,-138.833,178.333,-111.667
1038,604.7167,211.4573,204.3983,276.1783,-0.35,1002,351.3,5,45.333333333333336,30.05,657.0,-172.333,226.667,-136.667
1039,678.6467,251.538,238.15,256.5183,17.3733,1233,379.8,51,47.666666666666664,36.98,794.667,-219.0,238.333,-172.333
1040,591.9067,205.4067,198.2967,202.98,-1.35,1008,314.5,5,45.0,30.24,651.333,-178.333,225.0,-136.333
1041,652.4033,189.025,144.1383,228.8617,1.8767,1036,251.7,7,47.0,31.07,694.333,-170.667,235.0,-137.333
1042,451.75,144.0552,130.585,170.89,1.7233,742,207.0,13,29.0,22.25,504.667,-118.5,145.0,-101.667
1043,641.5167,224.3738,192.69,203.52,11.8267,978,359.3,39,46.666666666666664,29.35,664.667,-156.833,233.333,-129.0
1044,709.47,179.7433,170.0083,177.5783,5.66,1116,260.3,11,51.0,33.47,752.333,-181.667,255.0,-149.667
1045,944.5033,189.3481,144.9967,183.4133,4.1367,1456,233.8,15,70.0,43.67,982.667,-236.5,350.0,-195.333
1046,827.54,220.6787,186.0217,187.64,1.4167,1468,303.5,8,52.333333333333336,44.04,975.0,-246.5,261.667,-206.667
1047,465.1833,193.4647,174.31,218.72,-0.23,786,293.7,9,32.0,22.85,512.333,-124.667,160.0,-105.333
1048,733.5467,201.8195,168.6167,283.99,3.2533,1246,302.2,14,55.0,37.38,809.0,-218.5,275.0,-169.333
1049,632.1333,188.3385,172.0317,215.08,5.95,1043,303.8,15,42.333333333333336,31.3,701.667,-170.833,211.667,-141.667
1050,726.75,183.5829,169.2683,202.5183,2.1233,1242,278.0,7,51.666666666666664,37.25,815.333,-213.167,258.333,-171.0
1051,529.9133,218.7774,171.865,183.905,4.0433,903,301.3,24,39.666666666666664,24.58,550.0,-134.667,198.333,-108.333
1052,547.74,214.9407,194.99,225.9233,11.34,891,309.7,45,38.0,26.74,600.0,-145.667,190.0,-123.333
1053,545.09,178.8059,121.02,237.3733,3.8,870,217.8,10,38.333333333333336,26.09,585.667,-142.0,191.667,-116.333
1054,576.22,210.0185,198.3833,215.48,0.23,891,330.8,8,43.0,26.72,599.0,-145.833,215.0,-118.667
1055,579.78,212.1438,199.2083,276.59,1.5333,959,342.8,7,40.0,28.78,640.667,-159.333,200.0,-130.333
1056,455.0767,127.5791,96.8783,135.4967,-1.85,700,195.0,5,34.666666666666664,19.91,453.333,-105.167,173.333,-86.333
1057,696.1533,187.8197,180.1383,245.1467,7.8167,1127,310.2,22,46.666666666666664,33.82,764.0,-181.667,233.333,-153.333
1058,821.5933,196.1289,152.83,223.2033,2.52,1375,249.0,8,58.0,41.26,910.667,-232.333,290.0,-188.0
1059,613.1967,275.3559,265.475,232.35,7.0467,1029,431.7,13,46.0,30.53,665.667,-176.0,230.0,-137.0
1060,546.7433,182.0658,170.7017,231.9,1.15,914,260.7,5,37.0,27.41,611.0,-151.333,185.0,-125.333
1061,883.1667,194.1165,176.4083,266.66,4.4667,1467,300.0,10,66.0,44.0,959.667,-253.5,330.0,-197.0
1062,686.8767,192.0599,175.8067,130.03,3.48,1074,277.3,9,51.666666666666664,32.21,717.667,-178.0,258.333,-143.333
1063,640.7067,215.6677,193.6783,342.7133,3.72,1018,336.5,7,48.666666666666664,30.54,674.333,-171.833,243.333,-135.667
1064,888.9267,201.0257,166.8917,206.1633,8.8867,1442,292.5,24,64.0,43.26,960.667,-240.667,320.0,-194.333
1065,740.24,222.8931,170.285,175.62,-2.26,1208,284.5,8,51.333333333333336,36.24,810.667,-198.667,256.667,-164.667
1066,615.0767,201.2842,177.7333,239.72,1.95,1047,279.0,15,42.0,31.41,693.667,-176.667,210.0,-143.333
1067,504.99,229.5425,191.4383,225.5283,9.03,865,332.2,19,36.333333333333336,23.49,530.667,-126.167,181.667,-104.667
1068,808.2033,228.4902,158.7083,292.88,2.2933,1329,296.3,15,52.666666666666664,39.87,903.0,-213.0,263.333,-185.0
1069,581.95,204.0318,186.635,186.635,0.31,882,284.8,27,40.666666666666664,26.45,608.667,-136.5,203.333,-120.0
1070,611.1833,206.1885,172.97,243.0233,2.9867,978,307.2,10,43.666666666666664,29.35,656.0,-161.167,218.333,-131.333
1071,633.4733,195.9766,179.6967,174.06,2.88,988,301.2,17,44.0,29.64,674.333,-156.833,220.0,-133.667
1072,895.48,211.8447,159.98,230.51,8.4733,1483,292.5,21,61.666666666666664,44.48,991.333,-245.667,308.333,-203.0
1073,678.63,205.1449,181.305,266.325,1.1433,1104,301.8,10,49.0,33.13,733.333,-185.5,245.0,-147.333
1074,672.24,191.6557,172.1333,277.665,1.6367,1090,266.2,16,46.666666666666664,31.74,718.333,-169.833,233.333,-141.333
1075,840.96,236.1887,230.2683,217.9117,4.0367,1399,402.2,25,59.666666666666664,41.96,926.0,-236.333,298.333,-189.0
1076,548.4433,198.3413,192.6217,287.755,-1.21,870,308.8,10,40.666666666666664,26.11,580.333,-145.0,203.333,-116.333
1077,891.4333,241.975,206.6283,252.4567,11.73,1453,332.2,35,64.33333333333333,43.6,967.0,-243.167,321.667,-197.667
1078,758.89,236.4927,225.4067,247.6183,12.2267,1280,373.8,35,53.333333333333336,38.39,846.0,-216.833,266.667,-175.333
1079,564.29,194.5817,169.3417,201.74,-2.35,893,284.8,5,42.333333333333336,26.79,594.0,-149.5,211.667,-118.667
1080,1149.1267,221.2573,201.4633,278.8433,-1.46,1982,346.7,10,82.33333333333333,59.46,1295.333,-343.333,411.667,-274.0
1081,874.11,230.1763,213.185,329.3667,2.4867,1470,336.2,11,60.0,44.11,978.333,-246.0,300.0,-202.333
1082,647.2567,174.5217,122.0467,246.3133,1.48,1086,212.7,8,44.0,32.59,724.333,-181.0,220.0,-148.667
1083,785.5033,265.2578,233.125,335.9817,3.8,1372,396.2,27,55.0,41.17,896.333,-238.0,275.0,-189.0
1084,595.8967,207.1967,194.4417,206.045,1.1833,941,323.2,12,43.0,28.23,632.333,-154.333,215.0,-125.333
1085,754.9467,167.8425,118.3417,241.3333,1.77,1309,199.0,9,53.333333333333336,39.28,856.667,-226.333,266.667,-181.333
1086,424.8433,158.0398,151.085,183.7967,5.1167,717,262.2,15,30.333333333333332,21.51,471.667,-122.667,151.667,-97.333
1087,904.4067,236.7915,204.6917,312.5283,-2.5833,1491,366.2,17,62.666666666666664,44.74,998.0,-246.667,313.333,-205.0
1088,594.18,256.7176,247.1333,271.9733,2.77,931,388.0,9,45.333333333333336,27.68,614.333,-154.167,226.667,-120.333
1089,671.4033,229.9389,225.7533,240.41,12.64,1074,367.5,42,52.333333333333336,31.57,696.0,-178.167,261.667,-139.667
1090,679.0533,194.5544,155.6533,223.1667,0.65,1167,262.0,5,46.666666666666664,31.22,716.333,-162.167,233.333,-139.667
1091,546.03,197.9777,172.2967,214.9767,1.95,918,291.3,13,38.0,27.53,608.667,-154.5,190.0,-125.667
1092,728.4867,194.8188,151.7667,263.6083,4.1767,1327,245.0,18,51.0,39.82,854.0,-236.667,255.0,-183.667
1093,583.0267,177.0165,178.1533,235.825,2.8867,945,285.7,17,40.666666666666664,28.36,634.667,-155.333,203.333,-128.0
1094,624.6833,211.0839,178.975,200.97,6.5533,1062,296.8,34,42.666666666666664,31.85,705.333,-178.167,213.333,-147.667
1095,663.1333,246.7861,209.08,249.0633,6.07,1093,355.0,28,49.0,32.8,718.667,-187.333,245.0,-146.0
1096,734.32,192.6061,130.9367,424.4817,-0.2867,1261,223.5,13,49.0,37.82,838.333,-211.167,245.0,-175.667
1097,945.2533,256.1359,199.5333,192.5067,0.1033,1564,350.5,9,69.33333333333333,46.92,1030.0,-267.0,346.667,-211.333
1098,632.75,211.8523,213.09,260.6433,-2.7567,1042,330.3,12,46.333333333333336,31.25,686.667,-177.5,231.667,-139.333
1099,611.73,184.1424,131.4167,204.1517,4.4267,1074,225.5,17,44.333333333333336,32.23,694.667,-189.833,221.667,-147.0
1100,477.81,209.0154,204.91,216.78,4.0667,760,306.8,13,36.333333333333336,22.81,502.333,-129.0,181.667,-100.0
1101,893.13,260.635,199.9267,199.9267,0.3133,1404,325.3,12,69.66666666666667,42.13,927.0,-238.667,348.333,-185.667
1102,628.1467,172.7761,142.1833,253.4467,-1.35,1049,251.3,5,45.666666666666664,31.48,689.333,-180.0,228.333,-141.0
1103,509.6133,164.8363,116.3967,262.1733,1.15,826,216.2,5,36.0,24.78,553.0,-136.5,180.0,-111.667
1104,683.0733,235.2673,204.6583,418.235,3.0333,1108,360.5,7,48.333333333333336,33.24,742.333,-182.833,241.667,-151.333
1105,754.94,195.8389,171.9767,409.815,2.63,1248,300.8,13,55.0,37.44,822.333,-212.833,275.0,-167.0
1106,832.4467,215.2275,166.2217,205.615,6.38,1409,274.7,22,59.333333333333336,42.28,926.333,-241.5,296.667,-191.333
1107,501.05,190.6026,185.74,217.695,0.27,835,316.0,10,35.666666666666664,25.05,553.0,-141.0,178.333,-114.333
1108,594.4667,226.1254,210.375,256.645,-3.2667,993,351.3,13,43.0,29.8,655.333,-169.0,215.0,-136.667
1109,822.2867,234.1465,191.51,383.825,1.9733,1237,328.7,21,60.666666666666664,37.12,841.667,-197.833,303.333,-162.0
1110,953.32,212.1674,182.7317,244.3717,0.1267,1561,320.3,15,68.0,46.82,1039.0,-260.833,340.0,-211.667
1111,475.71,200.574,181.6267,255.635,-0.0233,807,322.0,10,32.666666666666664,24.21,535.333,-135.833,163.333,-111.333
1112,530.47,187.7647,167.0867,207.3867,1.4167,816,284.2,7,41.333333333333336,24.47,544.333,-135.667,206.667,-109.333
1113,739.76,188.4087,196.0367,230.9633,2.31,1209,310.5,13,52.333333333333336,36.26,806.333,-201.167,261.667,-163.333
1114,640.0,252.1436,243.6267,331.515,3.9433,1054,389.5,20,47.333333333333336,29.5,665.667,-158.833,236.667,-133.0
1115,735.7233,202.3131,169.585,215.8283,1.7167,1213,281.0,17,49.333333333333336,36.39,817.0,-198.0,246.667,-166.333
1116,630.71,240.7505,203.7333,366.5167,4.37,1007,343.0,12,44.333333333333336,30.21,679.333,-163.833,221.667,-136.667
1117,616.45,211.4954,189.875,292.2733,1.6733,1082,310.7,11,42.333333333333336,32.45,709.667,-186.0,211.667,-151.333
1118,610.9733,196.2534,180.0883,228.4817,3.81,980,308.5,17,44.0,28.14,636.333,-150.833,220.0,-122.667
1119,561.4,195.3697,193.2417,206.4,3.98,925,291.0,16,41.0,27.4,606.667,-153.333,205.0,-124.333
1120,973.66,250.1328,222.0817,354.365,0.3067,1672,349.0,7,68.66666666666667,50.16,1096.333,-287.833,343.333,-228.333
1121,632.5067,227.0145,204.0517,353.4717,4.5433,978,365.3,24,46.666666666666664,29.34,659.667,-159.167,233.333,-130.667
1122,954.7733,181.2467,152.2633,253.1117,1.9567,1598,238.8,10,67.33333333333333,47.94,1059.667,-269.167,336.667,-220.333
1123,1121.69,231.3959,191.3483,298.1333,3.5833,1856,303.5,21,87.66666666666667,55.69,1201.667,-327.333,438.333,-246.667
1124,706.7167,219.3493,201.2633,227.7933,3.1533,1152,336.7,20,53.0,34.55,759.333,-196.167,265.0,-156.0
1125,478.68,146.9962,134.7283,230.1183,1.86,773,222.0,12,34.0,23.18,517.667,-127.5,170.0,-104.667
1126,555.6033,195.9145,162.0033,197.2667,-0.35,959,276.2,5,36.0,28.77,640.0,-159.5,180.0,-133.667
1127,830.0333,214.066,166.225,182.0,1.87,1257,266.7,8,59.333333333333336,37.7,860.667,-198.0,296.667,-167.0
1128,676.3767,222.5361,192.5833,208.2267,-2.35,1107,291.0,5,47.666666666666664,33.21,740.0,-183.5,238.333,-151.667
1129,622.3133,214.6637,203.4283,208.2967,1.7233,1033,346.0,9,45.333333333333336,30.98,680.667,-176.0,226.667,-140.0
1130,735.01,188.6257,164.8683,218.2633,3.26,1134,284.5,9,54.333333333333336,34.01,763.0,-185.333,271.667,-148.333
1131,557.83,176.1391,139.565,213.3083,1.3633,892,246.8,10,41.0,24.83,567.667,-130.0,205.0,-109.667
1132,570.6567,195.2941,185.3183,294.0283,-0.8333,866,291.2,8,45.0,25.99,576.333,-145.0,225.0,-111.667
1133,476.81,161.3275,134.4167,269.5583,-1.5067,744,222.0,6,34.666666666666664,22.31,502.0,-120.833,173.333,-100.0
1134,804.7233,255.0595,240.4333,315.7267,1.69,1296,371.7,6,59.666666666666664,38.89,860.667,-217.833,298.333,-175.333
1135,787.9167,238.0225,217.25,306.01,-1.88,1308,375.0,4,61.0,39.25,849.0,-229.667,305.0,-175.667
1136,525.29,204.3501,196.9183,312.4067,-0.32,876,353.2,6,38.333333333333336,26.29,576.333,-150.0,191.667,-119.0
1137,608.49,201.4201,173.4933,241.5683,1.15,933,286.5,5,45.0,27.99,630.0,-151.5,225.0,-123.0
1138,852.64,207.4393,171.34,271.7983,-2.5067,1427,285.2,5,62.666666666666664,40.64,904.667,-225.0,313.333,-181.0
1139,854.3833,235.3657,219.8467,232.1083,-2.35,1585,354.2,5,61.333333333333336,47.55,1008.667,-288.167,306.667,-220.333
1140,934.7367,219.1556,180.255,310.8133,3.4267,1636,313.2,8,66.66666666666667,49.07,1063.667,-286.0,333.333,-225.333
1141,665.9,179.6427,174.3533,173.8333,2.6533,1163,272.3,11,48.0,34.9,753.333,-205.0,240.0,-157.333
1142,569.8,162.7579,139.425,166.475,1.69,993,242.3,6,41.666666666666664,29.8,642.667,-175.333,208.333,-135.667
1143,710.88,200.1322,174.6367,266.1033,5.2967,1246,293.3,7,49.0,37.38,816.333,-214.833,245.0,-173.0
1144,606.9733,139.5725,83.3467,277.2767,1.69,1021,161.7,6,45.0,30.64,666.667,-177.333,225.0,-138.0
1145,550.0733,168.4119,131.66,292.6217,-0.4733,891,218.5,9,38.0,26.74,600.667,-145.333,190.0,-122.0
1146,600.9067,190.0761,156.8067,278.46,-0.21,958,250.5,10,45.333333333333336,28.74,635.0,-161.5,226.667,-128.0
1147,715.0233,156.497,106.89,235.2533,-1.5067,1140,179.7,5,52.666666666666664,34.19,759.333,-190.167,263.333,-151.667
1148,743.25,218.4793,187.9767,188.565,8.9367,1008,305.8,16,56.0,30.25,709.0,-149.667,280.0,-126.333
1149,650.2133,219.6769,189.6633,235.2467,1.77,904,309.2,23,51.666666666666664,26.38,608.333,-135.5,258.333,-107.333
1150,469.03,170.5859,181.5967,230.37,0.65,801,309.8,5,36.333333333333336,24.03,514.333,-143.333,181.667,-107.667
1151,489.3933,209.2721,171.4867,265.8017,2.9033,784,293.2,14,34.666666666666664,23.06,520.0,-124.333,173.333,-102.667
1152,945.54,241.7149,217.1717,252.5383,2.9867,1551,337.0,11,73.66666666666667,46.54,1009.333,-271.0,368.333,-207.667
1153,788.9233,208.701,161.07,206.945,1.8633,1270,276.7,18,55.666666666666664,38.09,852.667,-208.5,278.333,-171.667
1154,735.1133,235.3691,190.1383,198.4367,8.82,1193,332.3,32,52.333333333333336,35.78,798.0,-197.333,261.667,-163.0
1155,651.81,199.9283,175.9117,239.6267,3.9033,1101,268.3,19,46.333333333333336,30.81,694.333,-166.333,231.667,-138.667
1156,832.1933,241.4784,212.6067,249.7767,3.93,1429,355.3,14,62.0,42.86,924.667,-252.0,310.0,-193.333
1157,956.5833,219.3456,206.875,217.555,2.62,1692,333.8,20,68.0,50.75,1098.0,-296.833,340.0,-235.333
1158,752.5967,240.5101,240.2783,288.9233,-1.0133,1298,373.7,7,57.666666666666664,38.93,831.667,-233.0,288.333,-173.333
1159,589.2667,184.4147,170.845,207.9433,0.74,903,308.0,8,45.0,27.1,604.333,-149.5,225.0,-117.667
1160,792.0,207.8027,177.76,280.6367,-0.0633,1383,283.8,8,57.333333333333336,41.5,895.667,-243.833,286.667,-188.0
1161,818.2867,211.8968,187.42,280.2767,2.2233,1321,312.8,13,60.0,39.62,878.667,-221.0,300.0,-179.0
1162,713.0367,240.5001,228.4233,200.3883,-0.93,1162,373.7,17,51.666666666666664,34.87,773.333,-194.5,258.333,-159.0
1163,701.4967,190.6575,176.225,208.5417,-2.29,1194,281.5,7,49.666666666666664,35.83,784.333,-205.0,248.333,-162.0
1164,489.83,179.9705,164.945,246.1933,0.69,794,267.2,6,38.333333333333336,23.33,510.667,-133.5,191.667,-102.333
1165,772.9933,238.3753,248.3483,279.2683,3.6833,1272,409.8,6,62.0,38.16,818.333,-226.833,310.0,-166.667
1166,697.3067,244.8409,217.48,203.7117,15.61,1171,426.7,40,51.666666666666664,35.14,767.0,-202.167,258.333,-161.0
1167,773.51,212.5363,187.465,237.1417,2.77,1200,309.0,9,54.333333333333336,36.01,818.0,-191.167,271.667,-161.0
1168,1019.1,187.7369,148.56,211.76,1.9567,1753,263.8,10,82.33333333333333,52.6,1111.0,-321.167,411.667,-235.0
1169,725.3233,226.9695,205.1133,276.505,-0.57,1183,367.7,14,51.333333333333336,35.49,789.333,-196.833,256.667,-159.333
1170,1229.7167,226.3877,195.8233,226.2733,3.6633,2118,332.8,11,92.33333333333333,63.55,1366.667,-375.833,461.667,-286.333
1171,539.6,164.1994,166.4967,184.9633,0.41,887,272.5,8,39.333333333333336,26.6,586.667,-150.0,196.667,-120.333
1172,828.03,197.7748,156.3767,236.8967,-0.71,1368,267.8,10,62.666666666666664,41.03,895.667,-236.0,313.333,-186.0
1173,701.3933,196.5314,185.6517,176.1733,2.41,1202,297.7,11,48.333333333333336,36.06,794.0,-204.0,241.667,-166.333
1174,671.5467,228.6095,222.3317,299.0133,-1.35,1079,372.3,5,49.333333333333336,32.38,717.667,-180.833,246.667,-144.333
1175,608.1633,201.3425,178.5,261.055,1.63,1007,291.7,13,42.666666666666664,28.83,650.333,-155.333,213.333,-129.0
1176,612.6233,216.6646,208.8583,148.1617,2.6367,926,337.5,16,43.666666666666664,27.79,635.333,-145.5,218.333,-123.333
1177,900.6633,229.9098,199.2867,307.9267,2.45,1461,345.0,8,64.66666666666667,43.83,974.667,-243.167,323.333,-198.0
1178,450.1267,163.5768,150.4467,260.5433,0.6133,750,250.7,9,31.666666666666668,22.46,497.333,-125.667,158.333,-102.333
1179,856.41,207.8283,174.3033,221.785,2.6733,1414,308.0,11,63.333333333333336,42.41,928.333,-242.667,316.667,-188.333
1180,618.0333,201.9488,177.9133,189.8483,7.17,1123,304.2,39,48.666666666666664,33.7,702.667,-210.333,243.333,-151.333
1181,864.86,209.7806,199.045,229.425,3.66,1395,306.8,15,67.66666666666667,41.86,911.333,-242.0,338.333,-184.667
1182,808.19,213.1578,165.9967,313.975,6.7933,1290,277.3,21,65.0,38.69,839.333,-225.167,325.0,-169.667
1183,565.2967,204.5349,190.3433,222.2983,1.77,871,322.3,13,41.666666666666664,26.13,587.333,-141.833,208.333,-114.667
1184,641.0133,206.8421,192.7117,300.64,7.4033,989,345.2,15,50.0,29.68,656.667,-166.333,250.0,-129.0
1185,657.9667,191.6242,139.4567,213.8433,-1.3967,1160,257.2,9,50.666666666666664,34.8,738.333,-210.833,253.333,-157.667
1186,680.8467,197.9758,183.4767,215.665,-0.21,1206,319.8,10,49.333333333333336,36.18,778.667,-213.667,246.667,-167.0
1187,650.0033,249.1153,210.4017,245.0717,3.0267,1048,377.3,17,49.666666666666664,30.67,678.333,-172.0,248.333,-135.333
1188,680.53,197.6723,148.3267,292.7317,2.41,1134,260.3,14,50.0,34.03,744.0,-195.167,250.0,-152.333
1189,834.3833,288.2289,259.0533,211.7133,5.9667,1552,423.0,30,61.666666666666664,46.55,979.333,-286.167,308.333,-213.667
1190,603.9533,212.6735,182.4983,308.1267,-0.2433,1054,321.3,7,42.333333333333336,31.62,688.667,-182.667,211.667,-145.333
1191,576.0333,230.6184,223.8783,262.7933,0.9067,891,387.7,8,46.333333333333336,26.2,578.333,-147.5,231.667,-112.667
1192,912.2033,184.1877,160.5117,205.8217,-1.35,1546,260.5,5,69.0,46.37,1002.0,-271.833,345.0,-209.333
1193,788.7233,261.2019,224.0217,215.66,5.1267,1280,379.0,18,59.0,38.39,843.667,-218.0,295.0,-170.333
1194,781.48,232.0584,200.3117,200.3117,5.5133,1283,314.0,39,58.666666666666664,38.48,841.333,-220.667,293.333,-171.0
1195,634.84,228.6305,226.7217,310.1267,0.94,1011,420.2,10,49.0,30.34,665.667,-172.833,245.0,-133.333
1196,433.69,186.5458,189.525,202.925,3.95,756,319.3,15,32.666666666666664,22.69,486.333,-135.0,163.333,-103.667
1197,673.0767,212.7945,177.6033,288.8767,3.2233,1264,282.7,13,45.666666666666664,37.91,811.333,-226.167,228.333,-178.333
1198,541.3333,201.2786,163.525,286.6717,2.63,917,300.3,16,39.333333333333336,27.5,599.0,-158.833,196.667,-123.0
1199,554.2667,226.1261,246.5217,208.4383,6.2167,937,376.8,16,41.0,28.1,610.333,-163.167,205.0,-126.0
1200,713.7467,247.7011,220.7483,383.87,-1.3033,1219,386.8,11,53.0,36.58,791.0,-214.167,265.0,-164.667
1201,747.0267,283.257,266.3433,578.98,9.1133,1245,458.0,26,58.666666666666664,37.36,802.0,-221.667,293.333,-164.0
1202,686.9133,237.4019,222.76,245.0217,-1.35,1119,360.0,5,52.666666666666664,33.58,734.0,-192.667,263.333,-151.333
1203,791.9233,219.5505,208.3133,174.785,1.21,1270,367.8,7,53.666666666666664,38.09,862.667,-203.5,268.333,-173.667
1204,601.7,218.5928,202.8317,251.3717,-1.35,1007,339.8,5,47.0,30.2,649.667,-178.5,235.0,-134.667
1205,781.7667,240.8875,190.8433,289.335,11.9067,1253,342.2,22,60.333333333333336,37.6,823.0,-215.167,301.667,-165.333
1206,1194.1367,226.8939,166.2717,246.305,5.1,1982,295.2,15,89.66666666666667,59.47,1297.667,-342.333,448.333,-269.0
1207,905.37,243.5063,210.1917,436.265,2.95,1579,378.2,12,66.66666666666667,47.37,1020.333,-279.333,333.333,-216.333
1208,818.0833,281.4429,265.22,405.6517,0.8933,1325,450.0,19,60.333333333333336,39.75,877.667,-223.667,301.667,-177.333
1209,819.3933,240.5837,218.895,255.3283,2.8333,1502,370.5,25,61.333333333333336,45.06,950.0,-276.0,306.667,-206.333
1210,706.0933,231.0057,217.6717,113.605,6.4733,1192,354.3,21,49.0,35.76,790.0,-201.0,245.0,-163.667
1211,628.6233,227.5557,198.37,175.745,-0.75,1093,352.7,8,45.666666666666664,32.79,709.333,-191.833,228.333,-150.0
1212,800.44,247.0461,196.5583,242.8483,-2.1933,1313,324.2,5,62.0,36.94,819.667,-205.833,310.0,-160.333
1213,568.4,148.9381,93.9883,178.4117,-2.9267,947,172.0,8,42.333333333333336,28.4,620.667,-163.0,211.667,-129.333
1214,576.1233,257.1478,255.7017,285.1,0.9967,893,447.3,11,41.666666666666664,26.79,605.0,-144.0,208.333,-120.0
1215,858.7033,252.763,224.57,331.045,3.2433,1446,384.3,14,62.666666666666664,43.37,945.667,-250.0,313.333,-193.667
1216,993.8833,229.3815,224.9,271.1817,9.1967,1718,372.7,20,70.66666666666667,51.55,1121.667,-298.333,353.333,-234.333
1217,813.5333,205.4905,178.5383,285.785,3.88,1173,281.2,14,65.0,35.2,793.333,-190.0,325.0,-150.0
1218,774.6233,211.253,169.15,353.3,-0.2467,1243,306.3,8,54.0,37.29,838.333,-202.333,270.0,-168.667
1219,648.5333,191.9041,165.1033,188.34,2.7167,1057,288.0,14,49.333333333333336,31.7,693.667,-181.5,246.667,-142.0
1220,596.01,212.2849,179.7933,233.3367,-1.78,1050,316.0,7,43.0,31.51,678.0,-186.167,215.0,-142.333
1221,721.3467,198.3943,176.4917,172.9483,4.37,1156,306.8,12,52.666666666666664,34.68,772.0,-192.0,263.333,-156.667
1222,597.6967,215.3759,211.9383,212.8733,3.0667,1068,320.2,9,42.666666666666664,32.03,688.333,-189.667,213.333,-146.333
1223,942.73,239.0694,223.85,284.0333,3.09,1691,378.3,12,71.0,50.73,1076.333,-307.333,355.0,-232.0
1224,634.6733,184.5027,171.5533,399.005,2.49,1061,270.0,11,48.666666666666664,31.84,689.0,-186.167,243.333,-143.333
1225,834.2733,201.2074,158.475,204.61,0.8467,1398,271.5,6,62.333333333333336,41.94,912.0,-243.0,311.667,-188.333
1226,759.9,238.447,222.2,277.6317,6.48,1245,354.0,16,55.666666666666664,36.9,818.0,-206.0,278.333,-167.333
1227,528.4367,206.0271,174.155,268.3683,-0.5933,942,270.2,8,40.333333333333336,28.27,598.667,-171.833,201.667,-128.333
1228,674.9767,191.4802,156.095,265.06,-0.5833,1060,292.0,8,50.666666666666664,31.81,706.667,-176.833,253.333,-140.0
1229,823.48,209.0537,171.6967,259.3983,3.1767,1383,320.5,15,61.0,41.48,902.667,-240.0,305.0,-185.667
1230,860.64,231.2939,215.3133,296.2933,2.1067,1371,335.0,15,65.0,41.14,909.0,-231.167,325.0,-183.333
1231,524.14,145.4767,108.2467,135.1,-1.76,855,193.8,8,39.666666666666664,25.64,560.333,-147.167,198.333,-113.0
1232,774.97,231.9366,185.2733,170.485,7.1167,1249,318.2,27,54.0,37.47,840.0,-204.5,270.0,-168.0
1233,703.2967,283.0272,257.645,249.0917,9.0067,1171,403.3,28,50.0,35.13,775.333,-197.833,250.0,-159.333
1234,791.3633,276.8185,262.8833,290.6917,2.6767,1384,442.0,17,59.0,41.53,890.0,-247.167,295.0,-188.0
1235,770.8867,209.6533,182.5267,333.1283,-2.35,1241,314.2,5,55.333333333333336,37.22,830.0,-205.333,276.667,-167.667
1236,761.9833,235.1242,204.5233,319.8567,1.24,1210,329.2,8,60.0,33.65,755.667,-183.0,300.0,-144.333
1237,583.6633,209.6391,215.205,194.4433,3.7067,978,374.2,16,42.666666666666664,29.33,640.333,-168.667,213.333,-130.667
1238,636.8467,251.0542,215.9317,188.335,0.71,1173,403.5,7,45.0,35.18,751.333,-210.667,225.0,-164.0
1239,621.67,196.2311,161.515,214.0117,4.2233,989,258.8,13,44.666666666666664,29.67,663.0,-163.0,223.333,-131.333
1240,591.9133,203.8715,201.3367,204.825,2.04,953,324.5,8,42.666666666666664,28.58,636.667,-158.0,213.333,-128.667
1241,814.12,188.2076,135.0083,361.9617,-2.28,1337,274.3,7,58.666666666666664,40.12,885.333,-226.0,293.333,-178.667
1242,642.7633,154.0299,105.3233,235.09,-2.9267,1164,193.0,8,44.0,34.93,755.333,-204.5,220.0,-163.0
1243,672.5467,185.2754,170.0,198.6467,1.4567,1113,298.3,7,53.0,33.38,717.667,-197.5,265.0,-146.0
1244,405.1267,176.7325,153.58,280.3783,3.1533,649,244.0,21,31.666666666666668,19.46,426.0,-111.333,158.333,-87.333
1245,714.8867,176.0785,154.7583,183.785,-1.76,1224,262.3,8,57.333333333333336,36.72,779.667,-222.167,286.667,-166.0
1246,656.21,185.8373,125.4133,188.7717,3.7867,1190,227.8,15,46.0,35.71,767.333,-211.5,230.0,-165.333
1247,488.24,223.1584,223.645,237.09,-0.26,841,386.7,8,33.0,24.74,549.0,-137.833,165.0,-112.667
1248,727.0933,228.2363,191.025,253.175,0.24,1325,330.5,8,56.666666666666664,39.76,832.0,-246.667,283.333,-181.333
1249,698.94,263.1261,275.9283,283.2767,5.7933,1098,453.3,15,53.0,32.94,731.333,-183.333,265.0,-147.0
1250,423.77,186.9528,204.425,282.495,-2.78,822,352.7,5,33.0,20.27,444.0,-115.833,165.0,-89.667
1251,452.7667,198.4755,193.1817,220.395,0.9767,751,318.2,6,31.666666666666668,22.1,493.333,-121.667,158.333,-99.333
1252,904.4267,226.1837,180.5833,222.455,-0.9067,1492,317.8,9,68.33333333333333,44.76,974.667,-258.667,341.667,-198.0
1253,601.58,211.5468,192.0267,192.0267,-2.35,1003,339.3,5,43.0,30.08,663.0,-169.833,215.0,-136.667
1254,504.1033,168.6521,138.18,244.7267,-1.88,876,250.5,4,35.0,26.27,574.667,-150.5,175.0,-121.333
1255,632.96,210.8802,185.9633,245.6667,-2.76,1015,287.7,8,45.666666666666664,30.46,678.333,-168.5,228.333,-135.667
1256,508.7033,185.2446,153.6833,240.13,1.2933,846,278.5,13,38.333333333333336,25.37,552.333,-146.667,191.667,-114.0
1257,673.8733,209.0961,187.94,229.48,1.69,1135,318.3,6,49.333333333333336,34.04,743.0,-195.833,246.667,-154.0
1258,602.83,249.1069,233.055,269.3933,1.48,1044,398.2,16,44.666666666666664,31.33,674.667,-184.833,223.333,-141.667
1259,623.5633,229.1482,228.7667,292.2267,-0.64,1158,381.0,8,45.333333333333336,34.73,733.333,-212.167,226.667,-159.0
1260,642.1,174.0197,140.8417,269.7717,-1.85,1087,245.8,5,47.333333333333336,32.6,709.0,-188.833,236.667,-147.333
1261,644.5533,229.5119,218.0333,233.33,-2.68,1124,342.8,11,42.666666666666664,33.72,744.333,-189.833,213.333,-157.0
1262,740.41,183.2015,166.5,180.1017,0.2133,1214,296.5,8,53.333333333333336,36.41,806.333,-203.667,266.667,-165.333
1263,589.96,202.7267,174.68,210.2683,-0.78,982,298.3,7,41.333333333333336,29.46,652.333,-164.833,206.667,-133.667
1264,726.5867,209.9733,193.4717,183.895,8.9133,1181,315.3,19,56.0,35.42,770.333,-205.167,280.0,-154.0
1265,621.8833,149.4285,144.48,189.8333,-1.76,968,235.5,8,44.666666666666664,29.05,654.667,-156.833,223.333,-128.333
1266,990.9567,217.5562,206.9267,274.8583,7.6533,1676,333.2,21,72.33333333333333,50.29,1097.0,-289.667,361.667,-228.333
1267,849.3633,256.7805,238.9883,221.0917,0.94,1284,432.8,8,65.66666666666667,38.53,860.0,-212.167,328.333,-165.333
1268,609.7367,199.1869,182.9717,185.05,-1.26,1019,331.5,8,46.666666666666664,30.57,662.0,-178.5,233.333,-137.667
1269,801.4233,247.1377,214.03,258.2567,0.2233,1353,357.3,10,59.0,40.59,883.333,-234.833,295.0,-182.667
1270,979.4333,214.0512,178.8283,338.6067,-2.35,1620,280.2,5,73.0,48.6,1061.667,-279.167,365.0,-216.667
1271,706.3733,200.6397,183.0017,270.7867,3.7233,1185,302.2,13,52.333333333333336,35.54,775.0,-204.833,261.667,-161.0
1272,989.6933,217.2079,174.8183,214.5783,1.6833,1545,283.0,12,73.0,46.36,1038.0,-253.667,365.0,-206.0
1273,1036.88,195.1831,146.495,304.4683,-1.26,1879,233.2,8,78.33333333333333,56.38,1191.0,-344.167,391.667,-258.0
1274,824.6,174.8401,127.265,149.68,-1.46,1437,226.3,7,60.333333333333336,43.1,929.667,-253.5,301.667,-196.333
1275,657.69,205.7191,189.9717,294.7917,-3.26,1056,339.3,8,53.0,31.69,685.0,-185.667,265.0,-138.333
1276,959.14,204.1873,170.0967,194.075,-0.6633,1588,279.7,7,72.0,47.64,1040.333,-273.833,360.0,-215.0
1277,759.13,210.5137,170.5017,265.3383,-3.76,1338,303.2,8,56.333333333333336,40.13,860.333,-238.667,281.667,-184.333
1278,391.3,141.419,118.8667,148.6,3.11,627,203.7,20,29.666666666666668,18.8,413.0,-106.833,148.333,-82.0
1279,790.45,176.9933,140.2117,210.755,3.63,1315,251.5,19,55.333333333333336,39.45,874.333,-220.333,276.667,-179.667
1280,654.38,184.6398,179.94,256.8833,0.87,1113,285.5,12,48.666666666666664,33.38,723.333,-194.667,243.333,-151.0
1281,686.09,240.9533,209.56,339.63,-1.56,1169,357.2,9,46.666666666666664,32.59,738.667,-173.833,233.333,-144.667
1282,712.0,232.5997,158.4717,176.465,7.4367,1217,290.2,9,55.0,36.5,780.333,-218.167,275.0,-161.667
1283,523.04,198.2619,179.1383,233.2483,5.0567,868,309.7,13,40.333333333333336,26.04,563.333,-152.333,201.667,-115.667
1284,977.51,189.0853,158.91,278.9917,-1.1033,1684,265.8,8,68.66666666666667,50.51,1104.333,-289.667,343.333,-231.0
1285,741.34,248.5287,212.7933,301.47,2.8867,1261,361.7,7,55.0,37.84,818.333,-221.5,275.0,-168.333
1286,723.98,264.4434,215.03,303.1317,-1.76,1266,383.7,8,58.0,37.98,799.333,-233.333,290.0,-170.0
1287,740.3733,222.8957,206.7583,251.25,2.6833,1285,334.8,10,55.666666666666664,38.54,825.667,-229.5,278.333,-172.667
1288,817.98,225.8016,227.6933,307.5833,3.0433,1433,357.8,12,58.666666666666664,42.98,929.333,-251.667,293.333,-196.0
1289,832.5933,221.6275,178.8633,213.3267,3.3567,1442,290.7,12,65.66666666666667,43.26,917.333,-262.333,328.333,-194.0
1290,947.39,263.5585,186.65,234.7183,2.5967,1596,290.8,14,63.333333333333336,47.89,1068.0,-264.167,316.667,-221.0
1291,537.99,224.2075,210.19,246.0783,-1.3667,916,347.7,10,41.0,27.49,590.667,-162.833,205.0,-122.333
1292,883.14,223.7573,166.5883,222.4417,4.56,1521,297.8,17,66.66666666666667,45.64,980.333,-270.5,333.333,-205.667
1293,526.58,189.8885,178.345,266.4367,-1.23,869,287.2,8,39.0,26.08,572.333,-148.5,195.0,-118.333
1294,569.5067,173.2139,155.3417,226.0067,-2.35,911,267.8,5,42.666666666666664,27.34,603.667,-153.833,213.333,-121.0
1295,642.0233,223.0003,175.68,275.4867,-1.8567,1078,307.8,10,47.0,31.19,690.0,-174.833,235.0,-139.333
1296,797.5567,203.8376,160.235,194.7433,1.2067,1333,280.5,9,57.0,37.39,844.0,-201.167,285.0,-167.667
1297,584.2033,145.2954,78.61,229.5983,2.9167,1012,166.5,17,46.0,30.37,645.333,-183.5,230.0,-138.0
1298,576.7267,149.3365,99.0667,281.0817,-0.26,952,203.2,8,42.333333333333336,28.56,627.0,-162.5,211.667,-128.0
1299,631.0267,163.4813,114.29,233.41,-0.4467,1145,196.5,7,44.333333333333336,34.36,738.0,-203.667,221.667,-159.333
1300,1010.0067,222.2463,175.365,306.95,-0.65,1595,295.5,12,74.0,47.84,1066.333,-264.167,370.0,-210.0
1301,762.0567,206.5805,176.1017,379.13,1.8367,1363,288.2,12,55.333333333333336,40.89,876.667,-243.167,276.667,-189.0
1302,842.6,200.8384,175.4883,222.46,2.7867,1387,297.0,27,63.333333333333336,41.6,906.667,-240.0,316.667,-182.333
1303,580.5933,171.6493,142.6933,172.6,2.02,1092,232.5,10,42.333333333333336,32.76,689.0,-201.5,211.667,-151.333
1304,543.5367,179.4609,142.74,230.825,-0.26,962,241.5,7,43.666666666666664,28.87,603.667,-179.333,218.333,-128.0
1305,587.8867,176.0352,134.075,351.0783,-2.35,1057,260.8,5,45.333333333333336,31.72,669.0,-194.167,226.667,-145.333
1306,648.32,223.2389,184.94,206.8183,6.42,1111,330.7,24,51.0,33.32,709.333,-200.667,255.0,-148.667
1307,567.8933,164.6003,128.1233,196.01,2.6833,1002,242.3,11,38.666666666666664,30.06,655.667,-173.167,193.333,-138.0
1308,826.3933,223.079,190.1767,260.845,2.4867,1435,331.0,11,57.333333333333336,43.06,940.667,-247.333,286.667,-196.667
1309,859.7467,203.4659,165.05,285.9433,4.0433,1386,281.8,22,60.333333333333336,41.58,931.667,-227.167,301.667,-188.0
1310,665.0833,178.2724,142.2783,371.9233,4.6233,1192,279.2,33,49.0,35.75,763.0,-214.333,245.0,-164.333
1311,906.1267,188.7961,169.0117,274.5317,-1.35,1515,283.7,5,68.66666666666667,45.46,986.0,-264.667,343.333,-204.0
1312,677.3,182.6463,142.03,235.8467,-2.21,1210,223.8,10,50.333333333333336,36.3,772.667,-218.667,251.667,-164.667
1313,661.84,199.3789,153.8867,232.8917,15.1033,1078,271.2,26,51.333333333333336,32.34,702.333,-187.833,256.667,-141.667
1314,817.1233,189.3383,113.2967,210.075,4.95,1376,211.8,15,59.333333333333336,41.29,902.667,-236.833,296.667,-186.667
1315,591.1333,218.9659,206.935,209.255,1.5667,977,348.2,13,43.333333333333336,29.3,643.0,-166.833,216.667,-131.0
1316,617.7033,156.1369,113.0367,292.0667,3.59,1112,200.0,20,46.0,33.37,707.667,-202.333,230.0,-151.0
1317,755.8067,240.5971,206.8833,238.2183,2.45,1271,340.5,15,58.333333333333336,38.14,820.667,-225.333,291.667,-169.333
1318,579.6333,182.2285,166.32,284.6267,-1.71,993,298.0,10,45.666666666666664,29.8,635.0,-179.167,228.333,-134.333
1319,646.68,178.7057,140.7467,210.2133,4.38,1106,272.2,17,49.666666666666664,33.18,711.0,-197.5,248.333,-148.333
1320,876.13,241.9834,226.625,217.3183,2.91,1438,379.2,14,64.66666666666667,43.13,947.667,-245.0,323.333,-193.0
1321,584.0533,176.8554,144.1817,167.93,2.83,974,263.0,11,44.666666666666664,27.72,611.333,-156.333,223.333,-122.0
1322,745.72,178.9297,105.2617,365.9367,4.5967,1274,185.5,14,58.0,38.22,816.333,-228.833,290.0,-170.0
1323,474.2667,188.0148,169.135,208.4167,12.1967,824,281.5,32,35.333333333333336,22.6,500.0,-126.667,176.667,-98.333
1324,707.75,198.7525,177.81,241.0467,2.8,1208,301.0,10,55.0,36.25,775.333,-216.5,275.0,-162.333
1325,697.6533,191.0863,139.1283,233.5617,1.72,1144,238.8,7,50.666666666666664,34.32,757.333,-193.333,253.333,-154.0
1326,575.02,207.7719,165.4417,320.835,7.7167,984,291.2,18,44.666666666666664,29.52,631.0,-176.5,223.333,-132.333
1327,808.9067,237.6013,167.9033,222.005,2.76,1330,293.7,9,63.0,38.74,848.333,-221.5,315.0,-171.667
1328,620.1333,238.986,227.8517,292.735,3.0033,1058,352.0,11,48.0,31.3,673.0,-185.167,240.0,-139.0
1329,903.2333,248.2624,227.3633,271.9033,10.1,1597,400.2,16,68.33333333333333,47.9,1020.667,-288.0,341.667,-219.0
1330,525.94,180.7708,180.4367,180.7567,3.4567,948,311.8,10,38.666666666666664,28.44,605.667,-171.167,193.333,-130.333
1331,835.8,226.1321,183.97,243.4283,1.8433,1360,323.2,17,57.0,40.8,916.667,-221.667,285.0,-185.0
1332,499.3367,223.8077,211.7117,225.8,6.38,810,333.8,13,38.333333333333336,24.17,528.667,-138.5,191.667,-106.667
1333,616.13,237.6251,223.835,248.44,26.2233,954,385.3,46,47.666666666666664,28.63,634.0,-160.167,238.333,-124.667
1334,513.5967,183.6871,184.5183,269.6917,0.5667,831,310.7,12,41.666666666666664,24.93,536.333,-147.333,208.333,-108.667
1335,477.65,188.8521,166.5133,263.5183,3.3867,772,271.2,7,34.666666666666664,23.15,513.333,-129.167,173.333,-103.0
1336,657.1367,193.964,153.1483,316.755,1.2933,1132,276.3,10,52.0,33.97,721.333,-205.5,260.0,-152.667
1337,534.72,183.5773,160.8183,244.82,-0.56,874,269.7,15,43.666666666666664,26.22,562.333,-155.833,218.333,-116.333
1338,564.5767,214.4904,188.3217,204.6867,-0.4333,964,299.7,13,44.0,28.91,617.667,-173.0,220.0,-129.0
1339,799.1733,224.6301,204.09,228.1467,-1.35,1378,348.0,5,57.666666666666664,41.34,897.0,-240.5,288.333,-187.0
1340,639.3133,222.5105,210.5733,277.8417,1.6833,1016,366.8,12,50.333333333333336,30.48,665.0,-175.5,251.667,-132.333
1341,543.2767,193.5643,168.8717,212.7217,4.0367,1002,273.0,12,40.333333333333336,29.11,620.0,-175.167,201.667,-132.333
1342,832.67,183.6277,150.845,204.5883,-2.0,1356,256.8,13,60.333333333333336,40.67,900.333,-227.667,301.667,-182.333
1343,784.7933,227.5884,233.915,309.8217,4.9433,1249,372.2,15,55.0,37.46,844.0,-202.333,275.0,-169.333
1344,646.7367,178.6725,152.5617,178.39,2.0333,1136,286.7,7,49.333333333333336,34.07,724.333,-205.667,246.667,-152.667
1345,694.49,188.7985,166.425,252.5883,1.41,1183,253.3,14,49.0,35.49,778.333,-202.333,245.0,-162.0
1346,635.08,281.1539,279.5617,315.2967,13.0133,1086,481.2,28,51.333333333333336,32.58,689.0,-198.5,256.667,-144.667
1347,727.8067,207.0189,190.8217,229.9817,-0.21,1144,310.7,10,53.333333333333336,33.14,750.667,-177.0,266.667,-145.667
1348,693.28,227.6909,200.17,212.3383,3.8733,1126,348.8,11,51.666666666666664,33.78,743.667,-191.167,258.333,-151.333
1349,880.8633,286.4288,239.9317,218.235,13.49,1501,431.7,29,65.0,45.03,975.333,-262.833,325.0,-201.667
1350,625.7033,201.0055,189.0183,308.6533,-1.38,1046,295.5,4,45.333333333333336,31.37,687.0,-179.333,226.667,-140.0
1351,698.69,222.6682,151.3683,342.7017,-1.35,1256,275.2,5,46.333333333333336,37.69,823.0,-216.667,231.667,-177.0
1352,883.0867,201.0393,184.9183,229.215,2.27,1414,331.2,9,63.666666666666664,42.42,944.0,-235.0,318.333,-186.667
1353,636.6233,193.3263,190.965,190.965,2.6367,1029,321.5,16,48.0,30.29,670.333,-169.667,240.0,-134.333
1354,753.17,230.9095,219.1633,262.8367,0.1633,1156,361.2,11,56.333333333333336,34.67,777.333,-189.167,281.667,-151.333
1355,455.52,175.3891,134.3883,249.785,2.6833,814,221.8,12,33.0,20.52,468.667,-107.667,165.0,-91.0
1356,720.9533,235.2709,194.7283,214.9867,9.44,1137,351.8,15,49.666666666666664,34.12,774.333,-181.5,248.333,-154.333
1357,882.8033,249.9345,227.1433,363.01,1.1133,1432,362.3,9,66.33333333333333,42.97,944.0,-244.167,331.667,-191.667
1358,730.4133,264.4021,267.52,328.505,9.82,1169,435.3,44,50.0,35.08,792.0,-188.667,250.0,-158.0
1359,551.1633,258.4969,255.405,397.11,8.03,1011,397.0,28,41.666666666666664,30.33,638.0,-186.5,208.333,-139.0
1360,927.94,210.3786,169.2,279.81,2.6767,1581,274.7,12,66.0,47.44,1037.0,-272.167,330.0,-214.333
1361,537.05,190.5592,169.96,159.91,2.45,818,259.7,31,38.333333333333336,24.55,558.667,-129.833,191.667,-108.0
1362,675.9133,183.7563,143.0517,138.11,8.6533,1186,247.8,24,47.0,35.58,774.667,-205.667,235.0,-163.667
1363,979.7967,248.4224,241.7983,339.9183,5.7467,1654,398.8,19,74.33333333333333,49.63,1073.333,-290.5,371.667,-224.333
1364,594.9067,222.4512,198.1067,198.64,4.4033,941,333.0,19,42.0,28.24,636.667,-152.333,210.0,-127.667
1365,686.6667,255.6924,240.01,244.9867,1.2767,1172,377.7,17,50.666666666666664,34.5,753.0,-198.5,253.333,-155.667
1366,480.9233,167.8525,128.5467,167.7733,2.3933,886,213.7,18,35.0,26.59,563.667,-161.333,175.0,-123.0
1367,655.2567,204.2221,175.93,195.4133,7.8033,1170,277.5,16,45.666666666666664,35.09,759.333,-205.167,228.333,-162.333
1368,630.0167,177.9797,148.4933,329.2,-0.9667,1028,228.8,7,50.0,30.85,666.667,-180.833,250.0,-136.667
1369,681.0733,234.2616,201.3083,332.0033,8.6,1141,324.3,16,52.333333333333336,34.24,739.0,-201.167,261.667,-152.667
1370,775.75,228.9895,192.6767,293.5417,4.0433,1325,327.5,24,62.333333333333336,39.75,843.0,-241.0,311.667,-177.667
1371,629.2933,249.5207,219.43,244.5283,3.9567,1099,369.7,10,45.0,32.96,714.667,-192.0,225.0,-151.333
1372,707.7067,193.0131,150.7,227.45,-1.6933,1168,251.7,5,55.666666666666664,35.04,754.667,-206.667,278.333,-153.667
1373,637.4767,235.3093,218.57,317.555,2.9367,1044,369.7,10,49.333333333333336,31.31,680.0,-181.833,246.667,-138.667
1374,826.8367,198.2453,199.0933,247.8817,-2.35,1472,331.8,5,58.666666666666664,44.17,951.667,-260.333,293.333,-202.0
1375,745.3367,250.064,203.7967,182.3183,3.7333,1288,364.5,13,60.333333333333336,35.17,766.0,-203.167,301.667,-154.333
1376,988.6633,216.3298,190.975,277.3733,4.1367,1694,325.3,16,74.0,50.83,1096.667,-298.833,370.0,-230.0
1377,638.2033,225.2845,184.0933,277.85,4.1133,1021,312.3,9,49.0,29.37,654.0,-162.5,245.0,-127.667
1378,714.7033,203.1456,180.64,361.8833,1.6467,1179,291.7,16,54.333333333333336,35.37,770.333,-204.333,271.667,-158.333
1379,683.0867,216.1531,196.475,293.4833,3.2233,1147,343.0,13,54.0,34.42,738.0,-204.667,270.0,-154.667
1380,682.99,200.1461,121.8883,280.255,2.3567,1250,243.0,21,45.666666666666664,37.49,812.0,-218.833,228.333,-176.0
1381,519.5533,224.9977,208.8767,281.885,0.79,791,387.0,10,39.0,23.72,533.667,-128.5,195.0,-104.333
1382,603.9933,220.898,192.6467,334.3417,0.45,972,309.5,9,46.666666666666664,29.16,637.667,-167.167,233.333,-129.0
1383,523.7267,182.9115,159.4133,256.8433,2.7833,952,268.3,14,39.0,28.56,605.0,-173.5,195.0,-131.333
1384,819.3133,232.1778,170.15,216.7217,11.13,1283,287.0,38,67.0,38.48,836.333,-223.167,335.0,-167.333
1385,634.85,249.1497,243.3117,335.6433,0.7633,1128,406.7,22,46.666666666666664,33.85,723.667,-202.333,233.333,-153.667
1386,597.3633,171.7495,146.2117,248.1283,2.4267,984,226.5,9,46.333333333333336,29.53,638.667,-172.833,231.667,-129.667
1387,506.18,207.375,196.0467,258.305,2.6767,856,323.3,9,35.666666666666664,25.68,564.333,-145.833,178.333,-116.333
1388,1140.6833,231.8407,199.2017,308.155,-2.35,1745,345.2,5,81.33333333333333,52.35,1190.333,-277.333,406.667,-231.333
1389,521.09,157.1922,134.5067,209.8617,0.4867,870,235.3,9,35.666666666666664,26.09,580.333,-144.667,178.333,-119.0
1390,606.1967,214.7975,197.8,256.525,7.0933,1018,328.0,17,42.0,30.53,676.333,-170.667,210.0,-140.0
1391,788.96,246.3597,210.9333,277.2867,10.4667,1282,343.8,75,57.666666666666664,38.46,849.667,-216.167,288.333,-171.333
1392,1079.0267,260.9145,247.7383,345.8,1.3567,1795,412.5,20,80.33333333333333,53.86,1174.333,-310.5,401.667,-240.333
1393,609.7867,197.2714,185.5867,185.6617,4.4433,1071,307.0,18,48.0,32.12,676.667,-197.0,240.0,-142.0
1394,800.2233,188.9827,169.8383,313.3333,1.6833,1230,278.2,11,57.333333333333336,36.89,837.0,-196.333,286.667,-164.0
1395,663.7367,201.5431,175.445,321.3517,-0.31,986,331.5,6,49.333333333333336,29.57,671.333,-157.167,246.667,-126.667
1396,557.5067,251.6936,241.9133,247.155,1.71,945,414.0,7,42.666666666666664,28.34,609.667,-167.5,213.333,-126.333
1397,514.71,210.3762,191.4017,217.56,5.1767,835,304.8,15,36.666666666666664,24.71,553.667,-135.0,183.333,-112.0
1398,671.39,191.2741,163.39,205.7467,2.17,1080,247.8,26,49.666666666666664,32.39,716.333,-181.667,248.333,-144.0
1399,778.4733,192.6959,171.5117,203.3117,-0.06,1271,291.0,15,55.0,38.14,848.0,-211.667,275.0,-171.0
1400,522.13,187.2693,188.7817,218.42,3.7467,971,305.7,19,36.666666666666664,29.13,621.667,-174.667,183.333,-137.333
1401,652.4833,197.351,163.5233,230.85,3.6067,1155,275.7,18,44.0,34.65,756.0,-199.5,220.0,-158.667
1402,1084.6867,225.8122,183.545,216.8883,1.69,1717,292.8,6,83.0,51.52,1137.0,-290.167,415.0,-228.667
1403,573.6967,206.7851,188.9467,270.1233,10.7333,1068,310.2,38,43.0,26.53,594.0,-145.167,215.0,-116.667
1404,671.3367,248.7768,233.655,240.655,-0.85,1116,395.0,5,49.0,31.67,708.333,-173.667,245.0,-140.0
1405,645.7667,232.4346,220.4017,261.1633,4.5167,1037,382.8,36,50.0,31.1,680.0,-178.333,250.0,-137.0
1406,1124.53,227.3547,189.1833,211.9283,3.6933,1934,308.8,15,83.66666666666667,58.03,1253.333,-340.5,418.333,-264.667
1407,762.04,202.8503,183.9067,168.8067,0.1233,1251,317.7,10,56.0,37.54,825.0,-213.167,280.0,-167.333
1408,633.7,242.7453,251.075,271.64,3.1367,1040,422.5,16,44.0,31.2,695.667,-172.167,220.0,-141.0
1409,542.1467,210.8497,177.5483,295.3683,6.6933,899,294.0,12,37.0,26.98,601.667,-148.833,185.0,-122.667
1410,454.6167,159.0026,145.2217,245.4333,1.2933,769,275.7,11,34.333333333333336,19.95,453.667,-105.667,171.667,-85.0
1411,670.14,213.296,179.515,284.21,1.29,1056,307.5,10,52.666666666666664,30.64,679.667,-170.833,263.333,-132.667
1412,758.04,226.2289,177.48,217.91,5.1533,1243,338.0,11,53.666666666666664,34.04,783.333,-175.667,268.333,-152.0
1413,725.12,197.4605,156.3017,208.815,4.8167,1271,278.3,22,50.333333333333336,38.12,831.333,-219.667,251.667,-176.333
1414,542.7767,142.5853,139.31,207.11,2.7467,820,259.0,6,42.0,24.61,549.333,-135.5,210.0,-105.667
1415,517.42,205.0213,189.0617,272.1,-0.71,819,338.7,10,38.0,22.92,524.333,-119.833,190.0,-100.0
1416,858.7733,256.4026,246.7233,286.4683,3.95,1381,412.2,15,66.0,41.44,908.667,-236.333,330.0,-185.0
1417,636.5667,208.4083,201.105,219.055,3.8267,1130,341.0,10,48.666666666666664,33.9,719.333,-205.333,243.333,-154.667
1418,953.9967,220.095,217.9883,209.0633,0.65,1544,368.8,5,71.0,46.33,1021.0,-261.667,355.0,-206.667
1419,655.59,179.0323,161.5633,176.005,1.83,1036,291.8,11,47.666666666666664,31.09,695.333,-170.5,238.333,-138.667
1420,651.6533,181.2094,153.1167,254.3967,5.6233,1111,252.8,11,48.0,33.32,722.0,-194.333,240.0,-149.333
1421,555.95,184.8161,163.655,259.8267,1.5333,902,258.0,7,42.333333333333336,25.95,576.333,-144.333,211.667,-113.667
1422,650.3333,262.22,272.6817,260.215,-1.21,1050,467.2,8,52.333333333333336,31.5,680.333,-184.833,261.667,-138.333
1423,688.52,205.6627,195.9583,287.075,0.19,1084,323.0,6,56.333333333333336,32.52,704.667,-189.667,281.667,-140.667
1424,831.25,206.8308,162.385,259.22,0.5567,1491,287.8,5,61.666666666666664,42.75,924.667,-250.167,308.333,-194.333
1425,705.81,232.9531,186.7633,356.2333,5.99,1094,310.3,13,49.333333333333336,32.81,746.333,-173.667,246.667,-146.333
1426,458.58,178.4771,162.9783,195.06,-1.35,819,266.2,5,36.333333333333336,24.58,514.667,-152.333,181.667,-110.0
1427,497.2367,185.9876,151.6217,208.475,1.9967,786,256.8,11,36.333333333333336,23.57,526.333,-129.667,181.667,-104.667
1428,797.14,232.5967,189.6867,164.3967,4.7,1155,313.5,19,57.666666666666664,34.64,800.333,-177.167,288.333,-149.0
1429,806.6333,175.5692,129.4767,170.9767,3.34,1243,208.3,11,61.333333333333336,37.3,832.0,-205.667,306.667,-163.667
1430,766.42,178.4091,145.9017,159.1917,2.1933,1197,239.8,13,61.666666666666664,35.92,785.0,-206.167,308.333,-156.667
1431,655.2967,237.7351,176.2283,284.6483,9.0533,1054,305.8,16,50.666666666666664,31.63,691.667,-181.333,253.333,-140.0
1432,672.6967,217.3602,170.385,346.0567,3.2467,1084,277.5,15,50.333333333333336,32.53,716.667,-183.833,251.667,-144.333
1433,694.31,237.7719,219.21,246.7283,7.2267,1196,363.0,19,50.666666666666664,34.31,753.667,-195.0,253.333,-152.0
1434,755.6933,191.2101,169.5283,216.4633,2.4433,1321,260.8,8,57.0,36.36,801.333,-205.333,285.0,-161.667
1435,725.9533,227.7303,183.3833,325.43,9.27,1237,306.3,20,53.0,37.12,807.667,-214.833,265.0,-169.0
1436,465.2133,160.1533,112.3267,239.9033,2.34,846,199.0,9,35.0,25.38,536.333,-154.833,175.0,-116.667
1437,671.8433,191.7646,180.515,224.2617,1.0267,1084,300.5,12,46.333333333333336,32.51,730.333,-176.667,231.667,-146.0
1438,1002.0867,256.2317,205.185,333.99,1.79,1647,337.5,10,72.0,49.42,1094.0,-276.667,360.0,-224.667
1439,896.8767,235.4127,177.3083,177.9133,0.4167,1490,306.8,8,64.33333333333333,44.71,985.333,-252.5,321.667,-202.333
1440,734.38,244.5744,197.8383,444.1267,3.87,1113,341.8,11,58.0,33.38,742.667,-185.0,290.0,-146.667
1441,706.4133,280.6,225.1833,314.6367,-2.35,1185,386.7,5,52.0,35.08,769.333,-200.0,260.0,-158.0
1442,583.5567,219.2127,198.2,224.7767,17.75,946,328.0,25,42.0,28.39,630.0,-158.167,210.0,-126.667
1443,712.2167,227.8792,226.4967,274.09,1.7233,1268,355.8,10,51.666666666666664,38.05,816.0,-226.167,258.333,-174.0
1444,678.2533,232.1818,188.1733,351.7783,1.9567,1164,311.3,10,51.0,34.92,751.333,-206.333,255.0,-156.667
1445,650.01,160.9455,108.6583,210.28,2.4733,1050,195.8,9,51.666666666666664,31.51,682.667,-183.833,258.333,-138.667
1446,641.9767,182.0046,139.55,153.325,-0.2767,977,259.3,9,43.0,29.31,679.0,-149.0,215.0,-132.333
1447,574.3367,162.0151,124.6133,222.8867,1.26,939,225.0,9,42.333333333333336,28.17,619.333,-159.833,211.667,-125.0
1448,563.78,176.8307,154.7017,164.345,-2.3367,926,254.3,6,41.0,27.78,612.667,-156.667,205.0,-125.0
1449,561.71,181.584,146.4283,184.57,1.5067,840,232.8,11,41.0,25.21,574.0,-133.167,205.0,-109.333
1450,838.84,202.4692,202.4083,241.5417,1.73,1345,331.3,8,62.0,40.34,894.333,-225.167,310.0,-180.667
1451,689.1967,184.2974,157.5033,235.8067,5.6233,1168,283.7,8,51.666666666666664,35.03,758.667,-204.5,258.333,-158.333
1452,653.2167,249.0831,258.52,226.8283,2.9133,968,432.8,19,48.0,29.05,662.667,-152.833,240.0,-125.667
1453,650.8567,263.298,236.47,265.6417,16.2067,1040,389.3,35,52.333333333333336,31.19,677.0,-181.333,261.667,-137.667
1454,544.3567,201.9487,181.4533,223.2617,3.9967,990,288.3,11,40.333333333333336,29.69,629.0,-180.333,201.667,-135.667
1455,616.6667,226.5364,209.0417,352.415,1.6133,1017,350.5,9,44.333333333333336,30.5,673.0,-171.833,221.667,-136.667
1456,696.3567,192.4743,153.55,252.0217,1.2933,1106,273.7,7,53.0,33.19,730.667,-187.833,265.0,-144.667
1457,573.4967,180.6337,158.035,228.3467,-3.7233,928,266.7,18,45.0,27.83,605.667,-161.0,225.0,-124.0
1458,673.2667,248.0845,225.9267,264.7183,4.5133,1122,362.5,11,49.666666666666664,32.6,720.0,-183.333,248.333,-144.333
1459,859.54,178.064,92.44,218.5817,0.43,1418,164.3,13,66.33333333333333,42.54,922.667,-247.667,331.667,-189.667
1460,693.79,226.6131,196.15,188.0717,-0.6833,1110,334.0,22,53.333333333333336,33.29,729.333,-190.167,266.667,-145.333
1461,946.1333,232.5586,207.6683,351.4217,2.1433,1593,319.5,10,68.0,47.8,1048.667,-272.333,340.0,-218.0
1462,830.6033,238.4805,196.235,205.4583,-1.7767,1309,314.3,8,63.666666666666664,39.27,866.333,-221.333,318.333,-172.0
1463,804.46,237.4543,203.995,179.305,7.5,1399,343.3,33,58.333333333333336,41.96,906.333,-246.167,291.667,-189.333
1464,721.5567,242.8355,216.9017,173.0217,0.94,1213,380.2,15,52.666666666666664,36.39,796.0,-208.5,263.333,-165.667
1465,672.0067,195.1383,151.0617,255.87,0.77,1245,266.5,9,47.666666666666664,37.34,793.333,-225.667,238.333,-171.333
1466,741.5933,204.5403,190.6117,221.0567,-1.57,1259,344.0,11,55.0,37.76,817.0,-220.833,275.0,-167.333
1467,763.18,209.9471,195.0417,261.9917,4.78,1206,324.7,26,55.666666666666664,36.18,808.0,-199.0,278.333,-160.333
1468,793.7867,224.688,202.79,197.635,0.2067,1304,351.8,18,58.0,39.12,863.333,-220.333,290.0,-178.333
1469,590.77,168.5125,139.5267,274.2383,3.07,969,222.8,12,44.666666666666664,26.77,603.0,-144.667,223.333,-117.667
1470,575.8967,250.0546,249.3617,434.815,5.27,958,434.3,9,41.666666666666664,28.73,631.333,-163.167,208.333,-129.333
1471,619.6567,171.2652,140.2683,259.0783,-2.28,1000,222.8,7,47.333333333333336,29.99,655.667,-172.0,236.667,-130.667
1472,921.2133,220.5407,209.2583,261.6917,9.2,1479,332.3,21,69.66666666666667,44.38,977.0,-251.167,348.333,-197.333
1473,830.66,245.2403,192.7917,284.0183,0.7233,1439,356.2,13,61.0,43.16,932.333,-253.167,305.0,-196.667
1474,543.6633,180.0747,172.4217,161.6117,3.7533,901,293.8,13,41.0,26.83,586.0,-154.167,205.0,-120.0
1475,711.1567,196.5192,167.81,285.33,2.2233,1166,290.3,13,49.666666666666664,34.99,780.667,-192.833,248.333,-160.0
1476,685.12,224.4464,207.725,285.525,1.45,1204,339.2,8,48.666666666666664,36.12,781.333,-211.333,243.333,-164.333
1477,631.3533,243.3723,214.1917,224.9467,-1.35,1001,364.0,5,49.333333333333336,30.02,657.333,-171.667,246.667,-131.0
1478,618.2333,219.802,213.2517,370.695,3.44,1080,352.8,22,45.0,32.4,698.333,-190.833,225.0,-146.667
1479,984.6133,217.7728,188.8933,309.5917,9.9367,1676,323.0,15,76.0,50.28,1080.0,-298.0,380.0,-227.667
1480,762.15,217.2197,198.4567,227.7833,6.7233,1338,337.2,13,56.666666666666664,40.15,859.0,-239.667,283.333,-180.667
1481,741.3967,236.8319,210.8,233.9067,3.02,1308,331.5,17,59.0,39.23,826.0,-240.833,295.0,-178.0
1482,661.3867,207.6897,185.0333,266.2167,3.8,1074,312.5,13,54.333333333333336,32.22,689.667,-192.167,271.667,-140.0
1483,687.5233,241.7883,229.9233,228.6867,6.32,1106,365.5,27,54.0,33.19,721.667,-192.333,270.0,-145.0
1484,787.9167,208.6957,187.55,213.1433,4.38,1342,295.5,13,55.0,40.25,885.667,-228.0,275.0,-185.0
1485,608.0067,205.2737,183.5367,283.8467,-2.35,1095,323.0,5,42.666666666666664,32.84,706.333,-194.167,213.333,-150.333
1486,514.83,216.6119,194.8633,181.5467,5.95,872,321.0,15,35.333333333333336,24.33,551.333,-129.833,176.667,-107.667
1487,695.74,290.8107,247.1667,292.6767,3.6533,1214,459.3,11,54.666666666666664,35.24,754.333,-210.167,273.333,-157.0
1488,604.9467,249.0143,239.7083,246.885,6.1367,1097,409.0,16,47.666666666666664,27.28,606.667,-151.333,238.333,-116.0
1489,546.1733,225.0316,208.395,196.6517,4.5067,938,340.2,11,42.666666666666664,26.34,575.0,-151.5,213.333,-117.0
1490,478.7,222.9789,206.2417,287.8167,1.3633,873,375.8,17,32.666666666666664,26.2,565.667,-153.833,163.333,-122.667
1491,1318.6867,192.7379,134.3267,334.605,1.0733,2334,258.2,8,94.33333333333333,70.02,1508.0,-413.0,471.667,-318.0
1492,758.44,244.2469,255.9633,264.2483,3.38,1231,404.8,29,51.666666666666664,36.94,830.333,-200.5,258.333,-166.667
1493,602.5167,196.947,159.8683,276.225,1.7,895,294.3,23,46.0,26.85,605.0,-145.0,230.0,-114.333
1494,548.4267,201.4667,191.5333,204.675,-0.28,1052,332.8,7,36.0,30.76,662.667,-181.333,180.0,-143.667
1495,658.2333,195.3959,168.4117,228.955,5.7467,1097,298.7,19,51.0,32.9,711.333,-192.667,255.0,-148.333
1496,753.6633,179.1189,167.385,251.7433,2.9967,1178,272.5,11,58.666666666666664,35.33,778.333,-199.667,293.333,-153.667
1497,649.4367,150.7477,124.8833,175.4867,3.2233,1109,182.7,13,47.666666666666664,33.27,722.0,-193.5,238.333,-150.667
1498,606.4233,195.6021,163.7717,340.9817,0.27,959,290.2,9,44.666666666666664,28.59,638.667,-157.167,223.333,-127.0
1499,989.97,298.8966,281.5783,384.355,8.7733,1582,419.8,31,77.66666666666667,47.47,1036.667,-272.833,388.333,-209.667
1500,485.5033,199.9007,200.7633,343.0267,2.95,833,326.5,11,37.0,24.67,531.333,-145.5,185.0,-110.0
