generation,best_score,mean_score,median_score,elite_median_score,worst_score,best_turns,median_turns,worst_turns,best_food_eaten,best_sc_survival,best_sc_towards,best_sc_against,best_sc_ate,best_sc_bomb
1,24.3733,2.9851,2.4683,6.6617,-1.8167,68,11.2,3,2.0,2.04,37.333,-15.333,10.0,-9.667
2,35.13,6.2639,4.81,7.255,-2.0833,188,20.0,3,2.3333333333333335,5.63,94.0,-46.833,11.667,-29.333
3,88.7767,7.8751,5.685,5.6167,-0.9367,170,23.7,5,6.333333333333333,5.11,107.0,-31.667,31.667,-23.333
4,46.1733,10.6798,7.1317,4.6883,-2.3867,130,25.2,5,3.6666666666666665,2.34,49.667,-14.167,18.333,-10.0
5,60.7933,14.8117,9.6833,4.6383,-2.3967,125,35.3,5,5.0,3.46,70.667,-22.333,25.0,-16.0
6,99.7267,17.5107,13.285,5.8617,-4.23,235,49.8,3,8.333333333333334,7.06,135.333,-50.0,41.667,-34.333
7,56.4,15.3401,9.415,6.2483,-1.41,126,37.0,3,5.0,3.4,66.667,-23.333,25.0,-15.333
8,58.5167,16.8785,13.9433,7.0767,-1.6933,128,56.7,5,4.666666666666667,3.85,75.667,-26.333,23.333,-18.0
9,63.05,21.2233,17.52,8.7183,1.5667,168,46.5,7,5.666666666666667,5.05,91.667,-38.333,28.333,-23.667
10,65.3167,19.0929,14.135,8.03,-1.06,155,49.8,3,6.333333333333333,4.65,85.0,-35.0,31.667,-21.0
11,91.8233,23.3345,21.1733,9.4083,1.1033,250,67.5,9,7.333333333333333,7.49,140.333,-54.667,36.667,-38.0
12,66.6767,20.3061,17.8917,15.5517,-1.2133,221,50.7,3,4.666666666666667,5.51,104.667,-39.5,23.333,-27.333
13,77.8133,19.63,14.6517,12.2983,-0.41,183,47.2,3,6.333333333333333,5.48,105.333,-38.667,31.667,-26.0
14,82.11,21.1939,17.0,13.11,-4.0833,187,48.7,9,6.666666666666667,5.61,108.667,-39.167,33.333,-26.333
15,104.71,24.5581,22.7,12.7083,-1.4767,274,50.8,3,9.666666666666666,8.21,149.333,-62.167,48.333,-39.0
16,79.32,18.014,15.7483,13.355,-2.9167,244,43.8,6,6.333333333333333,7.32,132.667,-55.667,31.667,-36.667
17,71.8967,20.9104,15.1817,7.21,-3.2233,213,54.3,5,5.666666666666667,5.23,100.333,-37.0,28.333,-25.0
18,91.6533,24.1285,18.7983,14.3217,0.7,277,59.2,7,7.333333333333333,8.32,151.333,-63.0,36.667,-41.667
19,125.8467,29.1205,22.1717,9.645,-2.2933,339,66.8,6,10.666666666666666,10.18,188.0,-75.667,53.333,-50.0
20,90.0467,25.7968,22.1633,15.3867,-3.05,249,68.2,10,7.666666666666667,6.88,129.0,-50.167,38.333,-34.0
21,125.5033,23.8733,17.0783,17.6083,-4.2867,306,53.3,5,11.0,9.17,173.0,-66.333,55.0,-45.333
22,96.3133,28.6171,21.055,11.9317,-0.4033,283,60.3,5,7.666666666666667,8.48,155.667,-63.5,38.333,-42.667
23,79.2,22.6828,19.0667,22.5033,-3.7167,240,52.0,3,7.0,7.2,128.0,-56.0,35.0,-35.0
24,100.6967,24.4358,17.9567,12.4567,-1.8333,268,53.3,3,8.333333333333334,8.03,149.0,-59.333,41.667,-38.667
25,106.7833,29.6521,20.4117,18.0683,-0.5533,332,73.8,9,8.666666666666666,9.95,180.0,-75.833,43.333,-50.667
26,80.7833,29.3561,25.1633,23.9867,-0.2467,232,73.2,3,6.333333333333333,6.95,128.0,-51.833,31.667,-34.0
27,165.72,30.3535,23.6783,25.8383,-1.1933,491,71.3,5,13.333333333333334,14.72,268.667,-111.0,66.667,-73.333
28,113.76,29.1835,27.2317,21.3867,-3.78,342,84.2,3,9.0,10.26,187.0,-77.5,45.0,-51.0
29,135.6467,35.6321,30.21,25.1683,-1.1933,399,87.2,5,11.333333333333334,11.98,217.333,-91.0,56.667,-59.333
30,139.9433,37.185,29.47,26.9717,0.69,354,86.8,6,12.666666666666666,10.61,196.333,-78.667,63.333,-51.667
31,171.3467,41.1736,28.2633,19.8167,-1.0333,439,83.2,3,15.333333333333334,13.18,243.0,-98.167,76.667,-63.333
32,114.4767,32.4181,25.67,24.13,-1.6933,260,70.5,5,10.0,7.31,142.667,-50.5,50.0,-35.0
33,124.4,32.3375,25.525,28.045,-1.6933,347,70.2,3,10.0,10.4,192.0,-77.333,50.0,-50.667
34,126.8167,36.2851,31.09,35.94,-2.1933,326,84.8,5,11.333333333333334,8.65,164.667,-61.833,56.667,-41.333
35,107.0133,32.7125,26.2867,26.965,-1.41,302,73.3,3,10.0,7.18,135.0,-52.167,50.0,-33.0
36,128.58,37.8861,30.5733,28.02,-2.76,353,88.3,3,10.333333333333334,10.58,196.667,-78.0,51.667,-52.333
37,130.5767,46.7635,37.6717,38.49,-1.4767,342,115.0,6,12.333333333333334,9.41,174.0,-69.833,61.667,-44.667
38,93.3733,41.8304,38.0083,33.6267,4.8967,269,100.2,8,7.666666666666667,6.04,118.667,-41.333,38.333,-28.333
39,115.2,38.4837,32.595,48.3,-2.9567,290,100.2,3,11.0,8.7,159.0,-65.5,55.0,-42.0
40,152.2233,44.742,46.5583,31.655,-3.7167,330,127.8,3,13.0,9.89,192.333,-68.667,65.0,-46.333
41,116.8767,36.0863,29.4933,26.835,4.5733,309,77.8,8,10.333333333333334,8.71,162.667,-63.833,51.667,-42.333
42,132.2733,50.5403,42.6167,30.925,-0.82,311,124.8,10,12.666666666666666,8.94,167.333,-65.333,63.333,-42.0
43,142.23,45.5949,41.5,35.8133,-0.41,374,105.2,3,13.666666666666666,11.23,203.0,-85.667,68.333,-54.667
44,289.5633,47.0401,38.5533,25.9567,-2.1133,708,111.0,3,25.0,21.23,399.667,-154.0,125.0,-102.333
45,245.5933,48.0314,36.3917,44.6733,-1.41,525,113.8,3,22.333333333333332,15.76,303.0,-111.167,111.667,-73.667
46,135.6633,47.9719,44.1067,48.645,-1.41,528,124.7,3,11.0,15.83,273.333,-127.167,55.0,-81.333
47,107.9933,30.8323,25.58,35.4433,-1.41,288,74.3,3,8.0,8.16,157.667,-57.167,40.0,-40.667
48,135.6533,33.6979,25.56,46.6033,-2.3933,337,56.0,3,12.333333333333334,9.82,183.0,-72.167,61.667,-46.667
49,109.87,38.728,37.0433,46.8167,-1.41,279,89.3,3,9.333333333333334,8.37,156.667,-61.167,46.667,-40.667
50,178.3733,49.3092,34.5667,54.76,-0.25,450,88.3,6,16.333333333333332,12.04,228.0,-86.667,81.667,-56.667
51,175.8667,55.2886,50.1467,42.4383,-1.41,457,121.3,3,15.666666666666666,13.7,252.333,-102.167,78.333,-66.333
52,264.13,64.7148,45.5683,61.845,-2.9767,751,119.3,6,23.666666666666668,19.13,358.333,-139.667,118.333,-92.0
53,163.25,55.476,49.3983,53.3717,-1.41,456,130.5,3,15.333333333333334,10.75,203.333,-77.5,76.667,-50.0
54,199.0633,55.9066,49.05,57.5417,5.3733,558,139.0,8,18.333333333333332,16.73,301.667,-128.0,91.667,-83.0
55,161.0733,60.1814,54.3233,52.065,-0.41,475,146.2,3,13.666666666666666,14.24,258.333,-108.167,68.333,-71.667
56,194.4467,59.2688,42.9283,42.45,-2.2067,476,130.2,3,17.0,14.28,268.333,-103.833,85.0,-69.333
57,219.6367,77.3431,62.635,46.8033,5.9433,599,158.2,20,18.666666666666668,14.97,287.667,-105.667,93.333,-70.667
58,248.95,76.7397,59.675,29.6033,-0.91,615,160.8,3,21.666666666666668,17.95,339.0,-129.667,108.333,-86.667
59,263.66,73.6278,59.3167,72.8,-1.41,689,162.5,3,22.333333333333332,20.66,384.667,-152.0,111.667,-101.333
60,466.87,64.6854,40.6333,59.5883,-1.41,1029,131.5,3,43.666666666666664,30.87,585.667,-221.667,218.333,-146.333
61,221.8233,66.4177,58.5567,51.3033,-1.41,596,166.0,3,19.666666666666668,16.99,315.333,-125.5,98.333,-83.333
62,428.9267,75.0343,56.6967,43.2717,-1.41,1175,158.3,3,37.333333333333336,35.26,645.333,-265.0,186.667,-173.333
63,254.5233,84.4948,73.1317,69.1167,-1.41,756,176.7,3,22.333333333333332,22.69,408.0,-174.167,111.667,-113.667
64,327.7367,93.3267,68.95,47.6,0.4467,986,185.0,3,31.0,29.57,522.667,-231.5,155.0,-148.0
65,425.4,86.8207,67.1767,53.355,-0.41,1063,197.3,3,37.0,31.9,597.0,-233.167,185.0,-155.333
66,387.8267,113.3412,66.5983,62.4533,4.2867,989,215.5,35,33.333333333333336,29.66,555.0,-216.833,166.667,-146.667
67,323.15,84.9431,75.1183,76.515,-1.41,905,185.0,3,28.0,27.15,495.0,-205.0,140.0,-134.0
68,213.9433,67.7431,58.6133,59.8517,-1.41,670,173.7,3,17.0,20.11,363.333,-153.5,85.0,-101.0
69,375.4333,95.5034,87.4,115.2917,-0.41,870,240.3,3,34.333333333333336,26.1,491.333,-189.333,171.667,-124.333
70,232.9,78.2588,61.88,43.8217,3.3567,747,183.3,23,20.0,17.9,334.0,-131.333,100.0,-87.667
71,343.69,98.1673,90.995,66.2183,-0.91,823,252.7,3,31.0,24.69,463.0,-180.0,155.0,-119.0
72,369.3167,90.0583,70.7567,94.3617,-1.41,1027,187.8,3,33.0,28.65,529.0,-213.0,165.0,-140.333
73,272.47,79.9446,78.3717,113.08,-1.41,686,187.2,3,25.666666666666668,20.47,375.667,-153.333,128.333,-98.667
74,306.2567,90.1688,69.3467,41.875,-1.41,870,181.8,3,25.333333333333332,26.09,478.667,-195.5,126.667,-129.667
75,347.74,99.1631,80.4367,90.005,-1.41,908,219.7,3,30.333333333333332,27.24,505.0,-201.5,151.667,-134.667
76,464.3867,91.9593,88.3967,87.21,-1.41,1207,237.0,3,40.333333333333336,36.22,672.333,-267.5,201.667,-178.333
77,310.6733,79.7428,63.4483,52.4033,-1.41,830,192.7,3,27.666666666666668,24.84,455.667,-186.167,138.333,-122.0
78,352.5767,105.1993,88.6083,77.4983,-1.41,847,231.7,3,31.0,25.41,478.667,-184.167,155.0,-122.333
79,294.4167,104.3576,98.3083,122.7183,-0.41,825,286.3,3,23.666666666666668,24.75,457.667,-183.667,118.333,-122.667
80,347.2967,102.3452,70.3267,78.1967,-0.3167,971,222.7,12,27.333333333333332,29.13,541.333,-214.833,136.667,-145.0
81,283.13,90.3073,79.5067,65.9,-1.41,724,222.7,3,25.333333333333332,18.13,351.0,-126.667,126.667,-86.0
82,358.6133,107.6695,101.495,112.575,-1.41,1009,279.0,3,28.666666666666668,30.28,559.333,-225.0,143.333,-149.333
83,298.7533,93.9247,79.0483,87.1317,-1.41,864,221.3,3,26.0,25.92,469.0,-197.5,130.0,-128.667
84,378.85,100.4205,85.53,139.7167,-1.41,978,242.0,3,33.0,29.35,545.333,-216.5,165.0,-144.333
85,344.7167,104.9478,103.6467,142.8417,-0.91,785,325.5,3,31.333333333333332,23.55,446.667,-169.167,156.667,-113.0
86,421.3133,93.5663,72.655,57.2917,-1.41,966,226.2,3,38.0,28.98,549.333,-208.333,190.0,-138.667
87,520.4033,116.2297,71.525,66.49,1.2567,1319,256.5,3,46.333333333333336,39.57,734.667,-292.167,231.667,-193.333
88,350.7433,104.9775,92.4367,125.965,-1.41,947,243.8,3,30.0,28.41,524.333,-211.333,150.0,-140.667
89,300.65,82.2153,60.8283,77.955,-1.41,822,184.0,3,25.666666666666668,24.65,454.333,-183.667,128.333,-123.0
90,465.83,98.7856,84.0067,127.755,-1.41,1444,244.8,3,37.666666666666664,43.33,782.667,-330.833,188.333,-217.667
91,284.3533,96.5869,90.3833,108.7233,-1.41,734,256.7,3,26.0,22.02,404.667,-164.667,130.0,-107.667
92,361.17,98.3323,77.375,122.97,-1.41,1023,212.0,3,33.666666666666664,26.67,492.667,-198.167,168.333,-128.333
93,263.7267,82.9917,67.7617,80.2767,-1.41,904,189.8,3,23.333333333333332,19.56,365.0,-143.5,116.667,-94.0
94,350.39,102.8899,80.3267,92.925,-1.1933,896,208.7,3,29.0,26.89,504.667,-195.833,145.0,-130.333
95,219.9967,88.9539,91.7333,112.6483,-0.91,644,274.5,3,20.0,19.33,346.333,-149.0,100.0,-96.667
96,452.1667,108.7734,82.9717,103.2317,-0.91,1283,214.3,3,37.666666666666664,38.5,705.333,-289.0,188.333,-191.0
97,294.03,79.3013,67.7083,83.0617,-1.41,701,193.2,3,25.666666666666668,21.03,397.667,-151.667,128.333,-101.333
98,350.5533,81.7705,61.2917,109.7983,-1.41,857,184.3,3,32.0,25.72,479.0,-189.167,160.0,-125.0
99,264.1033,107.8091,94.7283,96.6367,-1.41,721,261.0,3,22.0,19.27,366.0,-138.167,110.0,-93.0
100,429.08,99.977,85.1167,119.1317,-0.41,1119,255.0,3,36.666666666666664,33.58,623.667,-247.833,183.333,-163.667
101,451.2333,105.5902,70.805,195.63,-1.41,1030,282.7,3,42.333333333333336,30.9,580.667,-224.667,211.667,-147.333
102,320.2433,82.0364,54.9917,172.1617,-1.41,730,160.8,3,28.666666666666668,21.91,417.0,-156.667,143.333,-105.333
103,293.97,91.1065,70.3167,120.5467,-0.55,600,184.3,15,27.666666666666668,17.97,347.0,-126.0,138.333,-83.333
104,277.6,91.9158,98.8167,110.9617,-1.41,770,236.7,3,22.0,23.1,429.667,-170.167,110.0,-115.0
105,277.0767,91.6973,88.475,139.515,-1.41,631,219.8,3,25.666666666666668,18.91,356.667,-136.833,128.333,-90.0
106,434.8167,75.0141,57.4517,98.85,-1.41,1122,172.7,3,39.666666666666664,33.65,618.0,-251.833,198.333,-163.333
107,286.41,88.6727,71.5083,90.98,-1.41,1080,212.7,3,23.666666666666668,23.41,433.667,-173.333,118.333,-115.667
108,419.9367,126.0483,125.5817,145.37,-1.41,1209,347.2,3,35.333333333333336,36.27,661.667,-273.667,176.667,-181.0
109,347.36,107.9015,92.3367,134.43,-1.41,879,253.3,3,30.333333333333332,26.36,492.667,-193.0,151.667,-130.333
110,313.95,103.2225,96.355,117.7817,-1.41,777,244.2,3,27.333333333333332,21.95,417.0,-157.333,136.667,-104.333
111,452.2933,122.2411,101.3267,137.7567,-1.41,1417,280.8,3,39.0,34.46,643.0,-252.833,195.0,-167.333
112,367.1267,111.3322,96.235,114.4,6.21,915,275.5,40,31.333333333333332,27.46,516.0,-199.667,156.667,-133.333
113,226.41,101.8608,89.1317,122.0833,-1.41,904,250.8,3,20.333333333333332,17.41,321.667,-129.333,101.667,-85.0
114,308.66,92.8061,67.4683,86.7983,-1.41,780,201.5,3,27.333333333333332,21.66,410.0,-156.0,136.667,-103.667
115,287.0233,80.0193,55.3667,94.1,-1.41,809,144.8,3,26.0,23.19,422.0,-175.5,130.0,-112.667
116,275.1267,98.1559,81.36,133.4733,-0.91,834,251.7,3,23.0,24.96,451.0,-190.5,115.0,-125.333
117,274.78,107.1025,93.8067,107.2,-1.41,842,250.5,3,21.333333333333332,24.28,445.667,-181.833,106.667,-120.0
118,382.4267,95.7545,80.4733,78.64,-1.41,1167,234.7,3,35.333333333333336,25.76,488.0,-185.333,176.667,-122.667
119,310.77,96.2465,74.7817,90.65,-0.41,959,223.0,3,26.0,28.77,517.667,-220.667,130.0,-145.0
120,342.3333,72.0737,37.8717,101.9683,-2.2,850,134.7,3,30.666666666666668,25.5,475.0,-187.5,153.333,-124.0
121,348.6533,94.3189,72.7933,88.2983,-1.41,763,202.7,3,32.333333333333336,22.32,427.333,-158.333,161.667,-104.333
122,336.9267,112.5229,100.32,150.7167,-1.41,882,297.7,3,30.333333333333332,26.26,484.0,-195.667,151.667,-129.333
123,302.3533,107.4549,98.785,147.89,-1.41,750,261.5,3,27.333333333333332,20.02,382.0,-142.667,136.667,-93.667
124,284.9733,62.5447,56.1283,78.0267,-1.4767,905,175.0,3,21.666666666666668,27.14,491.667,-206.5,108.333,-135.667
125,269.38,83.9593,77.155,122.8867,-1.41,729,235.3,3,22.333333333333332,21.88,405.0,-162.167,111.667,-107.0
126,316.1433,98.1255,89.0083,116.315,-1.41,894,255.3,3,26.333333333333332,26.81,491.667,-201.0,131.667,-133.0
127,321.4733,93.3234,83.3417,128.88,-0.91,905,228.3,3,26.0,27.14,500.667,-202.0,130.0,-134.333
128,283.4533,94.1424,87.5983,111.61,9.0567,721,227.2,18,24.333333333333332,21.62,403.667,-158.5,121.667,-105.0
129,327.9067,115.8834,89.2133,131.9033,-1.41,891,244.0,3,28.666666666666668,26.74,490.333,-200.5,143.333,-132.0
130,330.1333,105.0839,82.5283,161.1383,-1.41,910,247.3,3,27.666666666666668,27.3,502.333,-203.833,138.333,-134.0
131,326.9933,90.0757,78.9917,155.185,-2.74,872,226.0,3,30.333333333333332,26.16,476.333,-197.833,151.667,-129.333
132,212.29,87.1669,83.85,143.5617,-1.41,645,229.5,3,18.333333333333332,18.29,331.667,-139.0,91.667,-90.333
133,368.0233,112.7672,90.615,137.045,-1.41,973,276.5,3,30.666666666666668,29.19,543.333,-214.833,153.333,-143.0
134,392.9567,109.6771,102.2333,82.095,-1.41,1076,276.7,3,33.666666666666664,32.29,593.667,-241.333,168.333,-160.0
135,302.15,110.7345,90.2533,127.4017,-1.41,788,236.7,3,24.333333333333332,23.65,444.667,-171.833,121.667,-116.0
136,362.1967,86.9176,63.35,107.0733,-1.41,951,203.3,3,30.666666666666668,28.53,530.333,-210.333,153.333,-139.667
137,219.6867,86.8087,78.7383,80.5883,-0.41,651,228.7,3,19.333333333333332,19.52,350.333,-150.167,96.667,-96.667
138,212.4467,71.5245,68.32,113.1017,-1.41,543,189.5,3,18.333333333333332,16.28,303.0,-119.833,91.667,-78.667
139,275.98,83.6258,68.71,110.4983,-1.41,766,182.8,3,21.666666666666668,22.98,428.0,-169.0,108.333,-114.333
140,434.14,116.7292,104.0167,127.1417,-1.41,1055,272.7,3,38.333333333333336,31.64,595.0,-229.833,191.667,-154.333
141,430.48,108.6123,91.74,124.9067,-1.41,1233,260.5,3,35.0,36.98,678.333,-277.167,175.0,-182.667
142,395.26,117.4204,105.4133,122.5133,-1.41,1142,289.2,3,34.0,34.26,621.333,-260.333,170.0,-170.0
143,256.7067,75.8579,68.95,96.43,-7.2433,734,189.0,3,23.333333333333332,18.04,339.333,-131.0,116.667,-86.333
144,244.5433,80.4014,73.6033,104.3183,-0.91,740,203.5,3,20.333333333333332,22.21,401.667,-169.333,101.667,-111.667
145,488.4033,95.9077,70.575,112.555,-0.41,1286,195.0,3,44.0,38.57,706.667,-289.5,220.0,-187.333
146,305.59,110.3366,93.95,110.0883,0.45,920,261.7,15,25.333333333333332,27.59,499.667,-210.0,126.667,-138.333
147,364.4467,102.4352,87.8533,97.9067,-0.41,943,220.5,3,32.0,28.28,523.667,-209.5,160.0,-138.0
148,322.6567,86.1793,82.9067,107.4233,-1.41,883,201.0,3,28.666666666666668,26.49,484.0,-199.5,143.333,-131.667
149,279.82,77.0541,52.1483,71.6283,-1.41,761,165.0,3,23.0,22.82,422.667,-169.0,115.0,-111.667
150,383.25,102.3697,86.5383,101.3983,-1.41,892,260.5,3,35.333333333333336,26.75,503.333,-194.167,176.667,-129.333
151,253.34,103.1663,97.51,99.6817,-1.41,793,275.8,3,22.0,19.84,367.667,-146.833,110.0,-97.333
152,329.1233,70.3844,48.1017,104.7867,-1.41,1093,147.8,3,27.0,32.79,583.0,-255.0,135.0,-166.667
153,323.3567,101.3616,88.0033,113.325,-1.41,906,243.8,3,27.333333333333332,27.19,498.667,-203.833,136.667,-135.333
154,358.2233,103.9575,87.19,88.8617,-1.41,1030,254.0,3,32.666666666666664,30.89,553.667,-238.0,163.333,-151.667
155,312.98,106.6645,94.965,169.0717,-1.41,783,265.5,3,29.333333333333332,23.48,431.0,-175.833,146.667,-112.333
156,312.5567,108.4892,107.645,113.7717,-1.41,805,283.2,3,25.333333333333332,23.89,451.0,-172.667,126.667,-116.333
157,395.7533,83.8738,63.08,93.29,-1.41,1147,207.5,3,32.666666666666664,34.42,629.333,-259.0,163.333,-172.333
158,267.9,83.195,86.8,111.9383,-1.41,1098,234.7,3,23.0,21.4,395.667,-158.833,115.0,-105.333
159,340.5733,108.1271,85.1033,97.995,-1.41,808,257.5,3,28.333333333333332,24.24,464.0,-172.0,141.667,-117.333
160,357.3067,110.1,94.3117,94.3117,-1.41,871,250.5,3,33.0,26.14,485.667,-192.833,165.0,-126.667
161,417.4267,123.0134,122.5783,157.1517,-1.41,925,358.2,3,37.0,27.76,532.0,-196.667,185.0,-130.667
162,345.57,111.0435,99.2317,94.175,-0.91,836,278.3,3,31.333333333333332,25.07,468.667,-183.5,156.667,-121.333
163,356.9933,124.7543,104.4617,98.73,-0.91,1122,309.2,3,27.666666666666668,33.66,610.667,-255.667,138.333,-170.0
164,330.45,114.183,114.0833,114.0833,5.6867,799,302.7,33,29.666666666666668,20.95,406.0,-146.167,148.333,-98.667
165,387.8333,133.9435,124.7,114.6283,-1.41,917,351.2,3,35.0,27.5,518.0,-199.333,175.0,-133.333
166,425.0033,91.3717,68.9433,96.8133,-1.41,1056,217.7,3,38.333333333333336,31.67,587.667,-234.0,191.667,-152.0
167,451.36,140.1353,126.085,103.8483,8.9433,1129,357.7,20,35.666666666666664,33.86,646.333,-241.167,178.333,-166.0
168,538.2333,134.1651,102.5267,108.1717,0.09,1280,276.2,3,39.666666666666664,38.4,754.333,-262.833,198.333,-190.0
169,303.74,113.0988,97.4117,130.5933,-1.41,738,225.0,3,24.0,20.24,399.0,-137.833,120.0,-97.667
170,565.6167,128.9847,103.8183,87.1917,-1.41,1215,301.8,3,43.0,36.45,732.667,-241.167,215.0,-177.333
171,553.3133,172.8499,146.1967,153.1683,9.71,1399,376.7,74,45.0,41.98,794.667,-302.333,225.0,-206.0
172,260.2767,92.0056,71.7633,95.1067,-0.91,904,213.7,3,16.333333333333332,27.11,496.667,-203.5,81.667,-141.667
173,582.4167,101.6665,55.465,173.0283,-0.9133,1475,181.0,3,43.333333333333336,44.25,852.667,-311.167,216.667,-220.0
174,538.6467,128.4523,95.2983,108.1983,-1.41,1533,272.3,3,42.333333333333336,45.98,850.667,-341.0,211.667,-228.667
175,636.57,152.6883,125.0083,125.0083,-1.41,1694,332.8,3,51.0,47.57,905.667,-340.0,255.0,-231.667
176,379.74,138.7149,130.2683,131.545,-0.41,1047,333.7,3,27.333333333333332,27.24,536.333,-185.833,136.667,-134.667
177,416.18,168.2496,155.7233,131.6133,-1.74,967,402.3,3,31.666666666666668,23.68,494.333,-147.5,158.333,-112.667
178,424.7733,122.2941,106.8483,157.0717,-0.91,1081,283.7,3,34.0,32.44,614.667,-233.333,170.0,-159.0
179,590.0467,154.2247,143.2017,147.8267,-1.41,1229,365.3,3,40.333333333333336,36.88,765.0,-232.167,201.667,-181.333
180,419.0633,147.5523,147.2317,145.095,-2.4767,989,364.7,3,30.666666666666668,25.23,521.333,-159.833,153.333,-121.0
181,696.2833,138.1557,92.705,129.1017,-1.41,1598,277.2,3,51.0,47.95,953.0,-322.667,255.0,-237.0
182,580.69,106.6604,64.2633,108.48,-1.41,1406,151.3,3,40.666666666666664,42.19,832.0,-287.167,203.333,-209.667
183,609.7467,157.9913,140.3267,138.5417,0.7567,1236,349.3,3,43.0,37.08,768.667,-233.667,215.0,-177.333
184,840.6967,201.1533,199.52,214.5383,-1.8233,1934,493.0,3,57.666666666666664,58.03,1165.667,-384.333,288.333,-287.0
185,703.31,162.0422,143.705,175.11,-1.41,1427,316.7,3,50.333333333333336,42.81,886.0,-270.5,251.667,-206.667
186,1143.5933,207.5615,173.405,145.8517,-2.26,2375,381.8,3,77.0,71.26,1483.333,-446.0,385.0,-350.0
187,761.55,221.7231,184.8633,159.33,-1.41,1652,420.8,3,51.0,49.55,1018.333,-316.667,255.0,-244.667
188,816.7433,204.7243,183.7533,236.195,-3.9567,1864,488.5,3,53.666666666666664,55.91,1133.333,-365.167,268.333,-275.667
189,777.5667,167.5011,135.8767,142.14,-1.41,1663,343.3,3,50.0,49.9,1036.667,-313.333,250.0,-245.667
190,556.3833,135.9355,89.1183,184.04,-1.9333,1335,237.0,3,40.0,40.05,788.333,-273.333,200.0,-198.667
191,699.41,163.3967,134.275,220.215,-1.41,1647,349.5,3,52.666666666666664,49.41,967.667,-339.667,263.333,-241.333
192,685.7667,147.6608,129.6517,184.7517,-1.41,1403,314.5,3,45.666666666666664,42.1,882.0,-260.667,228.333,-206.0
193,730.24,168.5187,107.0983,246.38,-0.91,1541,290.3,3,51.666666666666664,46.24,948.0,-296.667,258.333,-225.667
194,811.3967,222.0524,172.63,208.84,-0.41,1824,408.2,3,53.0,54.73,1117.667,-353.333,265.0,-272.667
195,684.64,208.1015,166.55,218.455,-0.41,1388,382.2,3,48.0,41.64,866.667,-260.667,240.0,-203.0
196,878.9767,200.6006,138.245,163.55,-1.41,1777,322.5,3,62.666666666666664,53.31,1104.333,-336.333,313.333,-255.667
197,831.4033,243.6175,184.76,184.0233,-0.91,1819,409.7,3,58.0,54.57,1110.0,-354.5,290.0,-268.667
198,694.1967,244.3915,194.3083,194.8767,-0.41,1451,414.2,3,45.333333333333336,43.53,907.667,-271.667,226.667,-212.0
199,1152.3633,219.7685,163.595,246.7117,-0.41,2284,398.7,3,79.33333333333333,68.53,1440.667,-421.833,396.667,-331.667
200,906.75,230.6191,180.3383,357.6233,2.2567,1942,425.8,3,63.0,58.25,1193.333,-374.167,315.0,-285.667
201,885.47,240.4129,213.7117,276.495,9.46,1949,517.3,15,61.666666666666664,58.47,1187.0,-381.0,308.333,-287.333
202,853.3033,246.7139,188.2583,231.545,-1.41,1966,408.5,3,56.0,58.97,1194.333,-385.667,280.0,-294.333
203,632.9767,206.8338,176.17,204.385,-0.91,1430,385.0,3,46.666666666666664,41.81,838.667,-277.5,233.333,-203.333
204,889.22,215.3033,179.9117,234.79,1.18,1957,429.0,6,64.0,58.72,1185.0,-386.167,320.0,-288.333
205,706.71,239.3475,218.8517,250.6983,-1.41,1457,482.0,3,49.0,43.71,905.667,-275.667,245.0,-212.0
206,734.42,206.6497,189.905,240.41,-1.41,2014,468.8,3,45.0,60.42,1176.0,-419.0,225.0,-308.0
207,651.8267,180.0573,151.7683,235.96,-1.41,1489,324.8,3,44.0,44.66,899.667,-294.5,220.0,-218.0
208,746.8633,255.8259,200.82,225.1483,-1.41,1718,469.0,3,49.666666666666664,51.53,1043.0,-337.333,248.333,-258.667
209,534.4433,219.489,203.8833,213.375,-0.41,1337,491.7,3,35.333333333333336,40.11,791.0,-273.0,176.667,-200.333
210,913.5433,233.1264,183.125,179.7767,-1.41,2007,462.8,3,65.0,60.21,1219.0,-394.0,325.0,-296.667
211,895.6133,229.1206,135.8133,398.01,-1.41,1943,389.5,3,62.333333333333336,58.28,1188.0,-377.333,311.667,-285.0
212,931.6,258.0896,206.1033,293.0783,-1.41,1920,519.8,3,67.66666666666667,57.6,1183.333,-368.333,338.333,-279.333
213,654.83,226.3401,178.6817,187.68,-1.41,1349,465.3,3,46.0,39.83,829.0,-249.333,230.0,-194.667
214,771.9033,191.3049,148.12,281.3883,-1.41,1652,355.0,3,55.0,49.57,1009.667,-321.333,275.0,-241.0
215,903.3333,297.1861,228.6883,231.0633,-1.41,1783,565.8,3,65.0,53.5,1117.0,-333.167,325.0,-259.0
216,770.5633,204.3483,149.8283,286.3883,-1.41,1691,372.7,3,51.333333333333336,50.73,1039.333,-325.833,256.667,-250.333
217,721.2867,257.7707,254.8667,278.5533,3.2467,1721,583.3,9,52.333333333333336,51.62,1015.333,-352.667,261.667,-254.667
218,779.97,240.2337,192.7617,322.15,-1.41,1632,414.8,3,52.333333333333336,48.97,1017.0,-307.667,261.667,-240.0
219,784.4967,259.6593,200.0517,269.27,-1.41,1778,501.2,3,52.666666666666664,53.33,1080.667,-348.5,263.333,-264.333
220,1215.6233,258.1729,187.1917,379.8083,-1.41,3010,472.0,3,75.66666666666667,90.29,1804.333,-602.667,378.333,-454.667
221,1195.9867,250.7968,222.4233,287.68,-0.91,2577,477.5,3,82.33333333333333,77.32,1583.333,-497.0,411.667,-379.333
222,727.23,255.3993,223.655,374.1817,-1.41,1658,502.3,3,49.0,46.73,962.667,-297.5,245.0,-229.667
223,966.73,239.9384,189.3183,232.14,0.09,2141,459.3,3,64.66666666666667,64.23,1310.667,-415.167,323.333,-316.333
224,702.6267,265.6037,251.2233,459.56,-1.41,1745,541.0,3,45.0,48.96,992.0,-320.0,225.0,-243.333
225,843.1067,281.9177,212.5767,320.035,7.1633,2107,485.0,28,58.333333333333336,57.44,1157.333,-378.667,291.667,-284.667
226,1003.3867,250.1571,217.8833,352.4283,1.2567,2457,492.2,3,67.0,73.72,1461.333,-498.0,335.0,-368.667
227,883.7667,269.4291,235.6633,461.065,-1.41,1947,560.8,3,63.333333333333336,57.6,1167.0,-376.5,316.667,-281.0
228,755.3567,252.5457,256.215,366.9217,-0.91,1823,553.8,3,47.0,54.69,1101.0,-361.0,235.0,-274.333
229,1120.58,240.5446,137.1883,377.0633,-1.41,2636,358.2,3,77.66666666666667,79.08,1575.0,-530.5,388.333,-391.333
230,856.1433,244.5256,231.1283,451.6167,-2.4567,1744,524.2,3,62.333333333333336,52.31,1077.333,-333.167,311.667,-252.0
231,850.77,252.8909,224.55,400.0017,-1.41,1859,495.3,3,64.0,55.77,1117.0,-371.0,320.0,-271.0
232,1117.4967,260.9133,206.7383,282.895,-1.41,2561,469.2,3,76.33333333333333,76.83,1542.333,-509.333,381.667,-374.0
233,1535.33,224.5805,191.56,276.7917,-1.41,3461,474.0,3,101.66666666666667,103.83,2112.667,-674.167,508.333,-515.333
234,1033.65,243.4541,265.59,397.795,-1.41,2072,572.2,3,75.66666666666667,62.15,1284.667,-393.5,378.333,-298.0
235,891.4667,237.5065,165.0217,404.5667,-1.41,1843,385.0,3,65.33333333333333,55.3,1133.0,-355.167,326.667,-268.333
236,693.8,224.4046,202.3083,283.055,-1.41,1443,468.2,3,50.0,43.3,887.667,-277.833,250.0,-209.333
237,893.2467,261.8138,210.0617,359.6683,0.09,2003,517.2,3,61.0,60.08,1216.333,-393.167,305.0,-295.0
238,739.8967,182.5187,124.0533,345.82,-1.41,1591,281.8,3,55.0,47.73,963.333,-313.833,275.0,-232.333
239,1409.7067,297.7567,206.9783,327.5617,-1.41,2685,489.0,3,98.33333333333333,80.54,1709.0,-487.833,491.667,-383.667
240,700.02,231.7848,165.0817,263.7733,0.09,1384,381.5,3,49.666666666666664,41.52,868.333,-257.833,248.333,-200.333
241,723.2833,209.2519,171.3917,312.895,-1.41,1398,408.0,3,50.0,41.95,889.0,-254.667,250.0,-203.0
242,1011.01,308.5181,229.545,514.2233,-0.91,2250,522.2,3,69.0,67.51,1370.0,-440.167,345.0,-331.333
243,895.9967,240.4827,181.1967,245.395,-1.41,1978,392.2,3,61.0,59.33,1207.667,-385.0,305.0,-291.0
244,1054.9033,285.0193,257.1767,384.1167,-1.41,2369,605.3,3,74.0,71.07,1431.333,-468.833,370.0,-348.667
245,829.0167,281.9361,247.005,271.75,2.3267,1861,522.2,37,56.333333333333336,52.35,1082.333,-331.333,281.667,-256.0
246,869.9533,271.876,256.1867,359.92,-0.91,1921,599.7,3,60.0,57.62,1168.667,-376.0,300.0,-280.333
247,910.21,268.8611,229.2517,241.1617,-1.41,1790,480.7,3,67.0,53.71,1116.0,-337.167,335.0,-257.333
248,1322.3633,325.4489,245.705,624.5,-1.41,2868,579.8,3,94.0,86.03,1747.0,-560.333,470.0,-420.333
249,896.3833,294.7118,274.285,343.0017,-0.91,1852,590.8,3,62.666666666666664,55.55,1149.333,-351.167,313.333,-270.667
250,985.1667,304.6301,272.155,294.9833,4.1067,1967,590.7,30,69.33333333333333,59.0,1232.333,-367.167,346.667,-285.667
251,1068.7633,352.8045,288.9633,476.08,2.2567,2214,614.3,3,75.33333333333333,66.43,1372.333,-421.0,376.667,-325.667
252,953.23,272.4828,221.16,221.16,-0.91,2220,494.5,3,64.33333333333333,56.23,1189.0,-342.667,321.667,-271.0
253,851.5333,285.8079,198.8767,283.96,-1.41,2016,416.8,3,60.0,50.2,1053.333,-310.0,300.0,-242.0
254,1172.1433,270.8647,208.6083,413.91,-1.41,2627,570.2,3,83.66666666666667,78.81,1583.0,-522.0,418.333,-386.0
255,950.0167,289.5704,278.95,431.4333,-0.91,2012,598.3,3,67.33333333333333,60.35,1235.667,-388.0,336.667,-294.667
256,679.1867,281.7197,260.455,359.315,4.0133,1403,540.2,21,48.0,41.52,861.333,-261.333,240.0,-202.333
257,823.3133,244.6387,217.6583,289.135,16.6233,1583,481.7,41,58.333333333333336,47.48,1001.0,-290.833,291.667,-226.0
258,1072.2567,282.1867,252.4,274.5517,-1.41,2270,489.0,3,75.33333333333333,68.09,1397.333,-436.167,376.667,-333.667
259,1284.4767,253.9331,185.8733,322.2517,-1.41,2927,355.8,3,86.0,87.81,1779.667,-573.667,430.0,-439.333
260,764.9833,242.3985,178.1517,347.9283,-1.41,1855,431.3,3,54.333333333333336,45.65,951.667,-285.0,271.667,-219.0
261,784.2533,274.0901,231.0217,333.685,-1.41,1664,486.8,3,55.0,49.92,1024.0,-320.0,275.0,-244.667
262,1532.77,391.949,365.3383,408.135,-1.41,3192,719.3,3,104.0,95.77,1987.0,-602.667,520.0,-467.333
263,1245.28,389.4009,343.4283,292.9383,-1.41,2609,671.0,3,90.66666666666667,78.28,1598.667,-505.333,453.333,-379.667
264,1444.1967,370.932,292.8067,299.5933,-0.91,2851,644.8,3,100.0,85.53,1797.667,-526.667,500.0,-412.333
265,883.66,226.7633,140.5667,377.175,-0.91,1754,333.8,3,61.666666666666664,52.16,1096.333,-321.167,308.333,-252.0
266,1070.9933,286.5492,197.4567,273.3833,-1.41,2055,457.5,3,76.33333333333333,61.66,1300.667,-377.333,381.667,-295.667
267,831.21,265.5359,244.2683,475.88,-1.41,1774,531.5,3,59.0,53.21,1086.333,-343.667,295.0,-259.667
268,1050.7933,277.3051,201.15,336.9417,-1.41,2190,435.0,3,73.0,58.46,1254.0,-347.333,365.0,-279.333
269,1247.49,289.8582,195.3067,538.98,-2.5367,2600,457.8,3,84.33333333333333,77.99,1618.0,-490.833,421.667,-379.333
270,1223.76,339.9629,284.5533,378.095,-1.41,2609,653.3,3,88.0,78.26,1593.0,-507.833,440.0,-379.667
271,1302.4667,340.9593,255.425,237.8533,-1.41,2677,549.2,3,87.66666666666667,80.3,1676.333,-500.167,438.333,-392.333
272,1066.2467,340.2038,287.0433,537.3483,-1.41,2286,613.0,3,73.33333333333333,68.58,1406.667,-439.667,366.667,-336.0
273,873.1467,285.0516,248.0783,320.6367,-0.41,1933,506.5,3,58.666666666666664,57.98,1183.0,-374.833,293.333,-286.333
274,1210.26,265.9312,191.4983,398.5733,-0.41,2342,429.8,3,86.0,70.26,1479.333,-431.333,430.0,-338.0
275,1137.2933,302.5433,259.6483,397.4717,-0.41,2482,565.8,3,82.66666666666667,74.46,1503.0,-489.5,413.333,-364.0
276,1099.8933,327.477,303.0833,656.7783,1.2567,2202,638.7,3,77.66666666666667,66.06,1377.667,-412.167,388.333,-320.0
277,2173.0667,321.7581,189.7033,388.5317,-1.41,4413,437.7,3,149.0,132.4,2764.0,-824.667,745.0,-643.667
278,1164.0367,234.6757,150.345,304.84,-1.41,2212,335.3,3,86.66666666666667,66.37,1390.333,-411.0,433.333,-315.0
279,1299.95,286.5518,222.215,426.0,-1.41,2565,473.3,3,90.33333333333333,76.95,1615.667,-474.667,451.667,-369.667
280,1027.7767,286.2945,207.7017,309.2217,-0.91,2037,479.0,3,71.66666666666667,61.11,1283.0,-377.0,358.333,-297.667
281,1543.4467,307.0574,183.8217,484.6817,-1.41,3309,401.7,3,107.33333333333333,99.28,2032.333,-638.5,536.667,-486.333
282,2158.9633,295.3542,229.8333,278.5983,0.09,4304,520.2,3,158.0,129.13,2673.333,-815.5,790.0,-618.0
283,1039.6567,237.4461,202.69,352.8633,-1.41,2200,476.8,3,71.66666666666667,65.99,1358.333,-420.667,358.333,-322.333
284,1291.3567,229.536,140.4917,577.4817,-1.41,2473,388.2,3,88.66666666666667,74.19,1578.0,-447.5,443.333,-356.667
285,1010.04,268.244,226.8317,369.8533,-1.41,2218,524.0,3,73.33333333333333,66.54,1337.667,-440.167,366.667,-320.667
286,1203.2967,280.2238,264.0917,426.0167,-1.41,2623,525.2,3,84.66666666666667,68.63,1456.333,-415.667,423.333,-329.333
287,943.88,278.5725,223.9667,423.0133,-0.41,1913,461.3,3,68.0,57.38,1185.0,-363.833,340.0,-274.667
288,1216.8333,262.6829,142.035,567.57,-1.41,2733,417.7,3,80.33333333333333,82.0,1669.0,-532.167,401.667,-403.667
289,1319.2167,280.5249,204.05,397.9417,-1.41,3013,440.3,3,91.66666666666667,81.05,1680.667,-510.5,458.333,-390.333
290,880.83,235.3594,180.5883,324.7333,-1.41,1911,398.0,3,60.333333333333336,57.33,1174.0,-368.5,301.667,-283.667
291,954.7533,269.4775,206.33,301.6467,-0.91,1931,519.0,3,67.0,57.92,1204.333,-363.167,335.0,-279.333
292,817.5267,280.1204,256.9817,316.21,-0.91,1679,526.0,3,56.666666666666664,50.36,1045.667,-316.5,283.333,-245.333
293,1320.1567,266.7972,231.0983,348.4983,-0.91,2650,547.5,3,92.66666666666667,79.49,1656.333,-496.667,463.333,-382.333
294,1103.6533,259.7735,152.9267,312.1667,-1.41,2311,373.3,3,78.33333333333333,69.32,1422.0,-444.333,391.667,-335.0
295,1088.7767,270.0391,252.8417,325.1167,-1.41,2120,569.0,3,77.0,63.61,1337.333,-391.5,385.0,-305.667
296,1466.1033,283.2747,194.5583,347.0083,-1.41,3326,457.7,3,97.33333333333333,99.77,2021.667,-652.0,486.667,-490.0
297,1065.54,235.502,176.6083,310.08,-1.41,2251,448.3,3,70.0,67.54,1403.333,-424.0,350.0,-331.333
298,1258.2067,347.3942,312.4067,373.5017,3.8633,2401,654.2,17,85.66666666666667,72.04,1535.0,-433.167,428.333,-344.0
299,909.1333,361.1315,351.5783,522.435,-1.41,2325,714.3,3,66.0,58.3,1184.333,-379.5,330.0,-284.0
300,1081.8633,321.2678,281.4383,463.875,2.3167,2268,533.5,22,74.66666666666667,68.03,1403.333,-432.167,373.333,-330.667
301,850.2333,352.7279,331.695,654.0483,4.99,1747,665.3,20,60.0,52.4,1084.333,-331.167,300.0,-255.333
302,955.7367,355.119,322.7333,378.95,-0.91,2002,659.8,3,67.66666666666667,60.07,1233.0,-384.667,338.333,-291.0
303,1038.5133,366.7533,345.9467,391.2383,-0.41,2089,684.3,3,73.0,62.68,1305.0,-392.167,365.0,-302.0
304,1361.11,374.396,299.1,549.715,6.3333,2654,615.0,33,99.33333333333333,79.61,1660.0,-496.833,496.667,-378.333
305,1022.2467,325.5601,276.78,420.87,0.59,2053,563.0,3,73.33333333333333,61.58,1277.333,-387.667,366.667,-295.667
306,834.97,312.3529,311.895,369.3767,-0.9767,1848,619.3,3,57.666666666666664,50.47,1053.333,-314.5,288.333,-242.667
307,1255.1833,287.0283,174.1567,306.4517,-2.4567,2678,420.2,3,90.33333333333333,80.35,1634.0,-522.167,451.667,-388.667
308,1282.7767,396.5307,344.9217,453.195,6.78,2592,789.8,28,92.66666666666667,67.61,1464.0,-394.833,463.333,-317.333
309,1044.98,319.4173,253.645,368.6183,-0.91,2283,563.2,3,68.0,68.48,1410.333,-436.167,340.0,-337.667
310,805.1333,264.1848,200.9367,356.3283,-1.41,1710,472.0,3,55.666666666666664,51.3,1052.333,-328.833,278.333,-248.0
311,1236.27,368.5687,334.55,572.415,-1.41,2642,651.7,3,84.33333333333333,79.27,1629.667,-506.333,421.667,-388.0
312,888.1033,282.2263,251.325,390.325,-1.41,1976,556.8,3,58.0,59.27,1211.333,-382.167,290.0,-290.333
313,1168.91,336.6168,260.8417,517.7417,-1.41,2297,590.8,3,84.33333333333333,68.91,1437.0,-430.0,421.667,-328.667
314,1075.5767,311.2587,211.2833,510.64,-1.98,1997,473.3,3,74.0,59.91,1286.333,-355.333,370.0,-285.333
315,1201.1933,407.5355,331.805,498.68,-0.91,2245,672.8,3,79.33333333333333,67.36,1457.0,-394.167,396.667,-325.667
316,1048.5133,346.5189,310.88,462.8467,-1.4567,2046,593.8,3,72.66666666666667,60.68,1287.0,-367.833,363.333,-294.667
317,1337.8667,387.0774,289.0267,286.3383,-1.41,2540,606.2,3,90.0,76.2,1631.333,-454.333,450.0,-365.333
318,972.9267,325.2253,313.9583,444.7333,-1.41,2142,665.0,3,68.0,64.26,1303.333,-419.333,340.0,-315.333
319,998.4267,310.6129,254.6583,301.5683,-0.41,2275,533.0,3,75.66666666666667,68.26,1349.0,-463.167,378.333,-334.0
320,1010.46,313.1537,216.1467,457.8733,-1.41,2132,477.2,3,74.0,63.96,1302.333,-414.833,370.0,-311.0
321,1048.5433,313.17,291.535,427.435,5.5,2157,677.2,33,74.0,64.71,1337.333,-409.833,370.0,-313.667
322,1098.1033,315.2476,281.4383,404.33,-1.41,2426,603.5,3,76.33333333333333,72.77,1477.667,-474.0,381.667,-360.0
323,727.9567,313.3894,262.9017,272.4767,16.4667,1560,578.0,27,45.0,46.79,977.333,-291.167,225.0,-230.0
324,1117.9133,328.6085,343.2317,341.8933,15.7933,2269,712.2,52,77.0,68.08,1419.667,-424.833,385.0,-330.0
325,1292.6033,282.0368,186.93,321.8233,-2.2767,2726,394.3,13,90.33333333333333,81.77,1680.0,-522.833,451.667,-398.0
326,771.3867,306.0183,295.0183,464.9533,0.3067,1707,649.8,5,54.666666666666664,51.22,1033.0,-337.167,273.333,-249.0
327,775.8667,223.1693,145.89,437.7283,-0.41,1423,408.5,3,59.0,42.7,899.0,-262.167,295.0,-198.667
328,639.1133,249.5844,250.8067,390.095,-1.41,1263,600.5,3,49.0,37.28,768.333,-237.167,245.0,-174.333
329,929.88,329.1287,254.7583,452.9583,-1.41,2076,545.2,3,65.0,55.88,1166.667,-348.0,325.0,-269.667
330,946.8167,277.4792,235.2617,415.125,-0.91,1888,489.5,3,69.0,56.65,1173.333,-357.5,345.0,-270.667
331,1542.7233,341.7239,269.405,536.965,-1.41,3092,605.3,3,104.66666666666667,89.89,1908.667,-543.833,523.333,-435.333
332,1054.3733,353.3821,267.4167,484.1417,5.2167,2235,572.8,52,76.66666666666667,67.04,1364.667,-435.0,383.333,-325.667
333,1398.0733,326.6864,262.015,390.5433,9.78,3041,545.5,26,94.0,91.24,1870.333,-585.5,470.0,-448.0
334,933.5767,295.3729,305.375,396.7317,-1.41,1764,654.0,3,66.66666666666667,52.91,1119.667,-322.0,333.333,-250.333
335,1673.16,358.5898,273.6733,489.35,-1.41,3422,567.8,3,123.33333333333333,102.66,2107.0,-657.5,616.667,-495.667
336,1080.3233,332.8395,238.7183,510.8867,18.1567,2233,541.5,83,78.66666666666667,66.99,1373.667,-429.667,393.333,-324.0
337,1173.9133,331.9383,273.9267,341.6967,1.68,2503,578.0,6,79.0,75.08,1550.333,-476.167,395.0,-370.333
338,893.88,291.8763,216.0283,450.265,1.6,1696,503.0,20,64.0,50.88,1074.667,-310.667,320.0,-241.0
339,1388.89,328.9427,260.8683,396.495,1.4967,2696,546.8,4,102.33333333333333,80.89,1686.333,-505.0,511.667,-385.0
340,1024.8667,269.7071,228.6817,312.3617,-1.41,2107,488.8,3,70.33333333333333,63.2,1313.333,-396.667,351.667,-306.667
341,861.4033,302.3315,279.2867,503.3617,7.71,1802,613.5,40,62.666666666666664,54.07,1105.0,-348.667,313.333,-262.333
342,965.8067,311.5441,270.69,533.21,-1.6933,1888,573.3,3,69.33333333333333,56.64,1185.667,-351.167,346.667,-272.0
343,740.2033,294.7122,253.0633,404.49,-1.6933,1554,581.0,3,51.0,45.87,949.667,-289.667,255.0,-220.667
344,1369.0167,349.4307,302.2417,357.3033,5.7167,2595,593.8,18,95.66666666666667,77.85,1655.333,-469.833,478.333,-372.667
345,892.6533,350.1729,316.725,318.5833,-1.41,1911,605.3,3,60.333333333333336,57.32,1180.667,-365.0,301.667,-282.0
346,890.19,319.2131,321.8167,339.3833,-1.41,1776,696.7,3,62.0,52.19,1098.333,-320.667,310.0,-249.667
347,1275.7567,314.5005,273.28,247.4433,-1.41,2436,589.2,3,92.66666666666667,73.09,1538.333,-449.0,463.333,-350.0
348,1295.0133,280.7217,205.6833,250.5717,3.95,2339,448.2,19,94.33333333333333,70.18,1503.0,-418.167,471.667,-331.667
349,1043.0967,310.5838,275.275,420.5433,-1.41,2164,553.0,3,69.33333333333333,64.93,1353.333,-405.5,346.667,-316.333
350,1137.9267,361.1077,353.0983,604.8333,-1.41,2225,670.5,3,83.66666666666667,66.76,1389.667,-417.833,418.333,-319.0
351,987.1633,255.2432,234.65,312.05,-1.41,2111,538.3,3,67.66666666666667,63.33,1299.333,-405.833,338.333,-308.0
352,682.81,201.0561,130.49,274.6817,-1.41,1560,363.8,3,45.666666666666664,46.81,945.667,-307.333,228.333,-230.667
353,1278.1933,272.8087,153.2683,443.9533,-4.91,2679,428.0,3,91.66666666666667,80.36,1647.0,-515.833,458.333,-391.667
354,1180.79,292.1077,256.9967,277.23,-2.9767,2543,528.7,3,81.0,76.29,1562.667,-490.167,405.0,-373.0
355,1200.98,362.4807,292.705,334.28,-1.41,2633,604.0,3,88.0,78.98,1588.667,-522.0,440.0,-384.667
356,943.96,340.5794,323.5,323.5,-1.41,1982,684.7,3,65.33333333333333,59.46,1224.333,-378.833,326.667,-287.667
357,1090.5833,310.7872,244.4983,393.9533,-0.91,2492,539.3,3,70.66666666666667,74.75,1518.667,-486.5,353.333,-369.667
358,889.65,307.8297,229.04,583.1933,-1.41,2088,533.7,3,56.333333333333336,62.65,1267.0,-410.667,281.667,-311.0
359,867.0467,211.9819,157.7,352.545,-1.41,1923,401.2,3,59.0,55.88,1146.333,-358.167,295.0,-272.0
360,870.7367,212.6758,142.0817,308.2483,-1.41,1769,422.2,3,64.33333333333333,53.07,1091.0,-339.0,321.667,-256.0
361,1122.81,271.3085,209.8867,541.385,-2.2967,2177,457.7,3,78.0,65.31,1380.0,-398.5,390.0,-314.0
362,970.1233,290.4516,270.7817,457.935,1.7567,1893,579.0,3,75.0,56.79,1170.333,-361.333,375.0,-270.667
363,1144.9433,316.3395,245.9817,381.625,14.15,2470,536.0,59,86.66666666666667,74.11,1487.333,-491.5,433.333,-358.333
364,1420.6367,255.5678,206.9767,272.1867,-1.41,3232,496.8,3,95.66666666666667,96.97,1960.333,-636.0,478.333,-479.0
365,1046.0933,284.7541,214.8317,464.1767,-1.41,2059,483.2,3,73.0,61.76,1296.0,-381.333,365.0,-295.333
366,1615.1033,256.8529,158.82,300.4883,-1.41,3176,408.3,3,114.0,95.27,1998.0,-588.833,570.0,-459.333
367,745.7733,297.6883,278.38,433.9467,-0.91,1531,605.8,3,52.0,45.94,951.0,-290.167,260.0,-221.0
368,764.3333,305.8126,273.4483,379.4833,-1.41,1550,578.8,3,51.666666666666664,46.5,974.333,-287.833,258.333,-227.0
369,977.5233,322.0205,306.0567,323.0467,-1.41,2035,629.2,3,74.0,60.69,1234.0,-394.5,370.0,-292.667
370,1003.5533,276.6277,205.94,206.3083,-1.41,2041,471.2,3,73.0,61.22,1260.667,-390.0,365.0,-293.333
371,865.0067,324.4941,317.2333,331.2717,-1.6933,1695,676.3,3,66.0,50.84,1048.333,-323.167,330.0,-241.0
372,857.5533,323.1167,353.0617,275.4767,-1.41,1791,708.5,3,61.666666666666664,53.72,1100.333,-345.167,308.333,-259.667
373,1618.5,361.933,272.31,393.1117,-1.41,3200,547.3,3,117.0,96.0,1997.0,-601.5,585.0,-458.0
374,1314.9533,391.5202,314.885,377.5533,7.1933,2471,667.8,45,97.0,74.12,1561.667,-454.5,485.0,-351.333
375,1267.34,363.8353,297.995,407.2717,-0.91,2645,616.5,3,85.0,79.34,1649.333,-497.667,425.0,-388.667
376,2021.3933,402.9206,336.28,455.6367,-1.41,3902,694.0,3,145.33333333333334,117.06,2458.667,-721.667,726.667,-559.333
377,1128.25,290.5585,188.3417,515.035,-0.41,2008,415.3,3,86.0,60.25,1282.333,-363.0,430.0,-281.333
378,1057.9733,358.9532,356.1217,312.975,-0.41,2321,713.5,3,72.33333333333333,69.64,1419.333,-451.0,361.667,-341.667
379,1109.7767,354.6561,328.2817,515.4767,-0.41,2254,706.8,3,77.33333333333333,67.61,1407.333,-423.167,386.667,-328.667
380,1278.16,341.5065,284.545,302.88,0.59,2355,595.3,3,97.33333333333333,70.66,1487.667,-433.833,486.667,-333.0
381,1445.4,391.2729,355.8433,517.1817,5.4367,2847,710.3,42,106.0,85.4,1775.333,-535.667,530.0,-409.667
382,1308.7967,372.3703,253.23,193.7733,-0.8633,2371,542.3,3,88.66666666666667,71.13,1547.0,-412.0,443.333,-340.667
383,1485.0533,455.0799,349.76,280.5483,-1.41,3007,742.0,3,103.66666666666667,90.22,1877.0,-565.167,518.333,-435.333
384,1267.6,397.704,330.0667,371.575,0.0233,2520,631.2,3,92.33333333333333,75.6,1567.333,-476.333,461.667,-360.667
385,1088.3533,377.0904,331.94,364.5133,5.5533,2251,659.2,24,80.66666666666667,67.52,1378.333,-436.167,403.333,-324.667
386,1397.4467,225.4307,163.0583,407.225,-1.41,2743,339.8,3,106.66666666666667,82.28,1695.667,-523.5,533.333,-390.333
387,1085.8333,261.0243,179.8783,456.1083,-1.41,2233,492.2,3,78.66666666666667,67.0,1377.667,-427.833,393.333,-324.333
388,1245.47,364.8047,315.0867,387.8233,-1.41,2466,641.5,3,87.33333333333333,73.97,1548.667,-458.5,436.667,-355.333
389,1540.3067,451.3816,393.3,422.73,6.4967,3038,834.8,28,113.0,91.14,1893.667,-572.167,565.0,-437.333
390,1290.4533,381.5883,363.4283,438.05,-2.05,2571,739.0,3,94.0,77.12,1598.0,-486.333,470.0,-368.333
391,1217.3167,332.3194,262.2817,528.6383,5.32,2455,541.5,44,88.0,73.65,1524.333,-465.333,440.0,-355.333
392,981.6833,368.0203,352.6067,441.6017,-1.41,2221,701.0,3,73.0,57.35,1192.333,-359.667,365.0,-273.333
393,1029.3367,356.3188,334.3717,420.8167,0.09,2106,668.7,3,73.33333333333333,63.17,1304.0,-400.833,366.667,-303.667
394,1155.4067,334.7345,292.4133,385.94,2.2567,2241,568.2,3,85.0,67.24,1403.0,-419.167,425.0,-320.667
395,1269.7967,333.9562,215.6317,428.2383,0.71,2704,434.5,7,88.0,81.13,1667.0,-518.667,440.0,-399.667
396,1104.4333,451.1151,434.8067,441.8333,-0.41,2349,871.3,3,81.33333333333333,64.1,1340.0,-398.333,406.667,-308.0
397,1234.89,324.8548,305.275,485.8167,-0.91,2630,619.8,3,85.66666666666667,78.89,1617.667,-506.0,428.333,-384.0
398,1688.2,476.8605,387.3833,433.5867,0.8067,3140,885.7,5,125.0,94.2,1988.667,-575.667,625.0,-444.0
399,1480.2967,510.1604,433.6067,468.72,6.6967,3088,884.7,34,100.0,92.63,1923.667,-582.0,500.0,-454.0
400,924.94,430.8332,436.5083,614.0217,3.74,1769,918.2,41,63.666666666666664,52.44,1118.333,-314.833,318.333,-249.333
401,1278.5433,409.8445,391.245,434.5333,0.09,2590,779.7,3,92.0,77.71,1608.0,-491.167,460.0,-376.0
402,1527.1933,352.9288,366.6433,366.6433,0.09,3195,725.2,3,113.0,95.86,1951.333,-622.0,565.0,-463.0
403,1213.9133,363.7494,232.05,427.6167,-1.41,2686,556.0,3,82.66666666666667,80.58,1638.0,-524.0,413.333,-394.0
404,1242.8833,359.6379,298.065,512.1517,-0.41,2535,629.5,3,88.66666666666667,76.05,1574.667,-480.167,443.333,-371.0
405,1551.5433,406.6386,367.5333,493.6867,-0.41,3157,788.5,3,106.66666666666667,94.71,1973.333,-591.833,533.333,-458.0
406,1344.13,457.8033,401.0317,519.7817,2.76,2804,801.2,9,96.66666666666667,84.13,1726.333,-539.0,483.333,-410.667
407,1170.1933,442.1071,395.825,434.5133,-0.91,2429,752.5,3,80.33333333333333,72.86,1510.667,-459.0,401.667,-356.0
408,1900.3067,502.0443,413.2983,717.135,0.09,4121,838.2,3,129.33333333333334,123.64,2530.0,-795.667,646.667,-604.333
409,1230.3967,350.5755,323.94,481.99,3.02,2591,688.0,17,92.66666666666667,77.73,1571.667,-509.667,463.333,-372.667
410,1121.95,362.2523,259.825,573.0883,-0.41,2382,579.3,3,79.33333333333333,71.45,1460.0,-460.833,396.667,-345.333
411,1518.82,383.8409,298.7283,585.7867,-1.41,3294,673.0,3,105.66666666666667,98.82,2014.667,-639.667,528.333,-483.333
412,1795.39,556.1242,501.285,581.5633,-1.41,3596,1089.8,3,132.0,107.89,2230.667,-682.833,660.0,-520.333
413,1195.5267,413.7875,355.8717,340.09,-1.41,2595,723.0,3,87.0,77.86,1572.667,-511.333,435.0,-378.667
414,1206.1067,435.932,395.425,678.4283,7.6,2448,807.8,20,82.33333333333333,73.44,1535.333,-456.333,411.667,-358.0
415,1409.38,405.38,379.9833,551.7283,2.63,2888,765.5,14,102.33333333333333,80.88,1699.0,-498.5,511.667,-383.667
416,1588.3967,439.6035,359.945,574.9117,-0.6933,3224,720.3,5,116.0,96.73,1993.0,-615.667,580.0,-465.667
417,1966.3133,429.692,327.4567,425.325,7.75,3783,667.0,37,145.66666666666666,113.48,2370.333,-706.167,728.333,-539.667
418,1761.1833,420.0326,280.4783,631.93,2.2567,3728,530.5,3,119.66666666666667,111.85,2309.0,-709.667,598.333,-548.333
419,1576.2067,449.2674,422.16,549.5083,-0.91,3245,803.7,3,114.33333333333333,96.04,1981.0,-610.167,571.667,-462.333
420,1621.1633,479.7791,415.1483,371.3133,4.06,3361,815.7,16,114.0,100.83,2079.667,-640.667,570.0,-488.667
421,1651.1233,508.7189,426.7917,412.6517,32.89,3443,901.0,80,115.0,103.29,2131.333,-655.833,575.0,-502.667
422,1484.0567,369.2818,307.1933,432.1583,0.74,3080,626.5,8,102.66666666666667,92.39,1911.667,-584.0,513.333,-449.333
423,1295.1233,441.7299,358.8917,444.8267,-0.35,2610,806.5,5,94.66666666666667,78.29,1616.0,-496.833,473.333,-375.667
424,1396.2267,524.0851,506.82,487.34,9.6167,2735,1051.0,48,96.0,82.06,1731.0,-502.167,480.0,-394.667
425,1657.38,430.1101,337.3617,539.5483,-0.41,3029,683.5,3,123.66666666666667,90.88,1927.667,-550.833,618.333,-428.667
426,1507.1867,525.0797,435.1133,531.2983,-1.41,2984,874.5,3,109.33333333333333,89.52,1862.667,-560.667,546.667,-431.0
427,1631.8933,459.0845,321.74,625.7333,-1.41,3235,636.3,3,115.66666666666667,97.06,2027.667,-603.833,578.333,-467.333
428,1667.29,434.1407,421.1383,510.645,13.0533,3410,811.3,41,114.0,102.29,2131.667,-639.0,570.0,-497.667
429,1242.5867,500.4155,458.8783,580.305,2.9867,2336,904.3,11,90.0,69.42,1471.0,-421.5,450.0,-326.333
430,1558.57,410.6426,357.5017,445.8167,2.91,3019,706.0,14,108.33333333333333,90.57,1913.667,-552.667,541.667,-434.667
431,1820.7,435.5448,353.7817,599.04,-1.41,3740,796.7,3,129.33333333333334,112.2,2317.0,-711.5,646.667,-543.667
432,994.43,422.2269,434.2967,538.5783,-1.41,2086,847.2,3,78.66666666666667,50.43,1082.333,-299.333,393.333,-232.333
433,1644.0,452.3508,346.48,434.155,2.1033,3250,678.8,9,111.0,97.5,2057.667,-596.167,555.0,-470.0
434,1594.93,486.3432,455.1833,318.065,2.0667,3331,905.8,13,117.66666666666667,95.43,1974.0,-603.5,588.333,-459.333
435,1909.31,398.843,348.3867,601.725,-0.91,3777,702.7,3,135.66666666666666,113.31,2367.667,-704.667,678.333,-545.333
436,1054.41,381.7204,350.96,466.55,2.52,2114,690.3,17,78.66666666666667,63.41,1305.667,-404.0,393.333,-304.0
437,1203.9633,350.2346,308.91,464.6017,-1.41,2370,616.3,3,86.33333333333333,67.13,1428.667,-404.5,431.667,-319.0
438,1772.19,436.318,399.015,612.2583,0.7567,3523,842.2,3,125.33333333333333,105.69,2205.333,-658.833,626.667,-506.667
439,1224.1933,394.6285,357.3083,575.9867,-1.41,2379,790.8,3,88.0,71.36,1494.333,-442.167,440.0,-339.333
440,1566.6833,384.6749,281.5867,386.01,-0.91,3045,641.2,3,110.0,91.35,1925.0,-560.0,550.0,-439.667
441,1122.3433,394.7263,306.5117,485.03,5.06,2167,647.5,10,79.66666666666667,65.01,1369.0,-399.0,398.333,-311.0
442,1508.48,447.6394,414.3867,490.9883,3.3333,3283,855.7,33,100.33333333333333,98.48,2022.667,-630.0,501.667,-484.333
443,1503.8967,451.8117,335.2933,306.5133,71.7933,2824,720.5,197,104.0,84.73,1808.667,-507.833,520.0,-401.667
444,1747.28,443.5222,391.6833,498.6433,-0.41,3526,790.7,3,123.33333333333333,105.78,2199.667,-663.167,616.667,-511.667
445,1215.4633,422.0798,357.1533,693.5233,-1.41,2304,660.7,3,87.0,69.13,1463.0,-420.667,435.0,-331.0
446,2296.3467,479.0301,367.7983,367.7983,3.6067,5123,784.3,15,163.0,153.68,3096.0,-1013.333,815.0,-755.0
447,1446.0267,498.3223,466.7083,569.99,15.64,2718,956.7,38,108.33333333333333,79.36,1682.0,-481.667,541.667,-375.333
448,1476.5367,420.5301,323.095,383.4167,3.71,3118,652.2,24,104.0,92.37,1901.333,-588.833,520.0,-448.333
449,1698.9933,416.0911,339.99,604.6217,-1.41,3622,683.0,3,127.0,108.66,2195.333,-713.333,635.0,-526.667
450,1524.9367,401.3993,274.2317,521.0067,-1.41,3309,597.8,3,109.0,99.27,2014.333,-647.333,545.0,-486.333
451,1324.3033,313.0221,201.3517,383.2867,-1.41,2732,484.8,3,96.66666666666667,81.97,1679.667,-526.333,483.333,-394.333
452,1414.4967,397.9051,358.7033,486.8817,-1.41,2678,719.3,3,99.66666666666667,80.33,1704.667,-486.5,498.333,-382.333
453,1321.69,337.8289,239.03,385.795,-0.9567,2847,536.2,3,93.66666666666667,77.19,1620.667,-476.167,468.333,-368.333
454,1360.9133,325.5531,279.9717,527.0633,11.97,2669,536.7,32,99.0,80.08,1669.667,-499.833,495.0,-384.0
455,1227.8667,435.9708,432.7767,528.215,16.7767,2490,894.7,42,86.66666666666667,74.7,1553.0,-468.5,433.333,-364.667
456,2011.1633,421.0888,354.2817,504.345,-1.41,3828,733.8,3,145.66666666666666,114.83,2419.667,-704.0,728.333,-547.667
457,1239.66,376.0171,267.3467,465.5583,-0.41,2422,564.3,3,86.33333333333333,72.66,1530.0,-446.0,431.667,-348.667
458,1288.6667,387.3802,349.5883,446.6583,-0.41,2600,760.8,3,88.66666666666667,78.0,1629.333,-485.333,443.333,-376.667
459,991.1333,392.0461,289.2617,547.565,0.59,1997,623.2,3,68.66666666666667,55.8,1192.667,-333.667,343.333,-267.0
460,1415.5133,340.9963,280.575,623.865,5.5833,2856,576.8,16,97.0,85.68,1791.0,-532.5,485.0,-413.667
461,1211.38,351.8642,207.445,621.5717,-1.41,2313,489.3,3,83.33333333333333,69.38,1478.0,-417.333,416.667,-335.333
462,1758.73,372.0873,304.3733,663.8333,-2.4567,3641,650.5,3,122.33333333333333,109.23,2257.333,-691.833,611.667,-527.667
463,1516.5733,439.7491,360.2967,419.955,-1.41,2991,717.3,3,105.33333333333333,89.74,1885.0,-553.167,526.667,-431.667
464,1520.1,434.1685,334.9417,465.0,-1.41,3037,712.2,3,107.66666666666667,91.1,1900.0,-568.333,538.333,-441.0
465,1543.7933,427.838,379.5017,575.4383,-1.41,2949,805.8,3,114.33333333333333,88.46,1852.667,-548.0,571.667,-421.0
466,2161.73,525.3743,469.7417,560.1467,-1.41,4424,946.2,3,151.0,132.73,2753.667,-835.333,755.0,-644.333
467,1658.3233,484.5267,443.9117,721.95,-0.91,3316,872.3,3,122.0,99.49,2056.667,-629.833,610.0,-478.0
468,1996.89,385.5003,303.0267,322.9617,-1.41,3846,650.2,3,147.0,115.39,2412.667,-716.833,735.0,-549.333
469,2344.8533,368.2339,246.12,427.5917,-1.41,4667,578.3,3,171.33333333333334,140.02,2904.333,-881.5,856.667,-674.667
470,1235.48,298.3101,175.2417,534.6083,-1.41,2433,429.3,3,91.33333333333333,72.98,1514.333,-459.167,456.667,-349.333
471,1045.7967,268.845,84.3133,508.42,-1.41,2111,342.0,3,78.0,59.13,1241.0,-365.0,390.0,-279.333
472,1449.6233,413.5541,346.01,600.635,10.6333,3010,707.0,60,100.33333333333333,90.29,1867.0,-571.333,501.667,-438.0
473,1774.07,503.2733,506.1017,341.1033,4.89,3419,1047.8,10,126.66666666666667,102.57,2160.0,-629.5,633.333,-492.333
474,1191.8933,410.1455,379.3517,505.3983,-1.41,2385,749.7,3,83.33333333333333,71.56,1496.667,-444.333,416.667,-348.667
475,1035.0933,326.8643,228.6067,467.9533,-1.41,2084,490.5,3,75.66666666666667,61.26,1273.0,-384.5,378.333,-293.0
476,1420.0333,421.7847,401.82,450.985,-1.41,3057,817.8,3,96.66666666666667,91.7,1880.667,-588.0,483.333,-447.667
477,1301.8633,454.9861,374.1467,439.5933,10.1333,2373,767.7,59,96.0,70.53,1507.0,-422.0,480.0,-333.667
478,2226.8333,489.2446,356.0417,857.7167,-0.41,4150,739.5,3,164.66666666666666,124.5,2628.0,-761.0,823.333,-588.0
479,1294.15,379.3484,366.4583,753.6867,5.6233,2522,734.5,13,90.33333333333333,75.65,1593.333,-464.167,451.667,-362.333
480,1482.56,411.7775,301.1583,679.3433,-1.41,2885,604.7,3,107.66666666666667,86.56,1810.0,-537.667,538.333,-414.667
481,1358.5033,402.9125,276.7917,456.6233,-1.41,2639,606.2,3,96.66666666666667,79.17,1663.0,-488.0,483.333,-379.0
482,1504.9967,418.3249,328.625,482.5767,-0.41,2744,673.0,3,115.66666666666667,82.33,1736.333,-504.0,578.333,-388.0
483,1636.33,434.2287,384.7467,504.8183,-0.41,3378,727.5,3,121.0,101.33,2071.0,-653.333,605.0,-487.667
484,1509.4567,396.8857,354.4767,628.5133,-1.41,3076,735.3,3,105.33333333333333,92.29,1918.0,-579.167,526.667,-448.333
485,1360.06,423.793,330.675,528.1333,-1.0733,2602,703.8,3,99.33333333333333,78.06,1638.0,-482.0,496.667,-370.667
486,1528.36,319.3415,221.98,439.62,-1.41,3162,467.7,3,100.0,94.86,1986.333,-587.833,500.0,-465.0
487,1221.84,343.2179,248.7583,560.8533,-1.41,2595,555.8,3,85.66666666666667,77.84,1594.667,-500.0,428.333,-379.0
488,1539.0133,424.031,308.2417,480.4983,-1.3867,2980,664.0,9,110.66666666666667,85.18,1815.0,-512.167,553.333,-402.333
489,1389.75,256.9888,112.845,460.0117,-1.41,2725,302.0,3,98.66666666666667,81.75,1710.333,-507.333,493.333,-388.333
490,1483.4367,326.9409,173.8517,618.965,-1.41,2759,458.3,3,105.66666666666667,82.77,1763.667,-497.667,528.333,-393.667
491,1176.3567,341.0583,303.6633,441.4917,1.09,2290,640.0,3,85.33333333333333,68.69,1438.333,-425.667,426.667,-331.667
492,1620.6467,300.5485,183.2967,607.6483,-1.41,3383,446.2,3,110.33333333333333,101.48,2103.667,-639.5,551.667,-496.667
493,1179.64,367.2819,376.315,486.0433,-1.41,2555,731.7,3,85.0,76.64,1553.333,-500.667,425.0,-374.667
494,1140.31,284.2878,256.435,370.0967,-1.41,2377,524.0,3,84.66666666666667,71.31,1452.333,-462.333,423.333,-344.333
495,882.14,280.7913,263.5317,368.54,-1.41,1755,532.7,3,61.333333333333336,52.64,1103.0,-325.833,306.667,-254.333
496,1574.5467,367.8297,342.2483,497.4967,-1.41,3213,666.5,3,120.66666666666667,96.38,1960.333,-626.167,603.333,-459.333
497,1131.9,344.7627,245.3833,604.8117,-1.41,2297,540.5,3,83.33333333333333,68.9,1417.333,-439.667,416.667,-331.333
498,1119.99,382.2707,333.0817,611.0,-1.41,2410,752.7,3,81.33333333333333,71.99,1461.0,-469.333,406.667,-350.333
499,1189.8067,352.5115,223.6667,535.6983,-1.41,2455,599.2,3,86.0,73.64,1513.0,-470.833,430.0,-356.0
500,1701.6567,437.1767,360.9533,563.6033,-0.41,3533,816.0,3,123.0,105.99,2173.667,-679.667,615.0,-513.333
501,1345.3567,317.6962,260.4067,445.2983,-1.41,2706,649.5,3,102.33333333333333,81.19,1662.0,-522.167,511.667,-387.333
502,1677.5567,378.2999,300.1333,630.4,0.34,3280,768.3,11,118.66666666666667,98.39,2064.667,-607.5,593.333,-471.333
503,2007.8167,430.5364,344.6717,645.6933,-1.41,3905,792.2,3,145.0,117.15,2455.0,-725.0,725.0,-564.333
504,1104.5667,327.3003,263.565,497.6133,-1.41,2194,583.8,3,85.66666666666667,59.4,1255.0,-362.5,428.333,-275.667
505,1446.81,378.2921,272.5617,423.2883,-1.41,2577,580.3,3,103.66666666666667,77.31,1669.333,-453.833,518.333,-364.333
506,2049.12,522.059,432.5017,503.92,9.0467,3821,898.3,51,149.33333333333334,114.62,2425.667,-697.5,746.667,-540.333
507,1918.9733,347.6279,246.8467,458.255,-1.41,3671,499.8,3,140.66666666666666,110.14,2311.0,-680.167,703.333,-525.333
508,1299.1267,407.3963,358.4183,408.8583,-1.41,2649,731.7,3,93.66666666666667,79.46,1639.333,-504.667,468.333,-383.333
509,1937.58,502.8453,459.105,587.9367,-1.3733,3919,865.3,15,137.66666666666666,117.58,2436.667,-741.333,688.333,-563.667
510,1533.4267,364.1829,172.8717,539.4333,-1.41,3233,426.0,3,108.0,87.76,1858.0,-533.667,540.0,-418.667
511,1017.8867,305.9717,279.2733,366.4467,-1.41,2095,567.5,3,73.66666666666667,59.22,1241.333,-366.333,368.333,-284.667
512,1727.9433,467.6881,295.2667,566.9633,-1.41,3387,618.8,3,125.0,101.61,2120.333,-633.333,625.0,-485.667
513,1928.24,474.2201,417.8583,451.13,-0.91,3975,835.5,3,135.66666666666666,119.24,2466.0,-754.333,678.333,-581.0
514,1336.8,429.886,334.2767,355.3317,-1.41,2567,717.0,3,104.66666666666667,75.8,1568.667,-479.0,523.333,-352.0
515,1588.82,452.4552,374.445,676.8217,2.7933,3027,774.8,15,117.33333333333333,90.82,1903.333,-562.0,586.667,-430.0
516,1238.65,465.891,429.52,628.9917,-0.41,2388,853.8,3,89.66666666666667,71.65,1502.333,-443.0,448.333,-340.667
517,1337.9233,364.0555,348.7767,412.53,-1.41,2736,721.0,3,91.66666666666667,82.09,1708.667,-513.833,458.333,-397.333
518,1666.1233,493.0011,492.7283,512.775,4.0667,3326,964.8,13,118.0,99.79,2081.0,-622.667,590.0,-482.0
519,1481.0533,450.2853,407.385,640.8417,-1.41,2974,862.8,3,105.33333333333333,89.22,1857.0,-558.5,526.667,-433.333
520,1156.82,381.0241,307.0383,391.4333,-1.41,2194,623.7,3,86.66666666666667,65.82,1376.667,-408.667,433.333,-310.333
521,1332.05,413.8777,385.8,660.7117,0.59,2568,749.5,3,96.33333333333333,77.05,1615.0,-476.667,481.667,-365.0
522,1253.8733,367.8924,246.8717,374.5533,-1.41,2401,564.3,3,86.66666666666667,72.04,1531.0,-435.167,433.333,-347.333
523,1390.4267,419.3826,368.48,690.98,-1.41,2775,793.0,3,98.33333333333333,83.26,1735.0,-520.167,491.667,-399.333
524,1664.3033,439.6405,359.91,459.0883,-0.91,3349,740.5,3,113.66666666666667,100.47,2103.333,-622.833,568.333,-485.0
525,1384.7267,462.2065,466.83,660.165,9.5933,2852,919.3,12,94.33333333333333,85.56,1780.333,-535.833,471.667,-417.0
526,1950.5,500.65,422.895,505.125,-1.41,4083,841.5,3,141.66666666666666,122.5,2502.0,-790.667,708.333,-591.667
527,1378.4167,321.5025,240.52,390.96,-1.41,2792,482.0,3,95.66666666666667,83.75,1744.333,-523.667,478.333,-404.333
528,1323.7567,351.0394,260.5183,428.2617,-1.41,2586,555.2,3,97.33333333333333,77.59,1615.333,-485.5,486.667,-370.333
529,1322.54,314.2115,259.965,470.1417,-2.3167,2718,561.3,3,96.33333333333333,81.54,1674.667,-521.667,481.667,-393.667
530,1253.4567,435.5836,357.9383,636.87,-1.41,2476,757.2,3,89.66666666666667,74.29,1551.333,-462.5,448.333,-358.0
531,1037.74,312.5599,193.545,480.9233,-1.41,2075,446.5,3,77.0,62.24,1286.333,-394.167,385.0,-301.667
532,2585.9867,436.2805,314.855,456.975,18.2833,5061,674.7,88,184.66666666666666,151.82,3183.0,-938.833,923.333,-733.333
533,1348.1,337.7405,233.69,408.93,-1.6933,2665,486.3,3,102.66666666666667,72.1,1533.333,-435.0,513.333,-335.667
534,1493.71,327.7773,249.3633,462.875,-1.41,3090,484.0,3,111.33333333333333,92.71,1891.0,-599.667,556.667,-447.0
535,1473.4,389.0337,339.98,528.7617,-1.41,2863,756.3,3,106.33333333333333,85.9,1798.333,-532.5,531.667,-410.0
536,1714.56,425.9877,383.1033,420.8033,-1.41,3285,773.8,3,122.0,98.56,2078.667,-603.333,610.0,-469.333
537,1535.17,294.3895,84.0767,485.1483,-1.41,3139,302.2,3,111.33333333333333,94.17,1938.333,-600.333,556.667,-453.667
538,1335.56,345.0713,261.3017,449.415,-1.41,2745,621.2,3,94.66666666666667,78.06,1638.333,-481.833,473.333,-372.333
539,1855.64,401.7891,355.065,452.7267,-0.91,3771,727.2,3,129.66666666666666,113.14,2352.333,-709.5,648.333,-548.667
540,2346.87,472.7823,335.5067,515.9267,-1.1933,4529,735.8,3,166.33333333333334,135.87,2866.333,-831.333,831.667,-655.667
541,1484.7967,495.9613,372.9667,500.605,1.7567,2939,787.8,3,106.0,83.63,1776.667,-505.5,530.0,-400.0
542,2021.58,416.0531,329.97,464.0117,-1.1933,4236,663.8,3,144.66666666666666,127.08,2606.333,-814.833,723.333,-620.333
543,1293.6233,372.3895,315.685,517.0583,-0.91,2576,701.2,3,95.33333333333333,77.29,1597.667,-489.333,476.667,-368.667
544,1326.39,438.8671,393.8567,565.5433,1.9967,2764,826.2,5,90.0,82.39,1714.333,-516.0,450.0,-404.333
545,2427.7267,429.3141,399.63,434.6817,-0.41,4885,804.5,3,170.33333333333334,146.56,3055.667,-914.833,851.667,-711.333
546,2771.25,480.2608,436.3833,530.5717,5.1167,4942,875.8,25,196.33333333333334,148.25,3209.667,-866.0,981.667,-702.333
547,1180.36,295.0082,274.4083,353.9533,-1.41,2129,545.7,3,87.66666666666667,63.86,1362.333,-383.167,438.333,-301.0
548,1944.7167,502.4761,423.4867,726.53,-1.41,3685,960.7,3,141.0,110.55,2332.667,-676.167,705.0,-527.333
549,1510.53,403.3362,329.0817,333.5383,-0.91,3134,693.2,3,103.0,94.03,1950.667,-591.833,515.0,-457.333
550,1596.52,411.8739,309.25,534.5667,-1.41,3067,586.7,3,117.66666666666667,92.02,1928.333,-569.5,588.333,-442.667
551,1803.0,549.2354,468.81,754.5883,-1.41,3533,933.0,3,133.33333333333334,106.0,2202.667,-665.333,666.667,-507.0
552,1289.0167,393.593,345.1017,514.1417,-1.41,2533,730.5,3,100.33333333333333,70.35,1479.0,-433.0,501.667,-329.0
553,1239.0433,392.0557,326.06,657.28,1.7567,2522,760.7,3,90.66666666666667,75.21,1550.667,-478.167,453.333,-362.0
554,1345.55,373.1208,269.6783,328.1917,-1.41,2881,593.5,3,95.0,81.55,1693.667,-512.333,475.0,-392.333
555,1465.74,408.1818,353.555,433.8683,-1.41,3008,696.3,3,105.66666666666667,90.24,1856.333,-575.833,528.333,-433.333
556,1077.8667,330.631,309.0967,607.3533,-1.41,2123,707.3,3,79.66666666666667,63.7,1321.667,-400.833,398.333,-305.0
557,1439.2367,449.7755,397.7633,659.195,-1.41,2986,842.5,3,105.0,89.57,1833.0,-576.333,525.0,-432.0
558,1314.91,330.0125,284.1783,563.6483,-1.41,2714,637.8,3,100.66666666666667,81.41,1652.0,-530.833,503.333,-391.0
559,2082.4367,406.896,307.1833,673.0717,-1.41,4242,640.0,3,146.33333333333334,127.27,2641.333,-800.5,731.667,-617.333
560,1587.0033,311.3203,238.8267,393.895,-1.41,3139,469.3,3,111.33333333333333,94.17,1973.333,-582.833,556.667,-454.333
561,1511.9767,430.5855,355.5833,563.5733,-1.41,3277,693.8,3,111.66666666666667,98.31,1983.0,-647.0,558.333,-480.667
562,1402.31,402.6033,331.585,601.445,-1.41,2927,662.0,3,103.66666666666667,87.81,1789.333,-568.833,518.333,-424.333
563,1730.8267,535.7769,500.1817,613.88,-1.41,3672,1057.8,3,123.66666666666667,110.16,2250.0,-711.0,618.333,-536.667
564,1540.1267,387.5316,337.62,545.36,-0.41,2949,787.3,3,109.0,88.46,1871.333,-538.667,545.0,-426.0
565,1664.7767,366.8834,264.57,603.6967,-1.41,3137,524.8,3,126.0,94.11,1970.333,-583.333,630.0,-446.333
566,1690.4033,515.2566,439.8933,498.1717,-0.91,3265,945.3,3,124.33333333333333,96.57,2027.333,-595.833,621.667,-459.333
567,1379.81,388.5372,340.575,514.825,-1.41,2660,674.0,3,96.66666666666667,79.81,1687.0,-486.667,483.333,-383.667
568,1243.1467,431.8393,355.62,682.935,-1.41,2575,768.7,3,88.66666666666667,74.98,1558.333,-470.5,443.333,-363.0
569,1891.86,452.5214,373.1917,733.645,6.1067,3662,756.0,40,136.66666666666666,109.86,2304.667,-678.667,683.333,-527.333
570,1736.4933,397.7699,393.1017,498.1333,-1.41,3522,835.0,3,124.33333333333333,105.66,2186.333,-667.833,621.667,-509.333
571,1432.9067,329.6913,236.1483,492.1733,-1.41,2875,558.8,3,99.66666666666667,86.24,1802.0,-536.333,498.333,-417.333
572,1276.6033,348.7881,294.25,507.0117,-1.41,2574,628.2,3,92.33333333333333,71.77,1519.333,-436.5,461.667,-339.667
573,1334.2567,382.5224,338.7417,700.4883,0.59,2520,677.3,3,95.0,75.59,1604.333,-457.667,475.0,-363.0
574,1334.1767,369.2468,302.0117,787.9617,-1.41,2517,633.3,3,99.33333333333333,75.51,1585.667,-465.667,496.667,-358.0
575,1208.9433,282.7052,223.5433,562.7317,-1.41,2170,451.5,3,90.0,65.11,1390.0,-390.167,450.0,-306.0
576,1115.64,370.6845,326.865,505.4917,-1.41,2401,709.5,3,84.33333333333333,64.14,1334.333,-401.833,421.667,-302.667
577,1169.6133,396.0327,329.4,545.625,5.4433,2409,654.0,47,84.66666666666667,72.28,1486.0,-461.667,423.333,-350.333
578,1400.1267,398.5303,333.8283,493.3433,-1.41,2832,681.2,3,95.66666666666667,84.96,1776.333,-527.833,478.333,-411.667
579,1476.4433,353.2213,254.7383,460.4833,-1.41,2954,562.0,3,100.66666666666667,88.61,1859.333,-547.167,503.333,-427.667
580,1433.6833,475.3709,389.4433,440.7917,13.7833,2978,825.0,65,99.33333333333333,89.35,1849.0,-564.667,496.667,-436.667
581,1319.7033,460.0121,413.67,374.7717,0.09,2841,798.5,3,96.33333333333333,78.87,1634.667,-497.167,481.667,-378.333
582,1841.5267,440.1487,354.0783,637.32,0.91,3912,729.3,14,130.33333333333334,117.36,2399.667,-756.167,651.667,-571.0
583,1900.3367,423.3761,400.8433,640.5667,-1.41,3856,884.7,3,144.0,115.67,2364.333,-745.667,720.0,-554.0
584,1489.8767,500.9109,467.0583,448.4783,-1.41,3190,922.7,3,107.33333333333333,95.71,1944.667,-622.833,536.667,-464.333
585,1149.6033,394.7633,356.1217,631.75,-1.41,2396,730.7,3,79.0,69.27,1451.667,-428.667,395.0,-337.667
586,2348.98,347.6621,236.5183,555.1183,-1.41,5099,576.2,3,172.0,152.98,3086.667,-1006.333,860.0,-744.333
587,1802.1033,365.5713,338.0,494.065,-1.41,3709,828.5,3,134.0,111.27,2278.0,-715.5,670.0,-541.667
588,1357.1867,341.9806,272.78,420.22,-1.41,2834,569.8,3,96.33333333333333,85.02,1745.667,-544.167,481.667,-411.0
589,2365.51,484.5964,384.9667,536.805,-1.41,4984,778.7,3,180.0,149.51,3020.333,-981.667,900.0,-722.667
590,1252.16,481.1807,433.11,695.3333,-1.41,2589,947.3,3,97.33333333333333,77.66,1568.333,-510.167,486.667,-370.333
591,1011.4667,394.4037,358.32,396.21,-1.41,2293,798.7,3,74.0,68.8,1370.667,-461.333,370.0,-336.667
592,1874.6567,380.5767,310.5383,587.715,-1.41,3783,663.2,3,139.33333333333334,113.49,2332.667,-725.167,696.667,-543.0
593,1569.3333,488.7273,420.455,684.0433,-1.41,3383,994.7,3,113.0,101.5,2059.667,-661.833,565.0,-495.0
594,1553.0933,485.5677,418.305,731.0717,-1.41,3109,987.0,3,111.0,93.26,1940.333,-584.167,555.0,-451.333
595,1231.79,405.5741,361.3983,590.0533,-0.91,2410,776.5,3,83.66666666666667,72.29,1530.667,-439.5,418.333,-350.0
596,1621.1867,398.5327,277.8467,508.9017,-1.41,3634,635.8,3,114.33333333333333,109.02,2195.0,-719.5,571.667,-535.0
597,1252.4633,383.9079,363.995,640.1733,-1.41,2588,721.8,3,86.66666666666667,77.63,1609.333,-489.167,433.333,-378.667
598,1490.1933,362.1034,249.9967,491.3033,-1.41,2712,598.3,3,109.0,81.36,1735.667,-488.167,545.0,-383.667
599,1820.7533,418.8248,390.0283,589.4117,-1.41,3497,846.7,3,131.33333333333334,104.92,2205.0,-646.167,656.667,-499.667
600,1342.0167,453.722,313.3233,311.4483,-1.41,2728,671.2,3,94.66666666666667,81.85,1698.0,-515.167,473.333,-396.0
601,1623.29,521.0908,349.8367,1112.105,-1.41,3276,714.0,3,117.0,98.29,2035.0,-620.667,585.0,-474.333
602,1937.4367,432.0103,292.68,588.59,-1.41,3709,608.8,3,142.66666666666666,111.27,2333.333,-687.833,713.333,-532.667
603,1443.9067,428.0362,371.27,404.3433,-1.41,2725,770.7,3,101.66666666666667,81.74,1737.667,-493.5,508.333,-390.333
604,1268.89,378.5257,352.23,495.4883,-0.41,2634,774.3,3,82.33333333333333,77.89,1640.333,-478.0,411.667,-383.0
605,1594.5267,547.1907,472.26,435.8633,0.0233,3159,950.3,6,112.66666666666667,91.86,1940.0,-561.0,563.333,-439.667
606,1651.2433,544.1797,475.49,656.26,-0.41,3347,927.5,3,116.66666666666667,100.41,2084.667,-631.167,583.333,-486.0
607,1193.28,461.2507,489.1217,458.1367,-1.41,2176,922.7,3,89.0,65.28,1386.0,-395.0,445.0,-308.0
608,2153.97,459.4778,372.2667,449.1333,-1.41,4199,780.8,3,154.66666666666666,125.97,2641.0,-779.0,773.333,-607.333
609,1405.6833,444.1809,372.5017,530.8,-1.41,2828,727.8,3,108.33333333333333,84.85,1734.0,-547.167,541.667,-407.667
610,1813.34,337.5761,187.7017,515.3833,-1.3667,3695,440.3,10,128.0,110.84,2296.333,-699.167,640.0,-534.667
611,1118.34,355.5474,333.5917,488.98,-1.41,2257,700.3,3,80.0,63.34,1342.667,-384.333,400.0,-303.333
612,1556.32,375.3678,258.2717,472.9833,-1.41,3161,520.2,3,110.0,94.82,1968.333,-596.167,550.0,-460.667
613,1723.8967,446.2941,331.9583,533.6667,-0.91,3608,672.0,3,124.66666666666667,108.23,2215.0,-696.333,623.333,-526.333
614,1969.9867,422.2998,358.5233,543.585,-0.91,3849,671.8,3,140.33333333333334,114.82,2415.0,-706.167,701.667,-555.333
615,1468.6,381.4849,286.3633,632.08,-1.41,2670,650.0,3,107.0,80.1,1712.333,-478.833,535.0,-380.0
616,1047.6933,385.4391,366.7167,700.8533,-1.41,2194,700.2,3,74.33333333333333,60.86,1279.0,-374.833,371.667,-289.0
617,2217.2967,551.7647,472.795,555.4783,-1.41,4471,999.7,3,157.66666666666666,134.13,2786.0,-842.5,788.333,-648.667
618,1611.2,450.0717,377.1383,454.5117,-0.41,3207,698.3,3,112.66666666666667,96.2,2014.0,-596.333,563.333,-466.0
619,1797.7767,503.9511,428.06,711.3733,-1.41,3570,861.8,3,125.0,107.11,2246.333,-662.0,625.0,-518.667
620,1177.9367,424.8563,385.72,393.14,-1.41,2387,767.7,3,86.66666666666667,70.27,1455.0,-443.667,433.333,-337.0
621,1623.3267,543.4601,486.93,613.55,-1.41,3105,925.3,3,116.33333333333333,93.16,1964.333,-570.5,581.667,-445.333
622,1660.9333,438.9069,371.69,348.9833,-1.41,3137,759.2,3,123.66666666666667,94.1,1977.667,-579.5,618.333,-449.667
623,1303.1867,373.7555,306.0283,424.815,-1.41,2667,614.8,3,92.33333333333333,80.02,1656.333,-505.5,461.667,-389.333
624,1203.9967,294.5585,173.1267,746.6883,-1.41,2328,427.2,3,89.66666666666667,69.83,1454.0,-436.833,448.333,-331.333
625,1274.43,357.5719,282.3233,499.7617,-1.41,2514,574.7,3,89.33333333333333,75.43,1580.333,-467.0,446.667,-361.0
626,2219.46,384.2214,258.485,383.8667,-1.41,4249,567.3,3,163.66666666666666,127.46,2668.667,-790.0,818.333,-605.0
627,1894.26,517.3523,412.27,630.2567,-1.41,3825,811.7,3,127.66666666666667,114.76,2407.667,-708.833,638.333,-557.667
628,1749.5833,547.1217,447.585,505.8467,1.99,3592,927.3,33,117.33333333333333,107.75,2251.333,-670.167,586.667,-526.0
629,1589.5733,472.2695,392.755,449.0833,-0.91,2941,813.5,3,118.0,88.24,1865.333,-538.0,590.0,-416.0
630,1231.9367,513.2713,469.7,436.6517,-0.91,2426,923.3,3,85.0,72.77,1530.667,-447.5,425.0,-349.0
631,1615.5933,585.6279,458.1783,929.6717,-1.41,3309,948.2,3,111.0,99.26,2066.667,-621.0,555.0,-484.333
632,1721.1567,579.6677,475.2217,844.9933,-0.41,3433,922.2,3,126.0,102.99,2133.333,-649.833,630.0,-495.333
633,1361.86,443.9475,397.0867,609.9733,-1.41,2645,780.5,3,97.33333333333333,79.36,1666.333,-489.5,486.667,-381.0
634,1203.2267,506.1561,466.1617,881.7333,-1.41,2252,975.5,3,86.33333333333333,67.56,1434.667,-408.667,431.667,-322.0
635,1655.2033,459.7771,381.7583,462.24,-1.41,3312,761.2,3,118.33333333333333,99.37,2066.667,-622.833,591.667,-479.667
636,2232.99,454.8675,397.3367,642.3433,3.99,4633,801.5,33,156.0,138.99,2872.333,-880.333,780.0,-678.0
637,1847.8767,330.8746,163.1117,560.8417,-1.41,3490,416.2,3,136.66666666666666,104.71,2202.667,-643.833,683.333,-499.0
638,1526.92,581.6875,468.6983,596.7517,-1.41,2984,942.2,3,111.66666666666667,88.92,1858.667,-552.667,558.333,-426.333
639,1871.3467,552.7233,382.3533,361.7483,1.7567,3656,768.0,3,138.33333333333334,109.68,2284.0,-686.0,691.667,-528.0
640,1597.35,534.4052,440.4533,500.955,-1.41,3545,876.8,3,110.0,106.35,2157.667,-693.667,550.0,-523.0
641,1564.1467,323.963,197.87,548.185,-1.41,2899,482.7,3,118.0,86.98,1831.667,-533.833,590.0,-410.667
642,1216.3167,425.5545,303.3367,609.555,6.3733,2425,707.3,15,86.0,70.65,1489.0,-433.0,430.0,-340.333
643,1997.35,454.1523,399.8333,648.4517,1.2567,4012,801.2,3,138.33333333333334,120.35,2516.333,-747.667,691.667,-583.333
644,1442.8267,448.5266,430.7583,507.5483,-3.1933,2955,868.0,3,96.0,88.66,1857.667,-548.833,480.0,-434.667
645,1756.8733,544.4159,484.99,771.3867,2.2567,3285,948.7,3,128.66666666666666,98.54,2083.333,-600.667,643.333,-467.667
646,1464.29,514.689,442.74,625.455,38.1067,2943,934.0,146,104.0,88.29,1836.333,-553.333,520.0,-427.0
647,1675.8567,545.4404,471.7483,722.775,4.1067,3156,913.8,31,125.0,94.69,1990.0,-583.167,625.0,-450.667
648,1633.11,402.5737,289.0683,528.44,-2.5533,3454,599.2,3,113.33333333333333,103.61,2130.0,-661.833,566.667,-505.333
649,2412.2667,488.9058,327.5567,720.605,-1.41,4470,661.0,3,177.33333333333334,134.1,2841.667,-814.167,886.667,-636.0
650,1699.9233,463.3768,386.965,759.5833,-0.91,3320,788.3,3,119.0,99.59,2097.0,-611.333,595.0,-480.333
651,1461.9033,469.384,451.97,572.375,4.2,2969,900.2,21,101.33333333333333,89.07,1854.0,-557.5,506.667,-430.333
652,1164.9333,439.2405,376.5933,503.3917,-0.91,2287,790.5,3,84.0,68.6,1432.667,-427.0,420.0,-329.333
653,1465.3133,502.0157,362.0517,669.1317,-0.41,2916,707.8,3,103.0,87.48,1829.0,-543.5,515.0,-422.667
654,1891.58,501.5587,438.145,458.3167,31.5367,3853,879.8,46,128.33333333333334,115.58,2417.333,-717.667,641.667,-565.333
655,1829.3167,633.5002,493.6067,813.1717,-1.41,3572,978.5,3,136.66666666666666,107.15,2224.667,-673.5,683.333,-512.333
656,1736.5867,445.0939,347.3983,347.3983,-1.41,3264,650.8,3,122.33333333333333,97.92,2084.667,-589.667,611.667,-468.0
657,921.7967,387.9691,335.33,608.78,-1.41,1894,669.0,3,70.0,51.63,1084.0,-318.5,350.0,-245.333
658,1096.5833,411.6314,387.5267,357.9067,5.3567,2275,766.2,6,73.33333333333333,68.25,1420.333,-427.333,366.667,-331.333
659,957.6667,382.3855,384.7583,552.75,-1.41,1935,731.5,3,65.66666666666667,54.5,1165.0,-325.833,328.333,-264.333
660,1964.45,527.7379,532.055,679.8483,-1.41,3932,1043.7,3,136.66666666666666,117.95,2464.667,-733.5,683.333,-568.0
661,1473.9,534.5391,485.1133,624.6133,17.19,2980,960.3,56,102.66666666666667,89.4,1861.667,-559.167,513.333,-431.333
662,1767.11,620.6056,543.19,557.3517,1.8767,3587,1078.8,7,123.66666666666667,107.61,2239.333,-673.833,618.333,-524.333
663,1296.55,562.6425,502.155,460.4,3.2567,2576,1051.3,3,97.33333333333333,72.05,1518.0,-441.833,486.667,-338.333
664,1387.36,615.0663,658.2233,740.6417,-1.41,2745,1255.3,3,102.33333333333333,82.36,1706.0,-519.667,511.667,-393.0
665,1995.08,537.6773,466.95,541.6333,0.0233,3719,955.7,6,154.33333333333334,111.58,2332.333,-693.5,771.667,-527.0
666,1750.8567,468.3194,362.7167,520.0433,5.4433,3456,809.5,20,122.33333333333333,103.69,2177.333,-639.5,611.667,-502.333
667,1720.39,504.1443,441.2683,638.2333,2.62,3463,939.5,33,127.0,103.89,2142.0,-660.5,635.0,-500.0
668,2047.1033,538.3456,458.3417,557.67,-1.6933,3692,971.2,5,154.66666666666666,110.77,2352.333,-670.0,773.333,-519.333
669,2036.7433,570.6816,464.1483,805.6633,12.6367,3914,942.3,66,149.66666666666666,117.41,2458.333,-727.667,748.333,-559.667
670,2400.71,486.7975,391.69,706.7517,-1.41,4940,789.7,3,159.33333333333334,148.21,3100.0,-920.167,796.667,-724.0
671,1890.9367,546.9512,450.6617,628.4683,-1.41,3459,958.2,3,139.66666666666666,103.77,2204.667,-627.167,698.333,-488.667
672,2391.4667,480.0427,409.6283,562.0433,0.8167,4643,779.7,5,173.33333333333334,139.3,2915.667,-863.833,866.667,-666.333
673,1437.54,615.2783,561.55,607.02,17.62,2768,1056.2,71,102.66666666666667,83.04,1749.0,-509.5,513.333,-398.333
674,1195.0167,385.3435,322.33,813.6333,-0.41,2412,742.7,3,84.66666666666667,72.35,1503.667,-454.0,423.333,-350.333
675,1614.75,411.0303,299.6567,594.5133,-1.41,3025,668.8,3,117.33333333333333,90.75,1920.333,-552.333,586.667,-430.667
676,1397.16,405.7418,350.585,577.1083,-1.41,2622,706.5,3,97.66666666666667,78.66,1679.0,-471.5,488.333,-377.333
677,1333.6867,530.4703,461.4067,846.5083,0.83,2701,900.7,11,96.33333333333333,81.02,1676.667,-512.0,481.667,-393.667
678,1772.1033,513.4379,436.2433,511.1533,-1.41,3592,840.0,3,129.0,107.77,2223.667,-684.333,645.0,-520.0
679,1454.7533,547.1893,454.2133,767.2317,-0.91,2864,899.0,3,107.0,85.92,1783.667,-540.167,535.0,-409.667
680,1483.29,528.7691,493.7917,602.8783,8.3667,2876,957.8,23,106.33333333333333,86.29,1811.667,-532.333,531.667,-414.0
681,1371.58,449.339,382.725,363.975,0.09,2736,748.7,3,98.0,82.08,1709.667,-513.167,490.0,-397.0
682,1573.93,475.3547,469.0217,888.2,-1.41,3048,964.5,3,112.66666666666667,91.43,1921.333,-563.167,563.333,-439.0
683,1704.1233,576.211,451.7733,673.8717,39.8267,3326,989.7,124,120.66666666666667,99.79,2095.667,-615.333,603.333,-479.333
684,1713.9033,447.7925,397.1617,450.1167,-1.41,3402,817.5,3,125.33333333333333,102.07,2118.0,-642.167,626.667,-490.667
685,1824.61,446.3303,384.4517,323.955,-0.91,3570,764.3,3,131.0,107.11,2240.667,-664.833,655.0,-513.333
686,2122.4767,534.719,440.5433,589.8583,-1.41,3544,901.7,3,161.33333333333334,106.31,2314.667,-614.5,806.667,-490.667
687,1625.81,361.8609,308.1883,562.2117,-0.6933,3144,679.0,5,115.66666666666667,94.31,1986.667,-578.5,578.333,-455.0
688,1578.9933,502.3744,507.015,573.0333,-0.6833,3005,1004.8,3,115.0,90.16,1899.0,-553.167,575.0,-432.0
689,1212.3767,458.9919,396.07,392.975,-1.41,2255,834.2,3,86.66666666666667,66.21,1420.0,-393.5,433.333,-313.667
690,1613.74,550.4443,460.785,772.155,-1.41,3225,942.8,3,118.66666666666667,96.74,2002.0,-611.333,593.333,-467.0
691,1045.83,434.2029,409.9383,766.44,-1.41,2078,858.7,3,76.66666666666667,62.33,1292.667,-392.5,383.333,-300.0
692,1321.2933,467.6284,438.1217,629.1767,-1.41,2749,837.8,3,90.33333333333333,82.46,1710.333,-519.167,451.667,-404.0
693,1661.1067,463.6638,404.195,444.4417,-0.41,3215,756.5,3,124.66666666666667,96.44,2004.667,-605.0,623.333,-458.333
694,1511.3267,413.9465,301.4417,427.56,-1.41,3089,641.3,3,108.0,92.66,1915.333,-586.667,540.0,-450.0
695,2464.8567,498.7223,390.8383,602.0083,2.26,4806,853.0,9,177.0,144.19,3021.0,-892.667,885.0,-692.667
696,1587.45,483.8906,396.2317,605.3817,-1.41,2915,779.7,3,117.0,87.45,1857.0,-529.0,585.0,-413.0
697,1496.62,480.7834,369.3283,526.9117,-1.41,3037,711.5,3,103.0,91.12,1899.0,-569.167,515.0,-439.333
698,1776.2267,504.4044,446.28,620.1367,-0.41,3469,859.3,3,124.66666666666667,104.06,2188.333,-640.167,623.333,-499.333
699,1698.1067,469.8112,438.3067,486.02,-1.41,3215,843.7,3,117.33333333333333,96.44,2056.667,-579.0,586.667,-462.667
700,1320.32,410.263,315.885,425.6733,-0.41,2632,637.8,3,91.66666666666667,70.82,1538.333,-411.167,458.333,-336.0
701,1725.96,491.0394,432.6617,586.4533,7.43,3299,830.0,13,121.66666666666667,98.96,2095.333,-601.667,608.333,-475.0
702,1543.1233,453.6769,355.3917,582.5167,-1.41,3026,740.8,3,107.66666666666667,90.79,1909.667,-558.333,538.333,-437.333
703,1617.2367,492.4088,342.4667,560.655,1.4867,3203,717.5,11,116.33333333333333,92.57,1952.333,-566.667,581.667,-442.667
704,1810.9767,555.812,475.3967,448.3967,-0.91,3544,997.2,3,128.66666666666666,106.31,2231.667,-656.0,643.333,-514.333
705,1859.6133,657.9719,586.9467,623.1667,90.01,3809,1110.7,199,130.33333333333334,114.28,2368.667,-720.333,651.667,-554.667
706,1948.8133,488.6376,443.6633,462.9433,2.2,3899,884.0,23,141.33333333333334,116.98,2426.333,-736.5,706.667,-564.667
707,2295.2867,533.5034,444.5767,813.0767,1.27,4271,972.0,9,168.0,128.12,2716.333,-777.167,840.0,-612.0
708,1756.1267,472.1989,473.9633,491.2483,-1.24,3832,901.7,9,133.0,114.96,2302.333,-764.833,665.0,-561.333
709,1475.28,543.4302,526.6117,632.2283,-1.66,2943,1095.8,3,105.33333333333333,88.28,1840.0,-551.333,526.667,-428.333
710,1704.5067,409.8023,303.5767,413.0867,-0.91,3045,608.0,3,121.66666666666667,91.34,1974.333,-535.167,608.333,-434.333
711,1531.9033,487.3762,416.9017,542.7533,-0.41,3236,836.8,3,106.33333333333333,97.07,1997.333,-619.167,531.667,-475.0
712,1356.02,502.9374,470.27,631.4383,-0.91,2717,950.8,3,103.0,81.52,1671.667,-522.833,515.0,-389.333
713,2197.0633,501.8976,398.5883,643.3933,-1.41,4558,789.2,3,157.33333333333334,136.73,2809.667,-874.0,786.667,-662.0
714,1342.1933,502.7701,528.7017,690.3033,-1.41,2579,1026.2,3,96.66666666666667,77.36,1628.333,-475.167,483.333,-371.667
715,1905.32,576.0086,392.1617,392.1617,-1.41,4044,817.2,3,143.0,121.32,2453.333,-795.333,715.0,-589.0
716,1755.73,549.1715,371.05,600.3117,-0.41,3524,743.3,3,123.66666666666667,105.73,2203.0,-660.667,618.333,-510.667
717,1440.2267,500.4097,429.185,529.125,-1.41,3285,876.5,3,101.33333333333333,98.56,1976.0,-654.667,506.667,-486.333
718,2017.7267,577.1501,544.58,512.8667,0.09,4535,1119.3,3,149.0,136.06,2714.667,-910.333,745.0,-667.667
719,1942.6967,496.7303,424.265,505.84,-1.6933,3634,929.8,3,139.0,109.03,2317.667,-658.333,695.0,-520.667
720,2230.33,454.0633,291.7,609.17,-1.41,4311,708.7,3,165.33333333333334,129.33,2697.667,-806.667,826.667,-616.667
721,2029.43,614.6394,500.48,723.32,-1.5233,4064,953.5,3,142.66666666666666,121.93,2544.0,-760.167,713.333,-589.667
722,2225.3433,665.1848,568.6583,605.84,4.48,4684,1103.8,16,168.0,140.51,2844.0,-919.833,840.0,-679.333
723,1398.1467,435.859,378.835,613.1083,0.2233,2749,845.7,13,100.33333333333333,82.48,1723.333,-513.0,501.667,-396.333
724,2202.4533,466.1419,422.585,434.4417,0.09,4137,828.7,3,154.66666666666666,124.12,2644.0,-746.667,773.333,-592.333
725,1271.1867,475.6984,423.21,375.0867,18.83,2634,873.2,28,99.33333333333333,79.02,1595.667,-519.167,496.667,-381.0
726,1322.3767,366.0201,306.8133,565.43,7.5933,2424,697.2,9,95.66666666666667,72.71,1552.333,-435.667,478.333,-345.333
727,1723.6933,522.9807,496.7233,782.0433,-0.91,3529,999.5,3,119.33333333333333,105.86,2201.667,-663.5,596.667,-517.0
728,1754.5833,477.1515,448.3367,495.4767,9.5833,3358,918.7,42,122.66666666666667,100.75,2135.333,-611.5,613.333,-483.333
729,1342.99,472.3447,393.025,583.5017,-0.41,2733,808.7,3,95.33333333333333,81.99,1697.667,-517.667,476.667,-395.667
730,1821.5467,495.7825,447.8817,674.8017,5.32,3696,850.7,44,128.0,110.88,2303.333,-696.333,640.0,-536.333
731,1550.1533,492.3611,410.945,602.8817,11.7433,3227,796.5,51,112.33333333333333,96.82,1984.667,-621.333,561.667,-471.667
732,2064.2433,504.1241,440.5117,698.5617,-0.9567,4064,820.3,7,151.33333333333334,121.91,2536.333,-763.667,756.667,-587.0
733,2386.4567,507.1268,456.7283,653.2517,-1.41,5093,843.8,3,171.0,152.79,3115.667,-988.667,855.0,-748.333
734,1659.3433,505.5701,475.6033,615.0,3.8567,3117,1024.0,6,117.66666666666667,93.51,1987.333,-564.833,588.333,-445.0
735,1265.0033,453.653,397.3883,611.4417,1.2567,2606,787.2,3,89.0,78.17,1615.333,-495.167,445.0,-378.333
736,1613.9967,541.1232,439.7917,383.605,4.0133,3278,950.7,23,118.33333333333333,98.33,2025.0,-626.333,591.667,-474.667
737,1488.5767,495.0991,456.2917,488.5883,8.4633,2764,920.7,34,105.0,82.91,1769.0,-497.333,525.0,-391.0
738,1844.5233,435.6352,411.0767,415.27,-1.41,3490,820.7,3,126.66666666666667,104.69,2235.333,-627.167,633.333,-501.667
739,1251.5233,387.8469,376.0717,669.5967,-1.41,2473,729.7,3,93.66666666666667,74.19,1535.667,-468.667,468.333,-358.0
740,1539.7667,459.6245,415.55,473.7367,-1.41,2887,836.5,3,110.0,86.6,1839.667,-523.5,550.0,-413.0
741,1251.8367,404.9797,372.7933,481.9617,-1.41,2456,739.0,3,87.0,73.67,1552.0,-451.833,435.0,-357.0
742,1848.76,540.1058,441.3767,640.3817,-1.41,4359,862.7,3,127.66666666666667,130.76,2606.0,-876.333,638.333,-650.0
743,1483.6133,510.1866,443.7833,642.0783,-0.41,2946,920.8,3,105.33333333333333,81.28,1745.333,-482.0,526.667,-387.667
744,1717.2933,495.4748,441.5267,547.495,2.52,3349,868.8,17,116.0,100.46,2132.333,-608.167,580.0,-487.333
745,1887.5567,457.3341,412.1567,563.445,-1.41,3746,830.3,3,136.0,112.39,2339.333,-703.5,680.0,-540.667
746,1807.5667,554.6207,482.2117,605.525,6.5433,3613,930.8,24,127.33333333333333,108.4,2261.667,-675.833,636.667,-523.333
747,1165.9567,450.184,433.9167,732.3133,-1.41,2726,896.2,3,82.66666666666667,81.79,1625.333,-550.5,413.333,-404.0
748,1705.2667,576.1099,531.26,632.235,4.9133,3510,1107.2,19,115.66666666666667,102.6,2155.333,-632.333,578.333,-498.667
749,1584.4967,466.0285,335.4417,513.4433,-1.41,3174,695.0,3,115.0,88.33,1876.667,-533.833,575.0,-421.667
750,1899.9733,538.2893,457.7033,483.4083,-1.41,3838,881.2,3,129.33333333333334,115.14,2410.333,-713.833,646.667,-558.333
751,1572.14,492.1719,371.6117,612.4167,-0.41,3038,769.3,3,111.33333333333333,91.14,1922.0,-558.0,556.667,-439.667
752,1511.7067,420.8937,359.425,696.3283,0.09,2918,696.7,3,105.66666666666667,87.54,1852.333,-532.833,528.333,-423.667
753,1439.1867,493.4242,471.6517,616.2917,-0.91,2834,956.2,3,103.33333333333333,85.02,1773.667,-530.167,516.667,-406.0
754,1326.3667,479.8046,388.185,660.475,43.5567,2590,832.8,96,94.66666666666667,77.7,1628.667,-480.667,473.333,-372.667
755,1366.8967,395.9972,306.76,622.4733,5.7167,2824,588.0,35,95.0,84.73,1754.667,-534.833,475.0,-412.667
756,1737.46,408.5152,391.5317,464.0433,-1.41,3482,801.2,3,123.0,104.46,2176.0,-653.0,615.0,-505.0
757,1699.4767,533.0147,477.7417,491.58,5.3033,3160,967.7,49,117.0,94.81,2036.333,-562.0,585.0,-454.667
758,1138.1933,418.8109,384.835,487.1683,3.9433,2222,736.2,20,83.33333333333333,63.86,1351.333,-388.667,416.667,-305.0
759,1640.94,397.9141,349.3183,638.3083,-1.41,3247,693.0,3,121.66666666666667,94.94,1981.333,-591.667,608.333,-452.0
760,1662.48,562.3212,540.5583,524.8617,3.04,3049,1065.8,18,114.0,91.48,1976.667,-536.333,570.0,-439.333
761,1606.6967,536.9031,458.4733,370.3717,15.9733,3468,881.3,108,119.66666666666667,104.03,2096.333,-685.667,598.333,-506.333
762,1333.2633,455.1125,345.3117,401.8583,9.4467,2779,712.8,55,99.33333333333333,78.93,1633.667,-498.667,496.667,-377.333
763,1647.13,531.7338,523.9367,431.125,-1.41,3339,998.0,3,121.0,93.63,1968.0,-576.5,605.0,-443.0
764,2131.12,487.6829,373.8467,427.4233,-1.41,4471,752.7,3,155.33333333333334,134.12,2738.0,-866.333,776.667,-651.333
765,1115.77,434.973,414.17,504.12,-1.41,2142,845.3,3,80.33333333333333,64.27,1353.333,-394.5,401.667,-309.0
766,1309.3967,410.2521,410.37,547.0317,0.59,2991,855.7,3,90.0,89.73,1805.0,-593.0,450.0,-442.333
767,1402.3067,481.4371,448.1217,503.6117,0.09,2705,872.2,3,102.33333333333333,81.14,1699.0,-502.833,511.667,-386.667
768,1496.9167,468.5567,402.7683,518.3033,2.0233,2975,765.2,6,105.66666666666667,89.25,1865.667,-554.667,528.333,-431.667
769,1608.77,555.8091,464.9367,729.0983,2.3567,3142,883.3,18,114.66666666666667,94.27,1975.333,-583.5,573.333,-450.667
770,1611.7533,544.9927,574.8733,647.9617,-1.41,3226,1143.0,3,105.0,90.92,1967.0,-531.833,525.0,-439.333
771,1197.9467,473.7431,407.705,716.7983,-0.91,2438,780.5,3,84.66666666666667,68.28,1446.0,-415.0,423.333,-324.667
772,1381.18,396.818,380.1483,430.085,1.6233,2339,761.7,10,105.0,70.18,1521.333,-409.0,525.0,-326.333
773,1536.8933,477.6215,474.8867,529.9233,3.63,2985,919.2,16,111.33333333333333,89.56,1876.0,-554.667,556.667,-430.667
774,1918.35,483.5704,413.1417,723.2717,6.3267,3712,826.0,22,143.33333333333334,111.35,2318.333,-696.667,716.667,-531.333
775,1382.4933,513.4819,436.415,737.9367,-0.91,3055,912.5,3,100.33333333333333,91.66,1843.667,-605.833,501.667,-448.667
776,1640.5833,585.0812,467.7333,693.59,-0.91,3625,1046.7,3,121.0,108.75,2182.0,-721.5,605.0,-533.667
777,1270.96,435.237,396.24,410.0233,-1.41,2915,793.2,3,87.66666666666667,87.46,1757.667,-578.833,438.333,-433.667
778,1534.3633,520.7912,443.4433,461.2583,1.2567,3134,896.2,3,107.66666666666667,94.03,1949.667,-592.333,538.333,-455.333
779,1390.5733,440.3907,345.1617,479.065,-0.41,2982,707.7,3,97.66666666666667,82.74,1732.333,-512.833,488.333,-400.0
780,1452.0133,360.2002,301.56,393.9233,-0.91,2889,644.8,3,101.66666666666667,86.68,1814.667,-537.333,508.333,-420.333
781,1497.0533,367.2849,242.915,487.9967,-1.41,3174,476.0,3,106.33333333333333,95.22,1948.333,-612.833,531.667,-465.333
782,2092.7033,583.695,516.4833,652.5883,24.6367,4029,1136.2,116,155.0,120.87,2526.667,-751.167,775.0,-578.667
783,1420.59,520.6944,452.2317,611.5483,6.82,2936,1035.5,11,98.66666666666667,88.09,1824.0,-556.167,493.333,-428.667
784,1451.05,529.8121,485.9083,720.4017,0.3067,3402,1033.7,5,99.33333333333333,102.05,2040.333,-680.667,496.667,-507.333
785,1297.8267,498.3851,428.8817,493.07,0.3967,2851,925.7,8,93.66666666666667,80.16,1650.0,-511.0,468.333,-389.667
786,1981.43,503.6209,391.3617,602.0833,-1.41,4081,824.3,3,143.0,122.43,2519.667,-780.667,715.0,-595.0
787,1819.37,487.099,413.31,782.8883,-0.91,3746,854.5,3,124.33333333333333,112.37,2336.333,-704.667,621.667,-546.333
788,1732.1567,564.6807,504.8817,571.2467,8.5933,3483,973.7,26,121.66666666666667,104.49,2178.333,-652.333,608.333,-506.667
789,1483.99,548.9716,507.575,691.92,6.0133,2733,1015.0,39,110.33333333333333,81.99,1737.0,-498.0,551.667,-388.667
790,1525.06,391.3354,347.5533,733.7417,0.09,3085,720.7,3,114.66666666666667,92.56,1895.667,-594.833,573.333,-441.667
791,2603.88,500.5781,319.9933,724.3617,-0.91,5146,668.3,3,190.33333333333334,154.38,3209.0,-968.5,951.667,-742.667
792,1288.97,464.0045,408.1983,656.5617,-0.91,2716,794.8,3,90.66666666666667,79.47,1644.0,-502.5,453.333,-385.333
793,1450.31,416.1042,281.0167,888.58,-1.41,3094,585.5,3,105.66666666666667,92.81,1886.0,-603.833,528.333,-453.0
794,1890.8933,411.5463,318.1017,488.8117,-0.91,4252,621.5,3,133.33333333333334,127.56,2568.0,-842.0,666.667,-629.333
795,1444.7433,506.4954,400.7483,558.6883,3.5267,3264,875.3,12,103.33333333333333,97.91,1962.667,-650.5,516.667,-482.0
796,2189.0233,603.8402,517.9133,876.01,-1.41,4823,1245.2,3,157.66666666666666,144.69,2917.667,-952.667,788.333,-709.0
797,1243.79,383.1071,307.0767,647.8,-1.41,2514,706.7,3,89.33333333333333,70.79,1495.667,-432.0,446.667,-337.333
798,1229.6633,480.6255,493.6317,758.3867,1.7567,2544,1032.5,3,89.0,76.33,1567.0,-488.667,445.0,-370.0
799,2422.6767,494.5461,420.07,542.2133,-0.41,4550,876.2,3,179.0,136.51,2875.333,-837.5,895.0,-646.667
800,2008.6333,506.7381,419.9067,560.02,4.74,3843,817.7,41,142.0,115.3,2438.667,-702.333,710.0,-553.0
801,1328.98,463.7365,294.1733,837.1317,4.7567,2699,712.8,20,89.0,80.98,1698.667,-500.333,445.0,-395.333
802,1203.1533,437.9276,433.9817,724.845,-1.41,2266,854.3,3,83.66666666666667,67.32,1442.333,-400.833,418.333,-324.0
803,2176.2233,506.9971,381.9067,424.78,-1.41,4013,808.0,3,155.33333333333334,120.39,2570.667,-721.167,776.667,-570.333
804,1638.33,489.9932,378.0117,670.1467,5.67,3394,787.0,39,118.0,101.83,2087.333,-653.5,590.0,-487.333
805,1639.8567,540.0277,417.58,531.5633,-1.41,3623,861.0,3,113.33333333333333,108.69,2206.0,-708.5,566.667,-533.0
806,1458.8733,462.0127,446.93,651.8283,-1.41,3235,927.2,3,110.0,97.04,1935.0,-649.833,550.0,-473.333
807,1551.3967,462.4585,447.3183,569.4467,1.7567,3058,890.5,3,110.66666666666667,91.73,1918.333,-569.667,553.333,-442.333
808,1457.38,561.5139,548.805,705.5017,-0.6933,2879,1054.0,5,113.33333333333333,86.38,1768.0,-555.667,566.667,-408.0
809,1783.8267,499.704,421.355,522.3867,-1.1933,3555,999.0,3,124.66666666666667,106.66,2231.0,-662.167,623.333,-515.0
810,1721.0067,516.0324,428.57,725.7033,1.2567,3625,887.8,3,120.33333333333333,102.34,2144.667,-633.333,601.667,-494.333
811,2529.9867,423.789,313.8683,568.22,-1.41,5527,622.8,3,188.33333333333334,165.82,3331.667,-1097.833,941.667,-811.333
812,1206.6,477.4539,454.1767,518.0717,-1.41,2637,950.5,3,85.0,79.1,1605.667,-515.5,425.0,-387.667
813,1602.46,528.8946,480.0567,845.7667,-0.91,3015,1021.3,3,117.0,90.46,1909.333,-553.0,585.0,-429.333
814,1460.0767,501.4547,447.6317,703.6117,-1.41,3142,890.2,3,103.33333333333333,85.91,1800.667,-531.5,516.667,-411.667
815,2133.52,410.2756,368.1433,661.2,-0.91,4001,686.3,3,150.33333333333334,120.02,2557.667,-721.5,751.667,-574.333
816,1517.4967,540.4689,453.11,844.4717,-0.41,3178,964.2,3,108.66666666666667,95.33,1952.0,-612.833,543.333,-460.333
817,1704.17,507.0018,450.605,568.17,12.2833,3506,970.0,20,124.33333333333333,105.17,2157.667,-674.0,621.667,-506.333
818,2022.5833,499.9723,392.7383,488.2983,-0.91,4608,809.8,3,144.0,138.25,2766.333,-921.0,720.0,-681.0
819,1584.19,360.9851,338.61,565.7483,-1.41,3773,730.5,3,108.33333333333333,113.19,2253.0,-760.0,541.667,-563.667
820,1810.73,480.5614,316.1783,873.6817,-1.41,3791,693.8,3,134.0,113.73,2313.667,-738.667,670.0,-548.0
821,1502.6,441.7939,408.32,613.5917,-1.41,3303,883.3,3,110.66666666666667,99.1,1990.333,-656.5,553.333,-483.667
822,2075.22,567.2696,492.2633,464.7017,-0.91,4824,1028.2,3,150.0,144.72,2871.0,-976.5,750.0,-714.0
823,1730.27,512.1681,457.5,428.0767,-1.41,3438,980.2,3,132.0,102.27,2106.333,-651.333,660.0,-487.0
824,1345.6033,522.5289,476.6933,597.685,1.2567,3059,895.5,3,98.33333333333333,91.77,1827.333,-615.833,491.667,-449.333
825,972.45,434.0306,404.565,427.7683,5.18,2015,842.7,56,71.66666666666667,60.45,1235.667,-389.667,358.333,-292.333
826,1443.5133,464.4295,437.1517,572.77,-1.41,3273,930.8,3,103.0,98.18,1967.333,-652.667,515.0,-484.333
827,1816.4367,499.2271,439.345,594.7933,-1.41,3642,928.2,3,133.0,109.27,2259.333,-691.5,665.0,-525.667
828,1012.7733,437.8985,438.91,688.6917,-1.41,2166,909.5,3,68.33333333333333,57.44,1232.0,-341.333,341.667,-277.0
829,1277.65,450.7317,376.1983,605.95,-0.41,2755,818.7,3,90.0,82.65,1684.333,-535.333,450.0,-404.0
830,1586.9467,477.0673,415.935,572.445,-0.41,3509,962.5,3,114.33333333333333,105.28,2121.333,-694.0,571.667,-517.333
831,1487.38,491.3433,419.6883,526.18,-1.38,3480,919.2,4,110.33333333333333,91.38,1870.0,-588.0,551.667,-437.667
832,1799.1933,509.8914,424.9183,698.0633,-0.41,4112,916.2,3,126.66666666666667,123.36,2473.667,-819.167,633.333,-612.0
833,1697.7867,421.1162,347.6067,451.5917,25.7333,3904,777.2,44,114.0,117.12,2362.667,-770.667,570.0,-581.333
834,1480.4467,522.4329,455.4367,630.0883,-0.41,3176,989.5,3,105.66666666666667,88.78,1846.667,-556.333,528.333,-427.0
835,1384.3433,481.4201,378.515,407.4033,1.7833,3128,850.5,15,101.66666666666667,87.01,1775.0,-562.667,508.333,-423.333
836,1456.7167,447.2164,399.0917,451.6717,-0.41,3118,865.8,3,108.66666666666667,93.55,1890.0,-614.167,543.333,-456.0
837,1666.48,506.6156,469.125,789.005,18.3567,3783,1057.3,39,118.33333333333333,113.48,2274.0,-754.333,591.667,-558.333
838,1447.9033,515.6391,477.24,513.2633,9.8133,3276,1069.2,16,102.0,98.07,1974.0,-647.5,510.0,-486.667
839,2037.71,536.6784,423.445,483.7167,0.09,4090,1006.5,3,147.33333333333334,122.71,2543.0,-773.667,736.667,-591.0
840,1892.1433,512.4043,494.5733,593.4667,5.6,4477,1030.2,18,130.0,134.31,2677.333,-899.833,650.0,-669.667
841,1219.21,475.1271,461.5317,706.1067,-1.41,2707,1062.2,3,89.33333333333333,81.21,1629.667,-538.667,446.667,-399.667
842,1393.68,410.7945,316.3067,518.8083,-1.41,3023,744.7,3,99.0,90.68,1843.333,-589.667,495.0,-445.667
843,1375.3967,493.171,381.1867,621.7817,-0.91,3291,894.5,3,100.0,98.73,1942.333,-674.333,500.0,-491.333
844,1391.45,475.8829,431.1733,625.925,4.74,2941,919.3,27,105.66666666666667,82.45,1698.333,-525.0,528.333,-392.667
845,1332.96,500.1859,421.4917,424.7967,3.2067,2799,939.3,18,96.33333333333333,83.96,1715.333,-541.667,481.667,-406.333
846,1763.37,537.4915,425.33,597.0567,-1.41,3553,818.0,3,131.0,104.37,2161.0,-659.0,655.0,-498.0
847,1238.1667,468.7405,478.0667,489.7083,-1.41,2767,957.8,3,86.66666666666667,78.5,1612.667,-502.0,433.333,-384.333
848,1100.2067,482.6893,486.55,609.4567,-0.91,2400,992.8,3,80.0,68.54,1404.667,-440.0,400.0,-333.0
849,1273.21,506.9732,453.2633,644.34,1.2567,2690,992.2,3,98.33333333333333,76.21,1559.667,-490.333,491.667,-364.0
850,1249.37,436.7565,371.4583,381.9967,-1.41,2646,721.5,3,92.66666666666667,79.37,1609.667,-518.0,463.333,-385.0
851,1688.3167,512.6277,463.77,684.4183,-1.41,3538,1012.3,3,120.66666666666667,106.15,2178.667,-679.833,603.333,-520.0
852,1914.26,477.2599,426.2967,646.2767,5.53,4025,968.2,45,137.66666666666666,120.76,2469.667,-777.833,688.333,-586.667
853,1876.15,472.3211,374.1233,565.21,-1.41,3855,759.7,3,142.33333333333334,115.65,2352.667,-751.167,711.667,-552.667
854,1480.8533,415.6471,381.6217,589.0583,-1.41,3384,823.5,3,104.66666666666667,101.52,2034.0,-675.0,523.333,-503.0
855,1897.63,512.1559,450.3283,942.7533,-1.41,4038,1039.2,3,135.66666666666666,121.13,2474.0,-781.833,678.333,-594.0
856,1286.27,425.713,353.9283,694.295,-1.41,3026,860.3,3,88.33333333333333,90.77,1812.0,-606.833,441.667,-451.333
857,1607.4567,429.1394,390.2,527.6467,0.7567,3593,852.2,3,117.66666666666667,107.79,2158.333,-717.333,588.333,-529.667
858,1401.8967,390.6111,328.5483,829.8317,-0.91,2774,740.3,3,93.0,83.23,1762.333,-506.0,465.0,-402.667
859,1738.91,441.6179,374.4317,629.35,-0.91,3747,748.5,3,123.33333333333333,112.41,2288.667,-729.167,616.667,-549.667
860,1921.7833,451.9644,405.4233,701.6067,1.2567,4232,902.0,3,143.33333333333334,118.95,2428.0,-768.5,716.667,-573.333
861,1392.2767,526.8177,504.1983,540.3083,-0.41,2987,1110.2,3,96.66666666666667,89.61,1835.667,-575.667,483.333,-440.667
862,1575.9567,496.7167,440.8917,356.765,0.09,3626,931.3,3,114.33333333333333,108.79,2163.333,-731.5,571.667,-536.333
863,2122.97,588.0589,483.7467,710.8,-0.41,4366,1076.7,3,158.0,130.97,2676.333,-844.667,790.0,-629.667
864,2322.0733,552.6197,494.8633,518.4117,-0.91,5175,1032.7,3,166.0,155.24,3124.333,-1025.167,830.0,-762.333
865,1954.5367,556.6177,472.44,408.2633,-1.41,3897,1047.0,3,134.33333333333334,116.37,2445.333,-716.833,671.667,-562.0
866,1981.6067,604.1065,515.1183,495.14,16.4467,4031,991.7,26,145.0,120.94,2488.667,-771.333,725.0,-581.667
867,2153.8067,562.494,509.77,628.665,-1.41,4788,1133.5,3,155.66666666666666,143.64,2888.333,-949.833,778.333,-706.667
868,1298.5733,427.2922,444.2717,474.78,-1.41,3008,905.0,3,95.66666666666667,90.24,1785.333,-611.333,478.333,-444.0
869,1328.46,315.6253,190.32,559.7633,-1.9767,3149,448.5,3,92.66666666666667,94.46,1878.0,-635.333,463.333,-472.0
870,2175.3,435.8175,249.1483,529.1117,-0.91,5160,587.5,3,153.33333333333334,154.8,3067.0,-1046.5,766.667,-766.667
871,1462.5233,423.6919,368.5833,551.7267,-1.41,3356,787.2,3,104.33333333333333,100.69,2011.333,-672.5,521.667,-498.667
872,2306.86,436.1528,383.3183,544.935,-1.41,4762,929.2,3,168.0,142.86,2931.333,-915.333,840.0,-692.0
873,1791.12,479.2081,384.46,783.8283,0.7567,3808,800.3,3,128.0,98.12,2104.0,-583.333,640.0,-467.667
874,1560.5,507.5544,477.2183,633.9883,-0.41,3033,999.0,3,108.66666666666667,91.0,1923.0,-555.167,543.333,-441.667
875,1412.4767,457.9819,371.5867,496.845,4.9733,2953,769.7,21,104.66666666666667,86.31,1773.333,-551.833,523.333,-418.667
876,1678.9467,445.3592,316.0067,526.2683,-1.41,3759,699.5,3,124.0,112.78,2253.667,-752.833,620.0,-554.667
877,1579.36,409.5899,382.39,461.9233,3.2267,3495,841.3,25,112.66666666666667,104.86,2115.0,-690.167,563.333,-513.667
878,1429.3533,423.5631,354.815,498.2967,-1.41,2901,810.7,3,98.33333333333333,87.02,1816.667,-542.0,491.667,-424.0
879,1242.1667,399.0747,303.855,837.6333,-1.9767,2650,724.5,3,87.66666666666667,79.5,1626.0,-512.0,438.333,-389.667
880,1270.6367,319.8922,215.3567,651.7617,-1.41,2947,490.0,3,92.33333333333333,76.47,1582.667,-483.167,461.667,-367.0
881,2230.8933,392.2195,291.9917,511.735,-1.74,4452,635.8,3,164.0,133.56,2762.0,-845.0,820.0,-639.667
882,2886.2233,463.5049,383.315,367.3967,-1.41,5696,766.0,3,213.66666666666666,170.89,3540.333,-1078.0,1068.333,-815.333
883,2130.5933,454.4609,326.225,421.5567,-2.35,4442,758.0,3,152.0,133.26,2736.667,-852.667,760.0,-646.667
884,1463.0833,469.2221,433.1017,582.6483,-1.41,3089,880.3,3,114.66666666666667,85.75,1760.333,-549.0,573.333,-407.333
885,1540.56,505.2113,477.1833,504.8867,-0.91,3285,1045.7,3,109.66666666666667,98.56,2010.667,-637.333,548.333,-479.667
886,2049.0167,468.6018,354.73,723.985,-1.41,4312,828.8,3,155.33333333333334,129.35,2616.333,-847.667,776.667,-625.667
887,2134.4833,462.193,283.8,890.47,-1.41,4553,650.0,3,154.66666666666666,134.15,2741.667,-865.0,773.333,-649.667
888,1505.7733,477.6294,447.9717,456.845,-0.91,3348,985.0,3,108.33333333333333,100.44,2020.0,-664.0,541.667,-492.333
889,1745.4367,447.6587,312.775,689.01,-1.41,3909,750.3,3,126.0,117.27,2352.667,-778.167,630.0,-576.333
890,2125.0467,555.3965,426.8333,566.73,-1.41,4879,876.8,3,150.0,146.38,2925.333,-977.0,750.0,-719.667
891,1658.0433,553.6407,500.0933,704.4167,-0.41,3340,968.0,3,121.0,100.21,2070.0,-635.167,605.0,-482.0
892,981.4133,429.6173,416.375,394.36,19.86,2119,895.3,32,76.0,57.08,1178.0,-362.333,380.0,-271.333
893,1087.4767,458.8647,478.7283,670.8317,5.0133,2527,989.2,39,75.33333333333333,75.81,1517.667,-504.667,376.667,-378.0
894,2124.19,434.9233,357.09,436.32,-0.91,4906,806.7,3,161.33333333333334,147.19,2899.0,-1003.667,806.667,-725.0
895,1530.2233,532.9943,528.8,576.4867,4.2,3446,1098.0,19,105.66666666666667,103.39,2088.0,-679.167,528.333,-510.333
896,1728.4567,506.8324,449.0917,565.51,-1.41,3721,966.0,3,122.33333333333333,107.29,2212.667,-681.833,611.667,-521.333
897,2767.4067,526.1571,363.325,657.65,-1.41,5891,804.7,3,203.66666666666666,176.74,3584.0,-1153.667,1018.333,-858.0
898,1100.3633,402.1639,369.255,469.3317,-1.41,2373,783.0,3,80.66666666666667,68.03,1393.667,-437.0,403.333,-327.667
899,1545.23,490.2045,427.0167,763.165,-1.41,3341,896.0,3,115.33333333333333,100.23,2019.667,-660.667,576.667,-490.667
900,2167.69,489.7037,445.0667,608.015,-1.41,4873,990.0,3,150.33333333333334,146.19,2952.0,-960.5,751.667,-721.667
901,1532.96,656.5529,626.13,1221.9133,47.9367,3299,1336.7,135,109.66666666666667,98.96,2012.667,-643.0,548.333,-484.0
902,1577.0167,522.8111,450.355,707.2983,2.9733,3278,1055.2,21,115.0,98.35,2013.667,-632.333,575.0,-477.667
903,2085.45,656.3335,658.5067,712.8317,-4.6467,4248,1432.7,17,153.66666666666666,127.45,2618.333,-815.0,768.333,-613.667
904,1320.54,543.8045,514.4417,578.305,0.09,2968,1117.3,3,91.0,89.04,1801.667,-583.167,455.0,-442.0
905,1730.65,534.6807,412.0167,460.535,-2.0033,3788,963.5,11,122.33333333333333,113.65,2305.667,-741.333,611.667,-559.0
906,1644.36,489.1443,455.4383,568.3983,-1.41,3795,992.0,3,111.33333333333333,113.86,2293.0,-751.167,556.667,-568.0
907,2609.2833,433.3389,355.495,454.3983,-1.41,5598,776.3,3,190.66666666666666,167.95,3401.0,-1098.667,953.333,-814.333
908,1807.9567,491.4797,436.45,361.4783,-0.41,4026,1021.0,3,129.0,120.79,2432.667,-796.833,645.0,-593.667
909,1284.03,379.3582,329.8433,575.31,-1.41,2834,689.3,3,87.0,85.03,1734.333,-550.0,435.0,-420.333
910,2419.3567,482.3092,362.97,501.69,-1.41,5356,768.0,3,177.33333333333334,160.69,3223.667,-1066.333,886.667,-785.333
911,1038.48,517.5469,519.225,667.9767,26.5567,2229,1099.0,46,77.0,57.48,1218.0,-349.0,385.0,-273.0
912,1486.5067,523.7694,463.07,432.235,16.76,3245,1027.3,96,106.66666666666667,97.34,1971.0,-636.833,533.333,-478.333
913,1702.9967,452.5005,415.1017,597.2267,2.8567,4094,947.5,23,116.66666666666667,122.83,2439.333,-827.5,583.333,-615.0
914,1861.2033,495.5738,458.99,625.975,-1.41,3962,1033.0,3,132.66666666666666,118.87,2427.667,-767.333,663.333,-581.333
915,1868.9533,482.7176,365.4683,412.15,-0.5233,3654,799.0,3,140.66666666666666,109.62,2271.333,-691.333,703.333,-524.0
916,2443.4033,559.1496,470.06,702.2533,-1.41,5336,934.5,3,175.66666666666666,160.07,3239.667,-1048.0,878.333,-786.667
917,1823.2567,678.1271,573.1817,886.6467,85.2233,4186,1300.5,214,126.0,125.59,2521.0,-832.667,630.0,-620.667
918,1254.4667,474.9666,450.3917,600.07,6.06,2560,980.0,35,89.66666666666667,76.8,1587.333,-486.333,448.333,-371.667
919,2002.58,533.3431,478.15,653.0367,-0.1933,4453,988.7,5,143.66666666666666,133.58,2688.0,-882.333,718.333,-655.0
920,1505.5367,496.1315,384.8817,823.715,-1.41,3346,876.5,3,103.66666666666667,100.37,2037.333,-654.167,518.333,-496.333
921,1602.5533,561.9138,542.8683,504.475,-1.41,3791,1196.0,3,111.66666666666667,113.72,2261.0,-764.833,558.333,-565.667
922,1587.25,480.2051,348.7883,493.6433,-0.41,3408,757.2,3,117.33333333333333,102.25,2066.333,-671.0,586.667,-497.0
923,1324.0533,350.0911,221.825,704.075,-1.41,3079,455.5,3,100.66666666666667,84.22,1700.333,-553.5,503.333,-410.333
924,1319.4033,393.8083,385.05,562.47,-1.41,2902,765.5,3,97.0,87.07,1751.667,-575.333,485.0,-429.0
925,1347.6833,396.9678,347.8067,539.605,0.09,3045,808.5,3,92.0,91.35,1848.333,-598.333,460.0,-453.667
926,1554.1433,624.0288,589.14,685.4067,-0.41,3458,1278.0,3,110.33333333333333,100.81,2050.333,-655.0,551.667,-493.667
927,1835.2867,547.0929,423.3383,607.2083,-0.41,3940,921.5,3,134.66666666666666,114.12,2333.667,-735.167,673.333,-550.667
928,1631.11,583.3475,482.985,843.0267,7.5333,3546,1066.2,31,114.33333333333333,104.11,2131.667,-669.333,571.667,-507.0
929,1788.74,616.0465,527.93,474.1683,-0.91,3858,1156.0,3,126.33333333333333,115.74,2359.333,-749.333,631.667,-568.667
930,2167.7867,473.0297,406.8017,450.8783,2.52,5037,912.8,17,154.33333333333334,151.12,3006.667,-1015.333,771.667,-746.333
931,2598.41,515.8125,393.4817,661.6633,-1.41,5980,851.8,3,181.33333333333334,179.41,3596.333,-1192.0,906.667,-892.0
932,2039.73,558.6832,452.8567,507.6967,-1.41,4674,980.0,3,145.0,140.23,2802.667,-935.833,725.0,-692.333
933,2991.11,610.6347,537.4233,635.8517,-0.91,6670,1185.7,3,219.0,200.11,4011.667,-1329.333,1095.0,-986.333
934,1539.1467,484.013,464.3183,609.7933,13.34,3566,1047.8,54,109.0,106.98,2134.333,-715.833,545.0,-531.333
935,1617.5067,489.5539,354.6867,563.3867,-1.41,3745,771.0,3,108.33333333333333,112.34,2265.0,-739.833,541.667,-561.667
936,1603.4133,524.6277,457.365,460.735,34.3067,3803,992.0,224,110.0,114.08,2274.0,-764.333,550.0,-570.333
937,1657.7733,444.5655,377.4333,384.7183,-1.41,3715,814.3,3,113.66666666666667,111.44,2256.667,-729.0,568.333,-549.667
938,1515.8333,538.2917,529.84,860.5167,-1.41,3217,1187.2,3,113.33333333333333,96.5,1953.333,-631.667,566.667,-469.0
939,1766.6367,479.1015,426.7467,643.7833,6.2467,4132,923.7,19,125.0,123.97,2467.0,-832.667,625.0,-616.667
940,1572.3867,611.381,500.9633,800.375,-0.91,3375,1129.3,3,113.33333333333333,99.72,2034.667,-644.667,566.667,-484.0
941,1334.7533,446.2024,388.7833,553.285,-1.41,2964,867.7,3,98.0,88.92,1781.667,-591.167,490.0,-434.667
942,2084.7733,532.3629,432.8567,470.1267,-0.1933,4298,1007.0,5,150.33333333333334,128.94,2651.0,-823.5,751.667,-623.333
943,1479.36,585.9724,502.6517,808.6633,0.26,3362,1196.5,9,99.66666666666667,100.86,2041.0,-660.5,498.333,-500.333
944,1329.6867,396.4365,268.1517,518.2933,6.2633,2867,624.5,31,97.0,86.02,1741.333,-563.0,485.0,-419.667
945,1522.0933,501.1197,479.865,774.4117,-1.41,3592,1027.8,3,103.66666666666667,107.76,2153.333,-719.333,518.333,-538.0
946,1314.72,468.0795,413.8217,546.0183,1.2933,3074,945.8,15,91.66666666666667,92.22,1839.0,-617.5,458.333,-457.333
947,1798.6867,464.8946,329.5767,819.56,-1.41,3934,706.3,3,128.0,118.02,2391.333,-771.333,640.0,-579.333
948,1892.71,547.6843,466.24,487.4717,-0.91,4240,1046.0,3,136.66666666666666,127.21,2552.0,-844.167,683.333,-625.667
949,1669.0733,547.3169,459.92,568.745,3.8567,3691,1079.5,23,118.33333333333333,110.74,2236.667,-727.333,591.667,-542.667
950,1905.3933,597.9138,583.69,782.5533,-1.41,4102,1296.2,3,134.33333333333334,123.06,2511.333,-795.333,671.667,-605.333
951,1894.9333,594.3691,488.4267,473.1633,-1.41,4120,1066.7,3,135.0,123.6,2508.0,-806.0,675.0,-605.667
952,1097.8733,434.2676,393.775,455.0583,2.9767,2425,902.5,27,77.0,69.54,1428.0,-445.0,385.0,-339.667
953,1404.0533,530.7444,516.2183,597.9,0.09,3307,1122.2,3,96.33333333333333,99.22,1981.667,-662.833,481.667,-495.667
954,1693.5633,575.1535,574.7183,621.9833,5.88,3874,1241.3,13,122.33333333333333,116.23,2317.667,-778.333,611.667,-573.667
955,1629.3833,564.9399,541.9467,370.3117,0.09,3635,1118.7,3,119.66666666666667,109.05,2183.667,-725.667,598.333,-536.0
956,2135.1267,560.7676,395.385,341.4483,-1.41,4782,891.0,3,148.66666666666666,143.46,2898.0,-942.0,743.333,-707.667
957,3460.8767,465.8347,322.235,485.645,-3.17,7224,716.2,3,242.33333333333334,216.71,4467.333,-1378.167,1211.667,-1056.667
958,1782.9367,433.9487,330.785,502.7367,0.8233,3792,730.0,16,126.33333333333333,113.77,2326.667,-732.833,631.667,-556.333
959,2048.2267,511.0306,451.7133,492.3267,8.2533,4369,1005.7,42,144.0,131.06,2683.0,-842.833,720.0,-643.0
960,1436.13,451.6029,457.1417,653.0083,-1.41,3271,1039.2,3,102.0,98.13,1966.333,-652.333,510.0,-486.0
961,1435.3467,500.839,487.7217,430.1567,-1.05,3006,1071.8,3,99.66666666666667,90.18,1859.0,-573.5,498.333,-438.667
962,2085.0333,598.4863,535.83,844.505,0.09,4207,1130.2,3,152.0,126.2,2607.0,-799.833,760.0,-608.333
963,1993.4033,424.4683,283.6767,828.9,-2.0367,4386,605.5,3,143.0,131.57,2657.333,-864.167,715.0,-646.333
964,1638.4633,520.2012,447.3517,920.2733,-1.41,3454,955.7,3,120.66666666666667,103.63,2110.0,-672.167,603.333,-506.333
965,1575.8133,545.7424,496.4283,851.9267,22.9733,3533,1083.0,50,109.33333333333333,105.98,2142.333,-695.167,546.667,-524.0
966,1532.0167,481.7791,357.7633,546.05,-1.41,3178,914.7,3,110.33333333333333,95.35,1957.667,-610.333,551.667,-462.333
967,2197.96,508.4216,428.1067,665.98,-0.41,5032,975.0,3,152.0,150.96,3033.333,-999.333,760.0,-747.0
968,1575.9,486.0806,443.3483,453.2217,10.4933,3647,949.3,55,107.66666666666667,109.4,2197.667,-724.5,538.333,-545.0
969,1708.6733,567.4034,547.7867,484.1233,-1.41,4011,1166.5,3,112.0,120.34,2424.667,-793.333,560.0,-603.0
970,1408.0333,355.0439,291.1683,522.8733,-1.41,3257,650.2,3,100.0,97.7,1949.333,-653.667,500.0,-485.333
971,1459.31,525.7394,463.295,738.8733,-0.41,3227,1011.7,3,102.66666666666667,96.81,1960.667,-633.167,513.333,-478.333
972,1547.12,498.9349,428.0633,529.0,19.02,3137,922.2,30,115.66666666666667,94.12,1931.333,-603.0,578.333,-453.667
973,1822.0133,553.7363,468.6033,743.5667,5.6067,4023,1048.5,24,130.33333333333334,120.68,2437.333,-792.667,651.667,-595.0
974,1668.05,367.752,165.77,732.1833,-1.41,3685,399.5,3,119.33333333333333,110.55,2230.667,-727.167,596.667,-542.667
975,1205.09,284.7808,147.4867,578.2267,-1.41,2736,305.3,3,81.66666666666667,82.09,1659.667,-538.333,408.333,-406.667
976,1434.22,380.3884,372.73,448.89,-3.4667,3424,872.8,3,99.66666666666667,102.72,2038.333,-692.833,498.333,-512.333
977,1441.9033,436.7099,413.6667,582.9983,-0.41,2902,907.7,3,105.66666666666667,87.07,1797.333,-552.5,528.333,-418.333
978,1411.9567,414.5734,356.4833,516.0083,-1.41,3210,729.0,3,102.0,96.29,1925.667,-642.0,510.0,-478.0
979,1398.49,498.5067,502.3233,570.2,3.27,3050,1096.8,26,100.66666666666667,91.49,1851.0,-599.333,503.333,-448.0
980,2039.87,429.1248,381.8,485.1233,-0.41,4329,847.3,3,147.0,129.87,2647.667,-840.667,735.0,-632.0
981,1537.8433,470.714,422.1733,617.0467,24.3367,3267,869.0,39,109.66666666666667,98.01,2001.333,-632.833,548.333,-477.0
982,1298.2667,356.0842,304.9683,582.5633,-0.91,3037,690.8,3,93.33333333333333,91.1,1808.333,-614.167,466.667,-453.667
983,1865.0133,406.6596,305.28,536.5717,-1.6933,3956,684.0,3,136.66666666666666,118.68,2413.333,-771.333,683.333,-579.0
984,1066.9033,347.4699,260.5067,526.1233,-0.2533,2057,600.2,3,83.0,59.57,1242.333,-371.667,415.0,-278.333
985,2265.6033,437.4598,336.2133,843.2467,-1.41,4659,757.0,3,164.66666666666666,139.77,2871.333,-893.833,823.333,-675.0
986,1834.1067,440.3872,386.6433,380.1517,-1.41,3665,834.3,3,137.33333333333334,109.94,2263.667,-700.5,686.667,-525.667
987,1861.6967,648.4481,537.795,681.0183,-1.41,4016,1159.3,3,131.0,112.53,2342.667,-704.167,655.0,-544.333
988,1385.9067,479.9835,415.5767,537.79,-1.41,3040,882.3,3,104.33333333333333,86.74,1763.667,-563.833,521.667,-422.333
989,1794.8367,528.7557,399.6983,798.3,6.9667,3666,855.3,43,140.66666666666666,109.17,2215.0,-712.0,703.333,-520.667
990,1071.2333,419.9074,397.2833,628.775,13.6433,2130,886.3,40,74.66666666666667,63.9,1338.667,-395.667,373.333,-309.0
991,1562.6,399.0053,331.6217,447.6333,-1.41,3570,769.0,3,114.66666666666667,107.1,2128.333,-720.833,573.333,-525.333
992,1880.7367,511.0326,405.535,722.945,-0.41,3932,817.8,3,138.66666666666666,117.57,2396.667,-761.167,693.333,-565.667
993,2033.49,476.4345,427.7583,419.0467,-2.5067,4183,859.8,5,148.66666666666666,125.49,2573.667,-804.667,743.333,-604.333
994,1493.6733,357.5784,192.6567,586.335,-1.41,3228,434.5,3,105.0,96.84,1974.333,-626.833,525.0,-475.667
995,1427.81,477.2375,494.1583,560.2717,-0.91,3060,967.0,3,98.66666666666667,91.81,1881.0,-589.667,493.333,-448.667
996,1764.8767,452.3553,360.6933,631.485,-1.41,3990,794.3,3,122.0,119.71,2414.667,-787.833,610.0,-591.667
997,2916.6133,448.1985,343.025,627.065,5.4567,6359,772.5,10,210.0,190.78,3861.0,-1249.167,1050.0,-936.0
998,1939.2867,524.2737,453.7383,465.705,6.99,4387,937.5,22,136.33333333333334,131.62,2646.0,-870.667,681.667,-649.333
999,2102.73,425.6431,390.665,504.3583,-1.41,4258,824.8,3,151.33333333333334,127.73,2643.0,-807.333,756.667,-617.333
1000,1753.0567,423.9637,251.1,402.605,-0.91,3446,553.3,3,128.0,103.39,2152.333,-647.0,640.0,-495.667
1001,1513.17,503.1775,456.695,554.6217,-1.1933,3289,1078.7,5,109.33333333333333,98.67,1996.0,-646.5,546.667,-481.667
1002,1490.12,424.5263,354.9183,578.815,-0.91,3237,798.8,3,106.66666666666667,97.12,1969.333,-634.0,533.333,-475.667
1003,1969.3067,567.8735,457.6917,745.0533,-0.41,4455,977.7,3,141.33333333333334,133.64,2674.667,-890.0,706.667,-655.667
1004,1256.2567,404.9263,350.645,642.5917,-0.41,2531,775.0,3,94.66666666666667,75.59,1554.333,-482.667,473.333,-364.333
1005,1286.29,426.5899,339.56,470.99,-0.91,2888,774.0,3,97.0,77.29,1589.0,-493.667,485.0,-371.333
1006,1253.9033,456.2995,420.1933,564.2383,-0.91,2402,943.7,3,93.66666666666667,72.07,1505.333,-448.5,468.333,-343.333
1007,1935.4433,531.0075,483.3533,592.3567,14.2333,3737,1021.8,30,142.0,112.11,2346.333,-695.333,710.0,-537.667
1008,1771.5967,488.0901,483.6667,710.0733,-1.0267,3681,1032.3,21,132.33333333333334,110.43,2248.0,-716.5,661.667,-532.0
1009,2082.3167,522.2741,371.9967,581.33,5.3433,4022,854.5,34,154.66666666666666,120.65,2515.667,-753.0,773.333,-574.333
1010,1497.7,537.764,394.525,448.2533,-1.41,3157,930.7,3,117.33333333333333,94.7,1900.0,-628.333,586.667,-455.333
1011,1258.03,424.5539,403.375,523.655,-1.41,2518,863.8,3,93.0,75.53,1558.0,-479.833,465.0,-360.667
1012,1366.3667,414.7336,333.0633,595.68,-1.41,3073,746.8,3,103.0,87.2,1757.667,-574.5,515.0,-419.0
1013,1395.2533,387.5975,382.505,445.0533,-1.41,2864,833.7,3,98.66666666666667,85.92,1775.333,-544.333,493.333,-415.0
1014,1442.2367,412.9011,329.1717,767.2,-1.6933,2736,740.5,3,110.33333333333333,82.07,1710.667,-512.5,551.667,-389.667
1015,2185.38,522.0605,507.6433,575.655,-0.9767,4446,1024.2,3,164.66666666666666,133.38,2727.333,-859.333,823.333,-639.333
1016,1254.0767,303.9991,171.3033,536.0967,-1.41,2497,372.5,3,99.33333333333333,74.91,1526.0,-485.5,496.667,-358.0
1017,1523.2267,379.7419,312.0083,581.1917,-1.74,3119,686.5,3,115.66666666666667,93.56,1906.667,-606.0,578.333,-449.333
1018,1276.88,392.6297,325.47,678.6183,-1.41,2646,740.7,3,97.33333333333333,79.38,1609.667,-518.167,486.667,-380.667
1019,1234.69,399.0687,371.3833,716.735,-1.41,2440,918.3,3,91.66666666666667,73.19,1515.333,-462.167,458.333,-350.0
1020,1421.24,374.7901,317.8733,417.2033,-1.41,2825,665.7,3,101.0,84.74,1767.667,-528.5,505.0,-407.667
1021,1299.5767,339.7653,243.2133,634.9617,-1.41,2930,541.3,3,90.0,87.91,1775.667,-577.333,450.0,-436.667
1022,3006.7267,437.4972,330.5967,277.5167,1.2633,5835,700.0,31,225.0,175.06,3640.667,-1097.333,1125.0,-836.667
1023,1954.6433,529.8185,401.16,832.3033,-1.6933,4094,906.8,3,140.33333333333334,122.81,2514.667,-789.5,701.667,-595.0
1024,1280.08,374.1421,306.8733,569.7283,-0.41,2583,664.7,3,94.33333333333333,74.58,1555.0,-465.5,471.667,-355.667
1025,1339.4233,519.2169,500.0383,635.49,-0.41,2720,1166.2,3,96.0,81.59,1688.0,-515.833,480.0,-394.333
1026,1537.0433,416.8231,373.96,500.5667,-1.41,3357,832.7,3,106.66666666666667,100.71,2050.333,-653.333,533.333,-494.0
1027,1792.4433,408.6817,381.8367,678.9683,-1.41,3920,773.2,3,128.0,117.61,2381.333,-769.5,640.0,-577.0
1028,1268.3767,327.658,196.2617,469.0083,-1.41,2607,443.7,3,91.66666666666667,78.21,1608.667,-499.167,458.333,-377.667
1029,1383.6967,427.9599,382.8583,432.095,-0.41,2834,895.8,3,102.0,85.03,1743.667,-545.333,510.0,-409.667
1030,1497.5333,374.4237,316.9883,490.6183,-1.41,3290,629.5,3,101.33333333333333,98.7,2015.0,-637.5,506.667,-485.333
1031,1319.46,418.8283,314.79,812.4017,-1.41,2749,696.2,3,102.66666666666667,82.46,1664.0,-542.333,513.333,-398.0
1032,1362.04,440.9515,360.7433,520.1083,6.78,2618,778.8,59,103.66666666666667,78.54,1632.333,-492.833,518.333,-374.333
1033,1452.3167,484.8738,483.605,867.7667,-1.41,3055,988.0,3,107.0,91.65,1863.0,-596.0,535.0,-441.333
1034,1258.1667,379.8275,285.2717,317.76,-0.6833,2717,655.3,5,93.33333333333333,81.5,1642.667,-537.0,466.667,-395.667
1035,1391.2433,466.378,417.9067,709.7733,7.03,2897,915.0,18,101.0,86.91,1778.333,-559.333,505.0,-419.667
1036,1693.02,452.6027,394.2883,508.9,-0.91,3134,859.3,3,130.0,94.02,1972.0,-581.0,650.0,-442.0
1037,1888.3733,461.5842,425.53,646.495,14.49,3835,985.7,33,138.33333333333334,115.04,2369.333,-732.667,691.667,-555.0
1038,1931.8567,501.537,443.8183,417.1033,0.7567,4040,921.3,3,139.66666666666666,121.19,2477.667,-781.0,698.333,-584.333
1039,2088.4133,540.359,404.6733,668.1583,0.74,4495,885.0,8,155.66666666666666,123.58,2557.667,-780.833,778.333,-590.333
1040,1295.8033,534.0802,490.1817,613.7817,0.24,2899,1114.5,8,90.66666666666667,86.97,1756.667,-571.167,453.333,-430.0
1041,1368.4067,572.6487,536.5217,804.9117,-0.91,2958,1162.5,3,97.33333333333333,88.74,1804.667,-576.667,486.667,-435.0
1042,1314.6033,490.2893,420.4633,703.415,3.7267,2727,903.7,31,98.0,81.27,1660.333,-524.333,490.0,-392.667
1043,2098.83,561.9618,493.0767,529.5983,3.8567,4661,1090.0,6,142.0,139.83,2847.667,-906.667,710.0,-692.0
1044,2396.5667,483.3938,417.2217,647.345,0.27,4863,861.5,8,180.0,145.9,2990.0,-936.667,900.0,-702.667
1045,1591.95,421.3086,330.0133,602.705,-0.91,3248,746.8,3,120.0,97.45,1992.0,-628.167,600.0,-469.333
1046,2085.57,558.024,467.2217,723.6017,0.59,4452,981.7,3,152.33333333333334,133.57,2711.667,-870.333,761.667,-651.0
1047,2168.76,555.8081,514.2167,830.0033,9.3267,4959,1210.0,17,154.66666666666666,148.76,2974.0,-992.333,773.333,-735.0
1048,2539.7233,514.3425,442.4717,636.8983,-0.41,5380,921.5,3,190.66666666666666,161.39,3264.333,-1057.667,953.333,-781.667
1049,1770.7,547.2078,507.965,709.86,18.25,3990,1060.3,42,123.33333333333333,119.7,2412.667,-788.667,616.667,-589.667
1050,2066.5767,569.2746,439.315,564.0217,3.2567,4380,938.7,3,150.33333333333334,131.41,2676.0,-852.167,751.667,-640.333
1051,1695.8467,496.5764,434.1683,502.25,12.6567,3906,906.0,65,120.33333333333333,117.18,2339.333,-783.333,601.667,-579.0
1052,1685.6767,549.5211,410.6267,540.5083,-1.41,3650,886.5,3,119.33333333333333,109.51,2229.333,-710.5,596.667,-539.333
1053,2187.7867,616.1115,545.2417,673.23,24.35,4687,1173.7,45,172.0,140.62,2805.0,-941.167,860.0,-676.667
1054,1968.8267,502.1377,441.6367,626.0317,4.9433,4039,989.5,37,148.33333333333334,121.16,2470.0,-784.333,741.667,-579.667
1055,1270.0767,529.9571,484.065,557.21,1.2567,2830,1021.8,3,93.0,84.91,1701.333,-564.5,465.0,-416.667
1056,1521.0233,513.5883,482.4967,717.715,12.0467,3406,1067.8,13,112.66666666666667,102.19,2039.333,-683.5,563.333,-500.333
1057,1728.98,474.6374,369.63,645.795,31.8933,3999,848.3,119,126.0,119.98,2380.667,-809.333,630.0,-592.333
1058,1645.0667,424.838,285.6817,500.9483,-1.23,3530,640.7,3,121.0,105.9,2144.333,-692.833,605.0,-517.333
1059,1361.7867,496.2316,391.8183,922.485,5.6233,2787,931.7,6,99.33333333333333,83.62,1720.333,-533.5,496.667,-405.333
1060,1438.4,419.182,379.0617,634.4283,2.6833,3114,779.2,9,97.66666666666667,86.4,1812.667,-533.667,488.333,-415.333
1061,1440.06,539.7644,526.6667,1009.4017,-0.41,3035,1059.3,3,101.66666666666667,91.06,1868.667,-583.333,508.333,-444.667
1062,1340.4867,499.4931,458.6183,787.5517,0.09,2751,987.2,3,99.66666666666667,78.32,1628.333,-491.167,498.333,-373.333
1063,2312.4233,583.4039,468.785,647.905,15.29,5220,1047.7,58,160.66666666666666,156.59,3157.333,-1031.167,803.333,-773.667
1064,1703.53,558.5525,472.3217,747.695,6.6633,3584,1055.5,11,125.0,107.53,2189.667,-697.333,625.0,-521.333
1065,1711.58,474.4205,478.2217,769.565,-1.41,3319,997.3,3,132.0,99.58,2058.0,-630.667,660.0,-475.333
1066,1559.4367,533.2427,506.6533,349.5817,15.3433,3292,1037.5,50,118.66666666666667,98.77,1996.333,-648.0,593.333,-481.0
1067,1670.3167,624.8688,494.2,843.045,-1.41,3705,1061.5,3,122.33333333333333,111.15,2230.0,-737.5,611.667,-545.0
1068,1350.8,472.864,404.9783,639.655,-1.41,2860,995.3,3,97.0,85.8,1751.333,-554.333,485.0,-417.0
1069,1404.68,510.1943,456.0333,543.285,-0.41,3039,963.8,3,98.33333333333333,91.18,1858.333,-590.5,491.667,-446.0
1070,1358.7667,488.3087,464.4267,583.115,0.09,2870,924.5,3,101.33333333333333,86.1,1745.333,-562.333,506.667,-417.0
1071,1502.2933,558.2459,454.4933,790.2033,-0.91,3086,893.5,3,112.66666666666667,91.46,1875.0,-586.833,563.333,-440.667
1072,1385.4467,462.6081,377.0683,733.1933,-1.41,3076,784.2,3,98.33333333333333,92.28,1862.333,-606.833,491.667,-454.0
1073,1712.6833,648.4083,538.4317,497.3833,0.16,3928,1245.0,5,117.0,117.85,2372.0,-778.167,585.0,-584.0
1074,1326.8733,477.1952,419.02,501.22,13.26,2968,925.7,59,95.66666666666667,89.04,1786.333,-590.833,478.333,-436.0
1075,1806.9367,367.3883,259.9317,638.0033,-1.41,3742,572.2,3,137.33333333333334,112.27,2279.0,-731.667,686.667,-539.333
1076,1739.72,389.6565,310.1217,623.2783,2.2867,3441,616.5,26,131.33333333333334,103.22,2129.0,-655.833,656.667,-493.333
1077,2209.5267,537.3741,487.9483,739.72,-1.41,4779,1126.7,3,160.33333333333334,143.36,2901.667,-938.5,801.667,-698.667
1078,1553.0133,416.4329,355.84,517.2383,-1.41,3306,707.2,3,109.0,99.18,2031.667,-637.167,545.0,-485.667
1079,1448.63,457.8639,442.61,630.0767,-1.41,3104,881.3,3,105.0,93.13,1890.0,-607.167,525.0,-452.333
1080,1289.1067,502.3264,534.74,589.6033,-0.91,2793,1150.5,3,96.0,77.94,1602.333,-497.833,480.0,-373.333
1081,1317.1167,474.5989,449.75,574.0417,3.0333,3172,971.5,7,96.0,93.45,1837.667,-638.667,480.0,-455.333
1082,1390.8033,362.2732,191.0067,480.6683,-1.41,3382,529.2,3,97.0,101.47,1999.667,-691.333,485.0,-504.0
1083,1054.5267,381.2975,354.2233,509.8267,-1.41,2345,734.7,3,73.33333333333333,70.36,1424.333,-460.5,366.667,-346.333
1084,1541.4833,416.3787,289.505,795.6983,-1.41,3572,572.5,3,105.33333333333333,107.15,2151.667,-710.0,526.667,-534.0
1085,1579.44,371.4024,277.8283,475.4667,-1.41,3097,612.7,3,116.66666666666667,87.44,1852.667,-531.0,583.333,-413.0
1086,2417.3867,454.3534,332.3267,585.6833,1.2567,5341,770.5,3,179.33333333333334,160.22,3209.0,-1065.833,896.667,-782.667
1087,2945.6967,513.9467,320.9283,525.415,-1.41,6818,681.2,3,207.0,204.53,4085.333,-1366.167,1035.0,-1013.0
1088,1284.3733,342.3014,269.91,367.5217,-1.41,2951,572.0,3,89.0,88.54,1777.667,-586.833,445.0,-440.0
1089,2021.8833,488.1091,388.4217,705.8933,3.91,4102,832.0,14,150.66666666666666,123.05,2526.0,-787.833,753.333,-592.667
1090,1691.6033,422.9843,394.0083,593.775,-1.41,3409,863.2,3,121.0,102.27,2123.0,-643.0,605.0,-495.667
1091,1640.69,416.6197,332.98,437.365,1.2567,3406,712.0,3,117.66666666666667,102.19,2098.0,-654.167,588.333,-493.667
1092,2199.51,423.4617,283.5817,895.8683,-1.41,4667,677.2,3,162.66666666666666,140.01,2840.667,-913.167,813.333,-681.333
1093,1969.4533,410.5629,325.0533,382.5267,6.2733,3987,733.7,28,145.66666666666666,119.62,2459.0,-764.167,728.333,-573.333
1094,1611.9633,522.4811,424.455,694.0367,-0.91,4438,900.8,3,105.66666666666667,133.13,2564.0,-936.833,528.333,-676.667
1095,1476.2933,359.4848,241.45,548.6733,-1.41,2982,558.5,3,107.33333333333333,89.46,1848.333,-566.833,536.667,-431.333
1096,1157.8733,348.6632,273.1517,457.1133,-1.41,3435,542.5,3,78.33333333333333,103.04,1940.333,-747.167,391.667,-530.0
1097,1312.5767,403.1171,324.2133,699.23,-1.41,2780,772.7,3,94.33333333333333,83.41,1702.0,-539.167,471.667,-405.333
1098,1610.75,414.9297,400.3083,450.5083,-1.41,3158,867.3,3,119.33333333333333,94.75,1967.0,-595.667,596.667,-452.0
1099,1789.8767,434.4236,319.8083,621.9867,-1.41,3740,764.7,3,132.0,112.21,2285.667,-727.333,660.0,-540.667
1100,1565.3867,573.4593,471.085,850.6367,7.4233,3207,965.5,36,109.0,96.22,1997.0,-605.167,545.0,-467.667
1101,2001.81,504.1647,468.3517,700.71,-0.91,4744,972.3,3,141.0,142.31,2822.667,-960.5,705.0,-707.667
1102,1835.6333,450.432,355.4567,410.8833,-0.41,4610,803.8,3,129.33333333333334,138.3,2698.0,-956.0,646.667,-691.333
1103,1164.2833,367.8437,313.7817,669.1917,-1.41,2982,678.8,3,75.0,89.45,1763.333,-609.167,375.0,-454.333
1104,1589.0067,431.7133,417.8517,606.07,-1.41,3778,906.7,3,109.33333333333333,113.34,2255.333,-761.333,546.667,-565.0
1105,1735.33,530.3185,438.0933,697.6667,-1.41,4394,933.2,3,114.66666666666667,131.83,2593.333,-900.5,573.333,-662.667
1106,1381.1067,425.8137,338.3517,383.6933,-1.41,3331,792.0,3,95.0,99.94,1982.333,-674.5,475.0,-501.667
1107,1980.6867,654.3589,438.5417,618.4533,-0.41,4917,1031.7,3,131.33333333333334,147.52,2919.0,-999.167,656.667,-743.333
1108,1120.0133,416.0223,332.335,424.9983,-0.41,2706,830.8,3,74.66666666666667,81.18,1617.0,-544.5,373.333,-407.0
1109,1640.8367,442.1217,342.7967,486.23,-1.41,4222,817.3,3,109.0,126.67,2481.333,-870.5,545.0,-641.667
1110,1684.19,430.3569,267.3733,636.3533,6.68,4256,594.2,39,113.66666666666667,127.69,2508.0,-874.167,568.333,-645.667
1111,1724.6067,461.8104,336.9133,804.77,-1.41,4198,741.3,3,115.66666666666667,125.94,2500.0,-849.0,578.333,-630.667
1112,1846.4233,528.6951,395.72,473.1083,0.59,4653,1027.0,3,123.33333333333333,139.59,2748.667,-952.167,616.667,-706.333
1113,1537.6567,481.0413,388.2017,501.035,7.68,3586,897.2,26,107.33333333333333,99.99,2037.667,-647.667,536.667,-489.0
1114,2184.0067,569.5597,453.8933,467.64,-0.41,5361,940.2,3,146.66666666666666,160.84,3185.667,-1087.833,733.333,-808.0
1115,1645.7033,514.1313,499.9683,629.685,-0.91,3862,1125.8,3,114.0,115.87,2313.333,-774.5,570.0,-579.0
1116,3017.52,570.3601,456.0533,639.645,-1.41,7534,1051.8,3,206.0,226.02,4446.333,-1543.833,1030.0,-1141.0
1117,1438.99,419.9317,316.47,555.1967,-1.41,3600,758.8,3,95.0,107.99,2134.333,-732.667,475.0,-545.667
1118,2329.6033,506.007,313.02,646.8417,3.4267,5459,792.5,9,163.66666666666666,163.77,3262.0,-1098.5,818.333,-816.0
1119,1512.0467,508.2599,480.9333,678.7583,-0.91,3813,1110.5,3,98.66666666666667,114.38,2260.667,-776.0,493.333,-580.333
1120,1570.9867,551.5096,463.8983,591.325,-0.41,4294,1022.3,3,101.33333333333333,128.82,2492.333,-900.833,506.667,-656.0
1121,2589.0633,661.0389,574.4817,845.465,6.1933,6224,1302.2,45,177.0,186.73,3711.667,-1256.333,885.0,-938.0
1122,1363.8,529.6943,445.3033,741.7233,1.7933,3193,1028.2,5,95.33333333333333,95.8,1909.333,-642.0,476.667,-476.0
1123,2050.4167,542.8351,422.3683,625.175,-0.91,4542,962.8,3,140.66666666666666,136.25,2768.667,-886.5,703.333,-671.333
1124,1704.27,518.1905,437.2217,563.7217,-1.41,3876,993.5,3,117.33333333333333,116.27,2342.333,-766.667,586.667,-574.333
1125,1628.8167,550.5153,460.105,612.4417,-1.41,3872,1142.5,3,113.33333333333333,116.15,2308.333,-781.667,566.667,-580.667
1126,1864.0433,699.3969,613.4017,842.0533,32.3,4624,1463.3,93,132.33333333333334,138.71,2715.0,-954.333,661.667,-697.0
1127,1905.2467,505.9292,323.395,738.86,-1.41,4603,785.7,3,139.33333333333334,138.08,2705.0,-948.833,696.667,-685.667
1128,1912.1033,565.1187,491.015,793.965,16.4267,4676,1167.2,92,130.66666666666666,140.27,2772.667,-951.5,653.333,-702.667
1129,1165.3233,431.7437,409.1417,729.9917,12.1133,2700,938.8,93,83.33333333333333,80.99,1613.0,-543.333,416.667,-402.0
1130,2043.1533,454.3557,372.7733,652.1233,-1.41,4811,835.8,3,143.66666666666666,144.32,2869.667,-970.5,718.333,-718.667
1131,1903.0867,549.9458,406.17,628.3983,-1.8867,4506,899.5,3,129.33333333333334,133.42,2671.333,-888.0,646.667,-660.333
1132,1675.2567,548.1288,426.1333,794.5633,-0.1367,4136,944.2,11,113.33333333333333,124.09,2451.333,-842.5,566.667,-624.333
1133,1952.6867,520.7866,412.3983,541.7933,5.47,4551,901.7,16,140.0,136.52,2711.667,-919.5,700.0,-676.0
1134,2406.9433,565.2855,442.52,856.3433,-0.6933,5387,969.3,5,169.33333333333334,161.61,3260.333,-1063.333,846.667,-798.333
1135,1556.17,510.9577,421.4,547.495,-1.41,3276,887.5,3,109.66666666666667,98.17,2016.333,-628.0,548.333,-478.667
1136,2159.34,483.9251,362.4117,570.475,-0.91,5078,883.8,3,148.66666666666666,152.34,3040.667,-1018.667,743.333,-758.333
1137,1691.91,508.8707,434.3067,689.8783,-1.41,3714,1027.0,3,118.66666666666667,111.41,2261.333,-726.167,593.333,-548.0
1138,1486.1667,458.5335,462.1667,579.2317,-1.41,3200,1029.8,3,107.0,96.0,1950.333,-624.833,535.0,-470.333
1139,1957.83,588.9537,507.6917,975.1767,-1.41,4878,1147.0,3,134.33333333333334,146.33,2875.333,-1001.167,671.667,-734.333
1140,2558.5933,509.5401,358.1033,836.6267,-0.91,5742,812.5,3,184.66666666666666,172.26,3452.0,-1145.0,923.333,-844.0
1141,1282.1667,377.0291,333.72,449.25,3.7467,3167,763.2,8,88.0,95.0,1869.667,-648.5,440.0,-474.0
1142,1730.04,578.3613,501.3533,873.1667,5.89,3701,1228.8,13,123.33333333333333,111.04,2262.667,-719.333,616.667,-541.0
1143,1812.1067,614.676,531.9383,681.7817,10.6967,4765,1106.2,33,115.66666666666667,142.94,2799.667,-982.5,578.333,-726.333
1144,1810.08,469.5374,387.5717,597.5033,11.8,4669,828.2,27,119.33333333333333,140.08,2744.667,-962.333,596.667,-709.0
1145,1912.1433,549.6112,469.28,885.38,-1.41,4727,1008.0,3,133.66666666666666,141.81,2785.0,-971.0,668.333,-712.0
1146,1759.8533,571.5895,568.0367,861.56,-1.41,4467,1266.0,3,119.33333333333333,134.02,2625.667,-920.833,596.667,-675.667
1147,2694.4867,437.5878,330.295,906.3467,-1.41,6694,785.7,3,179.66666666666666,200.82,3968.0,-1363.0,898.333,-1009.667
1148,2087.01,421.2538,133.5217,654.6467,-1.41,4984,315.8,3,142.0,149.51,2980.0,-1001.833,710.0,-750.667
1149,2031.2633,500.7147,425.7367,883.0633,-0.91,4564,994.0,3,145.66666666666666,136.93,2747.0,-908.667,728.333,-672.333
1150,1741.54,590.8419,576.6483,916.06,-0.41,3485,1260.8,3,128.66666666666666,104.54,2158.0,-663.333,643.333,-501.0
1151,1718.0433,567.1699,429.84,885.7183,9.6533,4057,973.3,11,114.66666666666667,121.71,2439.0,-809.0,573.333,-607.0
1152,2187.2067,602.0269,371.4017,761.65,-1.41,4685,824.5,3,157.33333333333334,140.54,2855.333,-914.667,786.667,-680.667
1153,1595.3167,491.6971,449.98,449.98,0.59,3938,1074.3,3,111.33333333333333,118.15,2319.333,-809.5,556.667,-589.333
1154,1657.2967,600.1375,532.095,411.4283,26.74,4171,1230.7,58,108.66666666666667,125.13,2470.667,-850.167,543.333,-631.667
1155,2745.29,712.8823,655.1233,566.1667,-0.41,6010,1564.5,3,195.33333333333334,180.29,3650.333,-1179.667,976.667,-882.333
1156,2017.6033,531.4833,433.3667,602.9883,-1.41,4576,1060.0,3,142.0,137.27,2759.0,-908.333,710.0,-680.333
1157,1816.83,526.9174,415.61,475.0783,-1.41,3994,928.2,3,129.0,119.83,2422.333,-786.0,645.0,-584.333
1158,2964.4567,510.7924,429.4533,625.0833,-1.41,6876,940.5,3,208.33333333333334,206.29,4118.0,-1379.167,1041.667,-1022.333
1159,1815.2467,600.2746,593.4517,693.87,0.26,4400,1282.2,9,130.66666666666666,122.58,2456.667,-814.667,653.333,-602.667
1160,2995.97,515.7961,405.7933,555.0883,-1.6933,7466,901.5,3,200.0,223.97,4421.667,-1522.0,1000.0,-1127.667
1161,1716.2433,696.2297,683.4017,879.7917,6.7633,4097,1630.2,31,120.0,122.91,2438.333,-829.333,600.0,-615.667
1162,2408.1933,491.5449,330.355,561.3867,9.4133,5945,909.2,53,164.0,178.36,3519.0,-1213.167,820.0,-896.0
1163,2440.5333,545.8058,434.175,952.0633,11.5067,5757,989.8,44,170.0,172.7,3439.0,-1158.833,850.0,-862.333
1164,1958.82,483.7893,290.5367,706.6617,-0.91,4844,637.0,3,133.0,145.32,2867.667,-988.167,665.0,-731.0
1165,1569.3133,484.6348,430.625,692.4933,-0.41,3933,1011.5,3,103.0,117.98,2334.667,-799.0,515.0,-599.333
1166,1607.7333,555.7233,443.65,744.0517,43.0067,3963,963.8,161,106.66666666666667,118.9,2355.667,-803.833,533.333,-596.333
1167,1798.0833,549.1907,486.7833,649.67,-1.6933,4242,1135.3,5,127.66666666666667,127.25,2520.0,-860.833,638.333,-626.667
1168,1561.1267,455.9763,341.065,556.1183,-0.41,3665,769.2,3,109.0,109.96,2188.333,-738.5,545.0,-543.667
1169,1592.81,465.7818,378.9483,1047.2733,-1.41,3819,900.7,3,110.66666666666667,110.31,2210.0,-733.5,553.333,-547.333
1170,1969.32,395.6672,334.925,613.545,-1.41,4911,742.0,3,134.0,147.32,2897.333,-1006.667,670.0,-738.667
1171,2345.4667,464.8815,355.1517,874.2267,-0.41,5843,814.8,3,157.0,175.3,3459.667,-1191.833,785.0,-882.667
1172,1692.37,552.5633,466.46,653.1467,11.3467,4146,1231.2,58,124.66666666666667,124.37,2423.667,-861.0,623.333,-618.0
1173,2084.29,529.2871,436.1817,686.3533,-0.91,5093,1197.8,3,138.66666666666666,152.79,3034.667,-1029.167,693.333,-767.333
1174,2545.49,600.7619,439.09,801.7017,-0.91,6050,1068.3,3,172.33333333333334,181.49,3624.333,-1212.667,861.667,-909.333
1175,2559.4467,629.9885,453.1217,1053.4533,-0.91,6076,1023.5,3,182.0,182.28,3608.333,-1233.833,910.0,-907.333
1176,2766.93,701.3239,508.065,1347.1583,-0.41,6231,1066.7,3,204.0,186.93,3728.333,-1251.333,1020.0,-917.0
1177,2106.1733,655.3877,559.6833,709.0817,-1.4033,5045,1247.7,14,146.33333333333334,151.34,3002.333,-1021.167,731.667,-758.0
1178,2297.3633,681.5967,621.3433,661.7683,-0.6933,5584,1496.0,5,153.66666666666666,167.53,3326.667,-1128.833,768.333,-836.333
1179,2557.7667,556.1797,521.4083,758.6933,-2.6633,5753,1140.7,3,178.33333333333334,172.6,3478.333,-1137.5,891.667,-847.333
1180,1999.46,659.1199,527.345,1171.2,-1.41,4465,1225.0,3,139.66666666666666,133.96,2707.667,-878.833,698.333,-661.667
1181,1980.4667,354.7813,186.5817,494.1033,-2.2367,4477,525.0,3,143.66666666666666,134.3,2685.0,-895.833,718.333,-661.333
1182,1826.51,618.8852,525.2083,1011.1517,-1.41,4601,1252.8,3,127.0,133.51,2633.0,-908.667,635.0,-666.333
1183,2107.3533,582.4811,496.5517,666.68,-1.2067,5201,1138.7,15,145.66666666666666,156.02,3070.667,-1065.0,728.333,-782.667
1184,2150.5033,583.284,508.8433,641.1917,15.8267,4617,1179.2,62,155.0,137.17,2797.0,-887.667,775.0,-671.0
1185,1679.71,475.346,311.145,657.9767,-1.41,4090,781.2,3,116.0,122.71,2425.0,-832.667,580.0,-615.333
1186,2450.6267,697.1114,603.0817,703.5017,-2.3867,6315,1373.3,3,162.0,189.46,3713.0,-1301.167,810.0,-960.667
1187,2485.5,631.2584,507.42,632.6867,8.7833,6400,1171.7,32,168.66666666666666,192.0,3749.0,-1325.5,843.333,-973.333
1188,2883.3833,532.1555,357.5283,513.3367,17.1267,6618,859.5,65,207.0,198.55,3957.333,-1330.5,1035.0,-977.0
1189,1906.3933,499.1233,343.5167,812.745,-0.91,4619,733.0,3,133.0,138.56,2733.667,-942.5,665.0,-688.333
1190,2164.3433,623.3055,525.9383,943.56,2.4733,5034,1284.5,21,154.66666666666666,151.01,3003.0,-1015.333,773.333,-747.667
1191,1467.0833,624.1857,595.3217,651.1083,2.4267,3487,1524.5,25,108.0,101.25,2007.333,-683.833,540.0,-497.667
1192,2545.52,733.7618,588.1567,1176.0617,-1.41,6534,1292.0,3,171.33333333333334,196.02,3833.667,-1350.167,856.667,-990.667
1193,2242.4967,632.0633,502.935,667.0983,-1.41,5611,1055.7,3,148.33333333333334,168.33,3323.333,-1143.833,741.667,-847.0
1194,1839.2033,692.3659,588.0717,760.3383,13.9333,4696,1478.3,44,120.66666666666667,140.87,2770.333,-962.667,603.333,-712.667
1195,2205.2833,579.4555,408.675,904.0617,2.0833,5515,905.8,20,146.33333333333334,165.45,3264.667,-1125.167,731.667,-831.333
1196,1779.37,560.8082,415.5567,1012.9183,1.2567,4312,1073.8,3,124.33333333333333,129.37,2554.333,-879.0,621.667,-647.0
1197,1880.5433,518.4783,384.255,700.9783,-0.91,4607,845.5,3,128.66666666666666,138.21,2729.667,-938.667,643.333,-692.0
1198,2453.56,564.0821,404.575,665.835,40.3633,5902,899.8,68,167.66666666666666,177.06,3517.0,-1192.5,838.333,-886.333
1199,1740.7433,659.7467,600.99,709.9533,-1.41,4297,1441.8,3,122.0,128.91,2529.333,-883.833,610.0,-643.667
1200,1631.7167,611.6824,521.14,868.5383,10.8233,3868,1304.3,62,113.33333333333333,116.05,2307.0,-780.667,566.667,-577.333
1201,2699.0467,564.3645,435.7417,1117.6833,2.41,6396,985.8,14,189.33333333333334,191.88,3813.0,-1291.5,946.667,-961.0
1202,2281.29,577.4807,472.825,812.11,-1.41,5510,1117.2,3,161.66666666666666,165.29,3258.333,-1125.667,808.333,-825.0
1203,1652.6433,537.8638,438.08,840.185,-0.41,3994,1046.5,3,108.33333333333333,119.81,2391.333,-801.167,541.667,-599.0
1204,1644.5033,601.2473,609.9583,895.3483,-0.6933,4289,1320.0,3,105.66666666666667,128.67,2522.667,-883.167,528.333,-652.0
1205,2262.4033,603.2686,454.4317,706.5983,4.1,5419,1057.2,20,158.0,162.57,3216.0,-1101.5,790.0,-804.667
1206,1806.8433,495.6857,384.525,548.6,-0.91,4000,907.2,3,130.0,120.01,2416.0,-792.167,650.0,-587.0
1207,1862.0733,571.3352,480.6183,598.67,-1.41,4575,1105.3,3,129.0,137.24,2704.333,-935.167,645.0,-689.333
1208,2156.42,604.4508,425.6,604.2983,-1.41,5368,1039.8,3,158.66666666666666,148.42,2944.667,-1001.333,793.333,-728.667
1209,1950.8967,578.3459,508.8383,731.2867,-1.41,4641,1144.3,3,130.33333333333334,139.23,2783.667,-928.667,651.667,-695.0
1210,2284.8733,575.6595,490.5083,832.59,-0.41,5501,1215.2,3,154.66666666666666,165.04,3281.667,-1109.833,773.333,-825.333
1211,1694.9267,553.5695,498.77,646.82,-1.41,3859,1198.7,3,127.33333333333333,115.76,2293.0,-782.833,636.667,-567.667
1212,2084.6767,563.7473,421.2417,439.0083,-1.41,5000,996.5,3,147.33333333333334,150.01,2964.333,-1018.0,736.667,-748.333
1213,1600.2533,565.5072,514.8033,674.4517,-1.41,4064,1262.5,3,116.0,121.92,2358.0,-853.0,580.0,-606.667
1214,1250.25,495.0508,413.4967,981.56,-0.91,2972,985.0,3,87.33333333333333,86.75,1736.0,-577.833,436.667,-431.333
1215,3228.25,526.9955,364.4583,908.225,-0.91,7808,855.5,3,224.0,234.25,4631.667,-1588.333,1120.0,-1169.333
1216,1779.1933,654.6086,594.3817,623.6867,-0.41,4229,1306.2,3,119.33333333333333,126.86,2536.0,-846.333,596.667,-634.0
1217,2074.66,667.9664,522.6817,522.6817,40.41,5039,1261.5,64,146.66666666666666,151.16,2975.0,-1031.833,733.333,-753.0
1218,1890.36,603.58,404.3967,431.49,-1.41,4662,1005.5,3,132.33333333333334,139.86,2746.333,-957.833,661.667,-699.667
1219,1854.96,575.4262,475.13,1031.2633,0.7567,4425,1039.8,3,134.0,128.96,2562.0,-868.333,670.0,-637.667
1220,1665.1267,532.9567,490.525,581.3933,-1.41,4099,1166.0,3,117.66666666666667,122.96,2413.0,-842.833,588.333,-616.333
1221,2436.2567,648.5625,618.6733,895.9433,-0.41,6036,1498.3,3,173.33333333333334,181.09,3539.333,-1248.5,866.667,-902.333
1222,2132.8333,572.5702,380.26,810.1517,1.7567,5183,892.0,3,141.66666666666666,155.5,3094.0,-1044.667,708.333,-780.333
1223,2059.53,569.9861,491.2917,672.6567,-1.9767,5126,1198.2,6,140.66666666666666,153.03,3013.333,-1043.833,703.333,-766.333
1224,1658.9667,547.6853,396.41,716.0867,1.2567,4027,938.7,3,115.0,120.8,2389.0,-818.833,575.0,-607.0
1225,2013.33,805.3687,724.2083,623.2183,-2.4767,4656,1665.3,6,146.0,139.33,2769.667,-937.333,730.0,-688.333
1226,1839.59,572.3285,477.0817,924.1317,-0.91,4603,1137.5,3,123.66666666666667,138.09,2721.333,-940.833,618.333,-697.333
1227,3162.9433,514.0093,337.675,697.9467,-1.41,7737,722.3,3,218.66666666666666,232.11,4580.0,-1578.5,1093.333,-1164.0
1228,1377.4833,473.6115,493.495,824.3633,-1.41,3388,1155.0,3,91.66666666666667,101.65,2014.0,-687.167,458.333,-509.333
1229,2316.2367,549.4557,396.96,586.0233,-0.91,6002,924.7,3,146.66666666666666,180.07,3546.667,-1227.833,733.333,-916.0
1230,2180.16,740.9481,636.7183,687.2867,7.68,5498,1561.7,23,147.33333333333334,163.16,3214.0,-1112.333,736.667,-821.333
1231,2090.7867,758.7937,667.5267,948.6083,11.6033,4924,1664.7,26,141.0,146.62,2939.0,-974.167,705.0,-725.667
1232,2328.68,638.1346,495.2817,934.4817,7.1967,5489,1189.3,18,163.66666666666666,164.68,3274.667,-1107.333,818.333,-821.667
1233,1880.0267,663.4595,645.275,506.255,-0.91,4462,1515.2,3,124.66666666666667,133.86,2684.333,-888.833,623.333,-672.667
1234,2020.9,584.2893,507.1433,733.0,0.09,4680,1318.7,3,141.33333333333334,140.4,2805.667,-937.167,706.667,-694.667
1235,1384.7633,406.5305,291.4633,348.2567,-1.41,3664,606.8,3,91.0,109.93,2138.667,-762.833,455.0,-556.0
1236,2247.8433,720.2657,541.39,1187.1733,-0.91,5484,1291.5,3,150.66666666666666,164.51,3265.0,-1109.333,753.333,-825.667
1237,1687.7967,726.5621,742.13,887.2517,10.0133,4138,1718.2,56,115.33333333333333,124.13,2453.667,-842.0,576.667,-624.667
1238,2304.2833,724.6634,640.105,1251.4,-1.41,5498,1543.5,3,167.33333333333334,164.95,3248.333,-1125.0,836.667,-820.667
1239,1386.61,558.3397,523.6067,636.395,-1.41,3254,1303.0,3,99.66666666666667,97.61,1933.0,-660.333,498.333,-482.0
1240,1535.6967,425.1976,269.1533,850.5917,-1.41,3523,610.7,3,111.66666666666667,104.03,2080.333,-693.667,558.333,-513.333
1241,1518.99,371.3178,228.7783,775.925,-1.41,3500,531.5,3,104.33333333333333,104.99,2110.333,-694.667,521.667,-523.333
1242,2278.77,471.1503,237.4617,1065.04,2.68,5342,530.5,6,155.66666666666666,160.27,3207.333,-1067.5,778.333,-799.667
1243,2347.6667,729.0563,626.645,669.0267,5.6,5867,1439.8,53,156.66666666666666,176.0,3470.667,-1198.0,783.333,-884.333
1244,1741.3633,479.1227,311.7717,555.5233,-1.41,4318,727.5,3,117.0,129.53,2558.667,-879.5,585.0,-652.333
1245,1576.7333,563.7849,528.8083,705.4133,-1.41,3880,1271.0,3,108.66666666666667,116.4,2292.667,-793.667,543.333,-582.0
1246,3003.0367,607.923,473.1283,596.7033,-1.41,7446,1071.3,3,203.33333333333334,223.37,4405.667,-1520.0,1016.667,-1122.667
1247,1635.65,568.9063,494.5917,778.005,-0.41,4038,1191.0,3,109.66666666666667,121.15,2398.0,-820.167,548.333,-611.667
1248,1690.5667,597.5989,515.4517,536.41,-1.41,4097,1232.5,3,112.66666666666667,122.9,2445.333,-825.667,563.333,-615.333
1249,1540.56,624.7821,567.12,635.495,-1.41,3752,1383.7,3,100.0,112.56,2246.667,-752.667,500.0,-566.0
1250,1866.92,560.9589,434.81,948.555,-0.91,4597,1089.3,3,125.0,137.92,2730.667,-933.333,625.0,-693.333
1251,1585.79,597.1401,517.3883,883.1783,-0.91,4126,1154.8,3,106.66666666666667,123.79,2413.0,-856.667,533.333,-627.667
1252,2003.2333,672.1037,562.91,540.7633,-1.41,4930,1360.5,3,138.66666666666666,147.9,2912.667,-1008.667,693.333,-742.0
1253,2589.6933,681.4938,597.965,585.3583,-1.41,5829,1554.3,3,186.33333333333334,174.86,3505.0,-1161.833,931.667,-860.0
1254,2400.5933,592.7931,559.2783,724.5217,17.2,5625,1270.7,73,167.66666666666666,168.76,3365.0,-1130.167,838.333,-841.333
1255,2418.94,767.1629,613.3117,1221.5183,-1.41,5765,1516.3,3,173.33333333333334,172.94,3414.667,-1175.0,866.667,-860.333
1256,2028.77,565.9299,465.6217,692.6483,-1.41,4526,1099.3,3,139.0,135.77,2751.0,-887.333,695.0,-665.667
1257,2072.67,661.45,527.7383,1418.9583,-1.41,4889,1192.8,3,143.0,146.67,2925.667,-981.667,715.0,-733.0
1258,1872.36,636.5914,652.1483,990.2433,-1.41,4712,1440.2,3,128.66666666666666,141.36,2772.667,-969.667,643.333,-715.333
1259,2000.9633,652.2638,644.05,676.3417,19.2633,4504,1510.0,130,143.66666666666666,135.13,2710.0,-897.167,718.333,-665.333
1260,2650.7033,659.9929,566.9233,925.815,-1.41,5862,1340.5,3,181.66666666666666,175.87,3574.667,-1143.833,908.333,-864.333
1261,2602.0833,600.2994,474.0467,623.7183,-6.48,6075,1169.0,3,179.66666666666666,182.25,3645.333,-1214.833,898.333,-909.0
1262,2534.5767,449.4495,291.4317,552.4967,-1.41,6397,633.8,3,166.33333333333334,191.91,3785.667,-1305.667,831.667,-969.0
1263,2078.02,634.586,537.6983,804.7017,10.1167,5082,1238.8,32,146.33333333333334,152.02,2990.667,-1038.333,731.667,-758.0
1264,2938.9367,708.6249,650.0267,957.22,1.7567,6392,1490.0,3,208.0,191.77,3892.667,-1249.833,1040.0,-935.667
1265,2418.9267,657.2977,530.99,1035.3433,-0.91,5409,1164.8,3,164.0,162.26,3294.667,-1057.0,820.0,-801.0
1266,2875.7933,696.5328,572.26,670.945,-1.41,6265,1207.2,3,208.33333333333334,187.96,3795.0,-1235.167,1041.667,-913.667
1267,2942.2033,611.4022,534.0183,640.23,-1.41,6462,1245.8,3,209.33333333333334,193.87,3920.333,-1271.0,1046.667,-947.667
1268,2378.14,720.3703,679.4683,744.8917,-0.6933,5171,1624.7,3,168.33333333333334,155.14,3149.333,-1011.0,841.667,-757.0
1269,2253.9233,490.7132,264.41,958.4883,-1.41,5020,625.5,3,161.0,150.59,3029.667,-995.0,805.0,-736.333
1270,1442.9333,403.4669,293.7017,587.3967,-0.91,3387,691.0,3,103.0,101.6,2016.0,-685.333,515.0,-504.333
1271,2179.8133,489.8417,345.4767,928.025,-1.41,5083,955.5,3,152.66666666666666,152.48,3041.333,-1020.667,763.333,-756.667
1272,2261.6133,631.644,437.4683,903.5933,-1.41,5826,1062.3,3,147.33333333333334,174.78,3433.0,-1196.5,736.667,-886.333
1273,1614.2967,512.8793,535.815,686.6417,-1.41,3871,1286.3,3,108.0,116.13,2316.0,-777.5,540.0,-580.333
1274,1777.86,574.2282,501.33,882.2667,-0.41,4088,1179.3,3,124.66666666666667,120.36,2423.0,-794.5,623.333,-594.333
1275,1907.2933,495.1225,417.0717,561.7517,-1.41,4699,1038.0,3,129.0,140.96,2783.333,-957.667,645.0,-704.333
1276,1838.0733,626.7002,456.79,484.2067,-0.41,4494,1076.3,3,133.33333333333334,129.74,2565.333,-879.667,666.667,-644.0
1277,3083.5767,714.0264,694.6217,1040.6183,3.8333,7514,1629.8,19,221.66666666666666,225.41,4422.0,-1545.833,1108.333,-1126.333
1278,3058.2567,633.8808,413.05,818.235,-1.1433,7570,1008.7,23,213.66666666666666,227.09,4459.333,-1555.167,1068.333,-1141.333
1279,1743.45,633.7085,501.685,687.77,-1.41,3915,1277.0,3,123.66666666666667,117.45,2364.333,-775.333,618.333,-581.333
1280,1604.46,533.0544,423.7367,965.5133,-1.41,3728,1060.0,3,116.0,106.46,2144.0,-702.333,580.0,-523.667
1281,1964.55,506.4188,374.3533,866.3633,-1.41,4835,785.2,3,130.0,145.05,2877.333,-978.833,650.0,-729.0
1282,2400.1833,551.174,355.34,762.2617,11.25,5495,860.5,33,164.66666666666666,164.85,3317.0,-1089.0,823.333,-816.0
1283,2475.8033,473.214,265.2117,475.0517,-1.41,6016,601.5,3,163.33333333333334,180.47,3597.0,-1209.333,816.667,-909.0
1284,1680.7433,650.9311,582.6733,674.745,2.84,4280,1331.8,17,116.33333333333333,128.41,2505.0,-887.667,581.667,-646.667
1285,2417.9033,668.0495,479.5,665.4383,-1.41,5969,1202.5,3,168.0,179.07,3520.0,-1224.5,840.0,-896.667
1286,2491.1,457.5862,315.3983,600.2683,-1.41,6320,709.7,3,165.0,189.6,3731.667,-1294.167,825.0,-961.0
1287,2145.2367,490.6201,373.45,468.375,-0.41,5202,920.7,3,149.33333333333334,156.07,3082.0,-1060.167,746.667,-779.333
1288,2098.2633,588.9614,430.99,984.6983,-1.41,4998,1029.5,3,146.33333333333334,149.93,2977.0,-1010.333,731.667,-750.0
1289,2082.7033,678.4579,565.5217,798.7117,-0.9933,4896,1403.5,6,139.33333333333334,146.87,2946.0,-974.833,696.667,-732.0
1290,1901.4133,637.6879,510.4117,646.0183,-1.41,4286,1194.0,3,130.0,128.58,2601.0,-842.5,650.0,-635.667
1291,1596.22,477.8256,422.6733,748.4183,-0.91,3541,1007.2,3,116.33333333333333,106.22,2132.0,-704.333,581.667,-519.333
1292,1986.21,651.0422,603.1117,890.7033,-1.41,4757,1439.8,3,141.66666666666666,142.71,2816.0,-970.5,708.333,-710.333
1293,2042.5567,700.859,615.9233,880.295,-1.98,4793,1379.3,3,138.33333333333334,140.89,2838.333,-929.0,691.667,-699.333
1294,1965.0867,588.9743,524.7617,591.7683,-1.41,5181,1261.5,3,132.33333333333334,155.42,3017.333,-1081.667,661.667,-787.667
1295,2231.01,602.8568,471.29,576.5067,-0.41,5717,1134.7,20,148.66666666666666,171.51,3360.0,-1178.5,743.333,-865.333
1296,3699.9867,512.1243,309.0017,754.5367,-1.41,9194,720.5,3,247.33333333333334,275.82,5451.0,-1871.5,1236.667,-1392.0
1297,2332.7033,623.5913,509.4783,819.4217,-0.91,5312,1223.5,3,162.33333333333334,159.37,3207.0,-1052.667,811.667,-792.667
1298,1515.78,543.9407,481.95,725.2183,6.0,3709,1148.3,27,104.0,111.28,2197.0,-756.167,520.0,-556.333
1299,2079.9433,672.4546,536.135,925.6217,-1.41,4870,1211.3,3,151.66666666666666,146.11,2888.0,-991.167,758.333,-721.333
1300,1617.2667,487.3745,357.1383,595.0933,-1.9767,3563,873.0,3,112.66666666666667,106.1,2157.667,-689.5,563.333,-520.333
1301,1717.7433,576.8969,503.0983,670.3717,-1.41,3914,1179.3,3,118.33333333333333,117.41,2366.333,-773.667,591.667,-584.0
1302,1765.8833,561.6783,398.0183,491.8267,-1.41,4235,921.8,3,123.0,127.05,2519.333,-857.833,615.0,-637.667
1303,2452.5,683.1803,602.7983,690.9967,-1.41,5917,1440.7,3,164.0,177.5,3536.667,-1190.0,820.0,-891.667
1304,1881.6967,662.0839,651.2183,662.7233,-1.41,4701,1418.2,3,122.0,141.03,2795.667,-952.667,610.0,-712.333
1305,2693.1867,617.3799,539.9017,620.0717,-0.91,6734,1190.3,3,177.33333333333334,202.02,3993.667,-1370.167,886.667,-1019.0
1306,1767.72,546.9113,425.9033,607.77,-1.41,4277,1033.8,3,125.66666666666667,125.22,2481.0,-846.5,628.333,-620.333
1307,2935.9767,612.0763,452.4867,579.7767,0.09,6977,1050.8,3,208.66666666666666,209.31,4141.667,-1417.667,1043.333,-1040.667
1308,2335.0967,544.0711,424.4867,821.02,-1.41,5798,1050.0,3,152.33333333333334,173.93,3450.667,-1173.5,761.667,-877.667
1309,1905.49,630.7573,595.8683,669.095,-1.41,4322,1378.3,3,135.33333333333334,121.99,2493.333,-786.5,676.667,-600.0
1310,1729.1267,635.1283,560.47,790.31,-1.41,4249,1332.8,3,118.33333333333333,127.46,2515.333,-866.667,591.667,-638.667
1311,1533.4333,597.0717,466.9133,677.29,-1.41,3670,1130.8,3,108.66666666666667,110.1,2174.0,-748.0,543.333,-546.0
1312,2350.8633,650.0511,521.54,805.2383,-1.41,5668,1234.7,3,166.66666666666666,170.03,3354.0,-1156.833,833.333,-849.667
1313,1987.4867,595.5179,490.2617,761.31,-0.91,4877,1138.8,3,131.66666666666666,146.32,2903.0,-987.167,658.333,-733.0
1314,1795.5633,516.5573,462.4567,586.5283,-1.41,4358,1070.8,3,128.66666666666666,130.73,2568.0,-894.833,643.333,-651.667
1315,2111.9833,627.0493,524.475,938.0367,-1.41,4955,1223.5,3,138.66666666666666,148.65,2994.333,-980.333,693.333,-744.0
1316,2032.3067,594.3307,482.8167,781.0783,0.3167,4721,1029.7,5,140.33333333333334,141.64,2834.0,-943.667,701.667,-701.333
1317,2426.7533,655.2231,593.1467,865.8333,-1.41,6331,1459.5,3,159.66666666666666,189.92,3712.333,-1309.167,798.333,-964.667
1318,1459.31,657.5138,690.265,757.8767,-1.41,3377,1623.5,3,102.0,101.31,2024.333,-676.333,510.0,-500.0
1319,2839.42,653.8773,472.53,474.23,-1.41,6897,1054.7,3,194.0,206.92,4101.0,-1398.167,970.0,-1040.333
1320,1452.86,438.4455,384.4583,467.67,-1.41,3495,829.2,3,94.0,104.86,2102.0,-696.667,470.0,-527.333
1321,1905.55,561.1787,398.1067,565.8767,-0.41,4468,924.8,3,130.33333333333334,134.05,2681.333,-893.5,651.667,-668.0
1322,1949.6633,627.5762,599.2383,854.215,-1.41,4528,1398.8,3,139.66666666666666,135.83,2704.0,-911.833,698.333,-676.667
1323,2185.72,638.9425,466.4933,869.8317,-1.15,5324,1042.0,12,149.66666666666666,159.72,3159.333,-1082.333,748.333,-799.333
1324,2590.0867,631.1684,554.025,807.855,-0.41,6197,1332.3,3,180.66666666666666,185.92,3687.667,-1254.833,903.333,-932.0
1325,1909.1133,442.0067,359.505,632.3167,-1.9567,4443,922.7,3,131.33333333333334,133.28,2669.667,-886.5,656.667,-664.0
1326,1726.29,415.832,250.63,749.3233,-1.41,4460,659.5,3,116.33333333333333,133.79,2612.667,-923.5,581.667,-678.333
1327,2074.37,417.8243,303.91,689.3617,-1.41,4979,710.2,3,135.66666666666666,149.37,2992.333,-993.333,678.333,-752.333
1328,2449.5667,570.8437,432.5033,574.175,-0.41,5797,935.0,3,171.66666666666666,173.9,3454.0,-1171.333,858.333,-865.333
1329,1498.6467,413.7433,289.4333,772.5233,-1.41,3649,716.5,3,104.66666666666667,109.48,2159.0,-745.167,523.333,-548.0
1330,2627.4767,624.5712,406.5033,1129.1033,-1.41,6977,928.0,3,171.0,209.31,4076.667,-1450.167,855.0,-1063.333
1331,1562.5633,481.5485,378.4417,859.1933,0.09,3604,838.3,3,112.66666666666667,99.73,2033.333,-645.5,563.333,-488.333
1332,2405.3467,752.4201,827.6083,908.12,-1.41,5223,1796.3,3,172.66666666666666,156.68,3174.667,-1024.0,863.333,-765.333
1333,2271.8767,622.6639,548.3283,832.5917,-1.41,4940,1213.8,3,161.66666666666666,148.21,3005.0,-967.667,808.333,-722.0
1334,2028.8267,605.1941,620.9983,551.4067,-1.41,4655,1319.8,3,146.66666666666666,139.66,2777.667,-938.833,733.333,-683.0
1335,1637.8,558.2319,465.4917,799.4967,-1.41,3843,1037.0,3,112.66666666666667,115.3,2302.333,-770.5,563.333,-572.667
1336,2182.19,712.3692,592.8183,933.53,8.1933,5390,1351.0,29,155.33333333333334,161.69,3166.667,-1111.5,776.667,-811.333
1337,1734.3167,637.7149,593.1367,803.2067,-1.41,4322,1345.0,3,116.66666666666667,129.65,2557.0,-882.333,583.333,-653.333
1338,2109.7533,593.1402,443.5633,741.04,-1.98,5231,1107.7,3,144.33333333333334,156.92,3091.0,-1069.833,721.667,-790.0
1339,2233.54,699.861,711.155,846.7867,3.7567,5368,1509.0,70,151.66666666666666,161.04,3203.0,-1082.5,758.333,-806.333
1340,1816.5467,608.7119,532.4167,687.255,-1.41,4413,1366.7,3,126.66666666666667,132.38,2613.0,-899.833,633.333,-662.333
1341,2070.3167,509.5091,411.6517,498.2433,4.31,5088,930.7,27,141.66666666666666,152.65,3013.667,-1037.333,708.333,-767.0
1342,2087.2233,535.6756,383.7,568.355,16.53,5080,873.2,34,139.66666666666666,152.39,3029.333,-1025.167,698.333,-767.667
1343,2135.41,535.6237,442.3833,713.9767,-0.91,4780,1096.7,3,149.0,143.41,2893.667,-943.333,745.0,-703.333
1344,1978.13,619.5005,518.0783,819.2367,-0.91,4571,1178.3,3,139.0,137.13,2739.0,-916.0,695.0,-677.0
1345,2862.2933,701.7638,594.5633,1056.2217,-1.41,6565,1423.7,3,204.66666666666666,196.96,3930.667,-1317.333,1023.333,-971.333
1346,2428.5467,605.9662,563.365,624.5,-1.41,5546,1164.0,3,173.66666666666666,166.38,3327.0,-1109.5,868.333,-823.667
1347,1520.3567,557.117,552.7933,766.3567,-0.91,3370,1208.0,3,109.66666666666667,99.19,2006.667,-649.833,548.333,-484.0
1348,1702.94,532.2708,418.315,731.705,-1.41,3765,942.3,3,123.0,112.94,2272.0,-746.333,615.0,-550.667
1349,1655.4133,483.3781,418.385,721.3183,-1.41,4169,1010.3,3,109.0,125.08,2468.667,-850.333,545.0,-633.0
1350,1705.2167,573.8707,489.06,916.3517,-0.91,4291,1033.8,3,116.0,124.55,2466.333,-842.667,580.0,-623.0
1351,2099.2467,538.1763,460.885,695.655,-0.41,4686,1066.8,3,150.66666666666666,140.58,2827.333,-929.333,753.333,-692.667
1352,2520.56,590.2284,488.84,948.5867,-1.41,6202,1260.5,3,168.0,186.06,3688.333,-1256.833,840.0,-937.0
1353,1701.9333,508.1891,462.2233,843.1833,-1.41,4037,1001.3,3,118.0,121.1,2409.0,-813.833,590.0,-604.333
1354,1548.2867,437.4871,416.3817,754.0667,-1.41,3804,915.5,3,103.0,114.12,2261.0,-771.5,515.0,-570.333
1355,1636.7533,406.7773,311.495,498.97,-0.91,3521,760.5,3,117.0,98.92,2055.667,-620.833,585.0,-482.0
1356,1817.0067,520.4065,337.4167,879.4083,-1.41,4034,827.8,3,130.66666666666666,117.84,2389.0,-769.5,653.333,-573.667
1357,2443.3067,668.455,545.7883,711.0933,21.3767,5621,1144.0,40,175.66666666666666,168.64,3359.333,-1131.0,878.333,-832.0
1358,2299.5633,574.356,482.1983,482.1983,2.38,5058,1157.0,6,161.0,151.73,3076.667,-990.5,805.0,-743.333
1359,2164.18,501.5506,342.8833,645.185,-1.41,5239,785.0,3,148.0,157.18,3114.667,-1062.333,740.0,-785.333
1360,1721.0433,477.7025,443.2783,569.4583,-1.41,4290,1051.3,3,118.66666666666667,128.71,2526.333,-882.0,593.333,-645.333
1361,1741.2967,749.0877,609.31,628.2483,16.5567,3657,1476.7,84,126.66666666666667,104.13,2162.0,-654.5,633.333,-503.667
1362,2162.3467,560.5432,442.425,950.875,-1.41,4906,1012.0,3,149.66666666666666,147.18,2964.333,-970.833,748.333,-726.667
1363,2438.88,592.2245,508.3083,488.9117,7.2267,5279,1090.5,19,172.0,158.38,3223.0,-1028.167,860.0,-774.333
1364,1452.2033,407.7849,345.7483,609.0617,-1.41,3146,731.7,3,103.0,94.37,1920.667,-612.5,515.0,-465.333
1365,1880.2567,441.8449,245.26,845.8483,-1.41,4003,554.3,3,135.33333333333334,120.09,2447.333,-777.833,676.667,-586.0
1366,1421.93,384.0316,255.84,549.8417,-1.41,3014,533.7,3,95.33333333333333,90.43,1869.333,-572.5,476.667,-442.0
1367,2375.7733,445.7097,186.7883,676.33,-1.41,5898,457.8,3,168.66666666666666,176.94,3462.333,-1217.833,843.333,-889.0
1368,1409.4767,412.1045,292.92,535.4417,-1.41,3330,630.7,3,97.0,97.31,1956.0,-643.833,485.0,-485.0
1369,2174.22,545.2421,423.9283,623.1617,-0.4767,5091,986.5,3,158.0,152.72,3021.667,-1034.5,790.0,-755.667
1370,1647.06,522.0759,497.345,550.885,-0.91,3925,1239.2,3,119.66666666666667,117.56,2315.0,-801.833,598.333,-582.0
1371,1748.9933,491.8667,409.4183,646.3167,-1.41,3655,978.8,3,121.66666666666667,109.66,2260.0,-697.667,608.333,-531.333
1372,1889.1167,460.1693,365.5117,878.3283,-1.9767,4665,844.8,3,125.33333333333333,139.95,2772.667,-946.167,626.667,-704.0
1373,1671.57,380.009,219.08,734.2383,-1.41,3786,452.7,3,111.33333333333333,113.57,2305.667,-740.0,556.667,-564.333
1374,2161.0133,523.9408,448.8733,566.3033,19.6933,5273,1080.5,24,150.66666666666666,158.18,3113.667,-1079.5,753.333,-784.667
1375,1506.8467,538.6959,523.1117,621.2533,0.0433,3156,1152.2,3,103.33333333333333,94.68,1956.333,-599.833,516.667,-461.0
1376,1763.62,613.5652,600.135,649.1983,-1.41,4254,1344.0,3,118.33333333333333,127.62,2542.667,-855.667,591.667,-642.667
1377,1957.0533,460.5825,373.5783,505.5683,-0.41,4741,843.2,3,137.0,142.22,2809.0,-965.833,685.0,-713.333
1378,2244.8833,524.7098,398.2167,592.1833,-1.41,4902,909.0,3,164.0,147.05,2965.333,-968.167,820.0,-719.333
1379,2646.4167,570.8395,367.54,957.16,-0.05,5458,842.7,15,190.66666666666666,163.75,3367.667,-1045.333,953.333,-793.0
1380,1831.8067,543.2731,448.5267,778.1833,-0.41,4105,1022.2,3,132.0,123.14,2467.333,-818.667,660.0,-600.0
1381,2278.66,740.3233,664.6617,781.2583,0.7567,5039,1470.7,3,158.0,151.16,3066.333,-986.167,790.0,-742.667
1382,2016.61,546.0302,374.885,933.4967,-1.6933,4774,918.8,3,145.0,132.61,2678.333,-871.0,725.0,-648.333
1383,1789.1033,511.3567,378.9267,757.6217,-1.41,3892,936.5,3,128.66666666666666,116.77,2363.667,-764.333,643.333,-570.333
1384,1806.2333,567.6512,426.03,1143.98,0.09,3844,910.5,3,133.33333333333334,114.4,2324.333,-744.5,666.667,-554.667
1385,1943.9067,337.6129,183.4383,594.7,-1.41,4341,415.8,3,137.0,130.24,2624.667,-858.333,685.0,-637.667
1386,1855.7633,501.1444,379.74,794.9667,-3.76,4014,905.8,3,133.66666666666666,120.43,2439.0,-787.667,668.333,-584.333
1387,2792.4833,622.1562,547.6467,743.745,-1.41,6072,1193.8,3,205.66666666666666,182.15,3672.333,-1199.667,1028.333,-890.667
1388,2373.5933,555.0852,499.6033,732.285,0.09,5592,1143.3,3,167.66666666666666,167.76,3332.333,-1129.833,838.333,-835.0
1389,1562.01,555.8049,519.345,564.0267,-0.41,3991,1175.5,3,103.0,117.51,2321.333,-797.833,515.0,-594.0
1390,1603.2733,435.9065,335.7717,674.2267,-0.91,4181,789.5,3,102.33333333333333,125.44,2463.667,-858.833,511.667,-638.667
1391,2258.4967,532.9601,422.0883,694.3583,8.8733,5594,968.8,51,155.0,167.83,3305.667,-1144.333,775.0,-845.667
1392,1577.29,515.5323,482.5817,873.37,-0.91,3793,1086.7,3,105.66666666666667,113.79,2269.333,-761.833,528.333,-572.333
1393,2527.1367,607.0529,551.8017,1050.8667,-1.41,5649,1384.7,3,173.0,169.47,3432.333,-1108.333,865.0,-831.333
1394,2307.45,491.4555,295.545,588.805,-1.41,5415,710.7,3,162.0,162.45,3231.667,-1091.667,810.0,-805.0
1395,1919.14,559.2073,454.9683,746.4983,-1.41,4305,1056.8,3,139.33333333333334,129.14,2586.667,-859.0,696.667,-634.333
1396,1698.1533,549.2265,548.46,657.195,-1.8867,3739,1130.7,3,116.66666666666667,111.82,2276.667,-725.333,583.333,-548.333
1397,1936.1267,662.4237,500.195,858.3233,-0.6933,4365,1089.8,5,134.66666666666666,130.96,2640.333,-862.5,673.333,-646.0
1398,3177.76,591.3172,508.5967,639.0317,-0.41,7759,1152.3,3,218.33333333333334,232.76,4596.0,-1581.333,1091.667,-1161.333
1399,1757.09,594.2413,511.8083,517.9767,-0.91,3820,1112.8,3,127.33333333333333,114.59,2314.0,-752.833,636.667,-555.333
1400,2913.09,453.9903,320.3083,540.64,-1.41,7103,710.5,3,198.0,213.09,4218.333,-1442.333,990.0,-1066.0
1401,2179.06,598.3526,578.5433,555.985,-1.41,4890,1263.5,3,160.0,142.56,2871.0,-940.5,800.0,-694.0
1402,2260.6267,521.4695,418.1933,391.4417,-0.41,5249,908.5,3,158.66666666666666,157.46,3142.333,-1053.167,793.333,-779.333
1403,2184.1033,524.3209,382.8817,940.8167,-1.41,4759,916.0,3,157.0,142.77,2887.0,-936.0,785.0,-694.667
1404,1820.64,441.3613,364.0283,788.775,-1.41,4221,824.7,3,126.66666666666667,126.64,2532.0,-844.667,633.333,-626.667
1405,1886.0367,571.9138,531.1317,592.0567,-0.41,4296,1182.2,3,130.33333333333334,128.87,2593.333,-851.167,651.667,-636.667
1406,1882.05,610.1622,607.3983,714.6683,-1.41,4418,1318.7,3,131.0,132.55,2640.0,-889.167,655.0,-656.333
1407,1414.0167,513.4175,431.2567,584.545,18.24,3128,957.0,41,105.33333333333333,93.85,1876.0,-626.167,526.667,-456.333
1408,1686.7067,404.346,308.0,648.0167,-1.41,3701,624.0,3,126.0,111.04,2225.333,-738.0,630.0,-541.667
1409,2163.85,496.5437,336.3617,675.75,2.1767,4912,706.5,17,153.66666666666666,147.35,2952.0,-979.833,768.333,-724.0
1410,1848.7667,512.5135,358.7667,565.96,-1.41,4037,769.8,3,137.33333333333334,121.1,2433.333,-801.667,686.667,-590.667
1411,2018.0833,486.5749,419.505,537.485,9.71,4358,947.2,40,145.0,130.75,2651.667,-853.333,725.0,-636.0
1412,1880.0033,495.2781,461.8967,607.255,-1.7767,4189,1075.3,3,131.33333333333334,125.67,2540.333,-824.333,656.667,-618.333
1413,2164.93,543.2555,463.7367,606.8283,-1.41,4648,1044.0,3,151.33333333333334,139.43,2850.0,-898.833,756.667,-682.333
1414,1486.29,426.4415,344.2583,507.8617,-1.41,3426,837.7,3,104.66666666666667,102.79,2053.333,-686.5,523.333,-506.667
1415,2107.8967,628.3714,531.97,766.3867,-1.41,4574,1165.5,3,148.0,137.23,2791.0,-891.667,740.0,-668.667
1416,1892.1033,662.3154,579.41,775.6733,-0.91,4059,1222.0,3,132.33333333333334,121.77,2487.0,-786.0,661.667,-592.333
1417,3217.9467,588.6876,457.395,767.0083,-1.41,6926,1064.3,3,230.33333333333334,207.78,4224.333,-1350.833,1151.667,-1015.0
1418,1951.36,532.1498,457.9783,688.455,-1.41,4012,1011.0,3,139.0,120.36,2482.0,-765.0,695.0,-581.0
1419,2261.07,408.5634,307.475,703.2717,-0.91,5119,737.8,3,160.0,153.57,3082.0,-1018.5,800.0,-756.0
1420,2519.8833,467.6897,334.1917,570.8583,-0.41,5718,649.2,3,177.0,171.55,3440.333,-1139.0,885.0,-838.0
1421,2033.9867,454.4217,354.4417,748.1683,-1.41,4377,783.5,3,148.66666666666666,131.32,2654.667,-861.333,743.333,-634.0
1422,1483.6067,456.4244,376.3667,580.23,-0.41,3615,871.2,3,101.0,108.44,2149.0,-732.833,505.0,-546.0
1423,1783.3667,563.9853,571.115,765.555,-1.41,4340,1277.2,3,121.33333333333333,130.2,2579.667,-880.167,606.667,-653.0
1424,1813.2533,664.467,577.4517,550.88,53.4433,4564,1293.5,170,120.66666666666667,136.92,2694.667,-934.667,603.333,-687.0
1425,2294.8333,629.0627,523.8667,1029.9367,-0.91,5067,1226.0,3,165.33333333333334,152.0,3063.0,-1001.833,826.667,-745.0
1426,2252.2867,729.6773,600.0033,1088.8483,17.28,4921,1384.5,75,163.33333333333334,147.62,2980.0,-970.333,816.667,-721.667
1427,2061.87,408.4103,327.4567,660.2617,-1.41,4612,720.7,3,150.33333333333334,138.37,2772.0,-920.167,751.667,-680.0
1428,2012.8533,631.6733,589.925,922.72,-0.91,4284,1497.3,3,147.33333333333334,128.52,2608.667,-837.667,736.667,-623.333
1429,1733.2233,541.5804,430.0933,808.1783,-1.41,3946,985.8,3,124.0,118.39,2366.667,-789.833,620.0,-582.0
1430,2326.5667,504.9785,394.5917,729.2283,-0.91,5680,819.3,3,161.33333333333334,170.4,3363.667,-1158.167,806.667,-856.0
1431,2275.8233,523.0255,413.1483,675.1883,-1.41,5083,908.2,3,158.33333333333334,152.49,3079.0,-1002.0,791.667,-745.333
1432,2456.8167,486.7385,360.5233,770.6467,0.24,5238,788.3,8,174.0,157.15,3209.0,-1014.667,870.0,-764.667
1433,1959.4467,590.4645,475.0983,835.3567,-1.41,4509,969.3,3,138.0,135.28,2704.333,-902.5,690.0,-667.667
1434,2366.6667,606.1601,462.3633,1006.7417,-1.41,5383,1024.7,3,167.33333333333334,161.5,3236.333,-1073.5,836.667,-794.333
1435,3408.73,557.9017,451.965,818.0833,-1.41,8108,972.5,3,233.66666666666666,243.23,4842.0,-1632.833,1168.333,-1212.0
1436,2265.6367,557.3103,393.4083,720.4633,16.5733,5016,845.0,58,168.33333333333334,150.47,3008.667,-1003.5,841.667,-731.667
1437,2196.5833,556.9047,434.89,548.7567,-1.41,4708,921.2,3,158.33333333333334,141.25,2868.333,-920.0,791.667,-684.667
1438,1984.7967,630.8309,553.715,813.0033,-1.41,4404,1175.7,3,139.33333333333334,132.13,2675.0,-864.667,696.667,-654.333
1439,1474.88,521.7475,463.3417,755.9,-0.91,3029,1001.8,3,113.33333333333333,90.88,1846.0,-591.667,566.667,-437.0
1440,1554.2267,549.0259,504.935,520.355,4.11,3457,1150.3,35,108.0,101.06,2063.0,-652.833,540.0,-497.0
1441,2030.36,577.1391,493.24,604.585,-0.41,4512,1074.8,3,139.33333333333334,135.36,2746.667,-882.667,696.667,-665.667
1442,2933.6167,606.2098,466.165,987.4233,-1.41,6532,1077.8,3,207.66666666666666,195.95,3952.333,-1289.667,1038.333,-963.333
1443,1359.67,505.6309,418.6283,593.605,-1.41,3222,909.8,3,91.66666666666667,96.67,1931.0,-645.667,458.333,-480.667
1444,1903.0367,478.5935,405.7917,580.3383,-1.41,4229,929.2,3,136.33333333333334,126.87,2552.667,-838.167,681.667,-620.0
1445,2471.87,563.1778,415.78,683.8533,-1.41,5946,849.0,3,172.33333333333334,178.37,3528.0,-1208.833,861.667,-887.333
1446,1783.04,526.1956,384.3217,740.1817,-0.91,3985,957.8,3,128.0,119.54,2401.0,-791.833,640.0,-585.667
1447,1656.55,579.1373,456.88,956.0667,-0.91,4110,1013.0,3,115.66666666666667,114.55,2293.0,-762.667,578.333,-566.667
1448,2018.4933,583.5825,463.735,632.42,-0.41,4672,1019.7,3,142.33333333333334,140.16,2800.0,-936.0,711.667,-697.333
1449,2099.69,486.2512,385.1767,542.1933,-1.41,5073,966.5,3,142.33333333333334,152.19,3020.667,-1026.167,711.667,-758.667
1450,2256.13,597.2935,440.835,703.3883,7.3667,5271,999.2,40,151.33333333333334,158.13,3175.0,-1048.0,756.667,-785.667
1451,2264.4767,601.6296,505.9867,848.8717,-0.41,5244,1051.2,3,161.0,157.31,3136.0,-1053.833,805.0,-780.0
1452,1585.6133,489.0223,382.0083,679.3017,-0.91,3693,939.7,3,108.66666666666667,110.78,2219.0,-736.833,543.333,-550.667
1453,1574.0067,599.1029,492.795,891.35,-1.41,3561,1116.0,3,110.0,106.84,2149.0,-706.167,550.0,-525.667
1454,2112.43,482.3808,412.6533,634.0267,6.85,4914,936.7,45,150.33333333333334,147.43,2932.333,-991.0,751.667,-728.0
1455,2725.31,568.9494,552.25,686.4683,0.7567,6510,1183.3,3,188.33333333333334,195.31,3875.0,-1317.667,941.667,-969.0
1456,1937.6333,549.9857,326.1933,829.08,-0.91,4235,751.7,3,141.66666666666666,121.8,2483.667,-788.167,708.333,-588.0
1457,2398.09,505.8384,328.3483,603.3783,1.7933,5303,883.8,15,168.0,159.09,3221.667,-1040.667,840.0,-782.0
1458,2230.32,520.0417,376.29,811.6983,-3.8667,5144,876.7,3,155.0,154.32,3088.667,-1027.667,775.0,-760.0
1459,1635.5733,530.6375,386.24,648.0783,24.7333,3863,861.2,97,111.33333333333333,111.74,2253.667,-735.5,556.667,-551.0
1460,2512.0033,578.8118,422.9567,636.07,21.93,5889,1010.5,64,177.0,176.67,3513.667,-1187.667,885.0,-875.667
1461,2084.3367,535.5677,448.565,632.7083,2.2467,5006,1018.8,19,146.33333333333334,150.17,2966.0,-1019.833,731.667,-743.667
1462,1904.8433,517.6302,350.1667,793.0233,-1.41,4400,800.2,3,136.0,132.01,2628.0,-886.167,680.0,-649.0
1463,2794.5833,512.6646,388.1633,782.4083,9.6567,6225,851.2,61,195.66666666666666,186.75,3774.0,-1225.5,978.333,-919.0
1464,1504.9633,538.6454,481.7,830.0367,-1.41,3018,1256.7,3,112.0,90.13,1858.667,-572.833,560.0,-431.0
1465,1934.7133,464.1441,285.56,738.4383,-1.41,4463,725.3,3,137.66666666666666,133.88,2671.0,-895.833,688.333,-662.667
1466,2721.9533,584.3734,467.965,582.1967,-0.91,6004,1075.8,3,192.0,180.12,3643.0,-1180.5,960.0,-880.667
1467,2648.0667,604.1341,503.1883,782.9417,-1.2867,5930,1170.5,3,187.33333333333334,177.9,3581.0,-1174.5,936.667,-873.0
1468,1346.6467,500.2979,482.3533,699.765,5.4567,3016,984.0,10,92.66666666666667,90.48,1831.0,-592.5,463.333,-445.667
1469,1710.63,541.5805,430.2733,667.5417,-0.91,3771,990.7,3,123.0,113.13,2279.333,-745.833,615.0,-551.0
1470,1818.64,548.9067,425.875,571.5467,-1.41,4355,942.8,3,130.0,130.64,2578.667,-888.0,650.0,-652.667
1471,1358.9733,547.4233,542.4633,663.585,-1.41,3034,1236.5,3,94.66666666666667,89.64,1821.333,-583.333,473.333,-442.0
1472,2262.5733,537.5983,344.2933,1142.075,-1.41,5508,890.3,3,148.33333333333334,165.24,3295.333,-1106.333,741.667,-833.333
1473,1748.94,446.1495,362.8183,801.4,-1.41,4248,778.5,3,119.0,127.44,2523.667,-862.167,595.0,-635.0
1474,1691.8533,500.3208,434.765,633.93,1.2567,3984,1022.5,3,113.66666666666667,119.52,2393.333,-795.333,568.333,-594.0
1475,1872.91,520.0167,408.915,358.515,-0.41,4597,888.0,3,127.0,137.91,2725.667,-935.667,635.0,-690.0
1476,2576.3,671.1753,623.14,747.2267,-1.41,6010,1444.0,3,183.0,180.3,3583.333,-1213.333,915.0,-889.0
1477,1935.8733,617.7471,540.3767,1033.605,6.79,4185,1200.3,52,144.66666666666666,125.54,2526.667,-829.0,723.333,-610.667
1478,2112.6733,538.0097,409.8033,1102.64,-1.41,4711,958.3,3,147.33333333333334,141.34,2856.0,-927.667,736.667,-693.667
1479,2150.5367,512.4384,408.4867,809.92,-1.41,5062,894.0,3,146.33333333333334,151.87,3038.333,-1012.0,731.667,-759.333
1480,2016.1833,546.1607,287.7733,675.2467,2.6067,4678,730.8,31,138.33333333333334,140.35,2812.0,-933.167,691.667,-694.667
1481,2289.6767,527.4674,448.1967,854.295,-1.41,5200,1073.5,3,155.66666666666666,156.01,3151.0,-1024.667,778.333,-771.0
1482,1480.4967,585.5954,560.72,580.2567,12.0367,3278,1256.5,43,100.33333333333333,98.33,2002.0,-637.833,501.667,-483.667
1483,1939.0767,473.8991,399.0767,652.0033,-0.91,4547,942.7,3,135.0,136.41,2717.0,-915.0,675.0,-674.333
1484,1577.1733,573.309,490.7333,1047.7583,-1.41,3707,1251.8,3,112.66666666666667,105.34,2120.333,-695.5,563.333,-516.333
1485,1437.9,403.5114,266.6567,786.89,-1.41,3118,649.7,3,101.0,92.9,1894.0,-601.333,505.0,-452.667
1486,2303.59,487.9845,395.6417,831.4783,-1.41,4936,890.8,3,163.0,148.09,3022.0,-957.167,815.0,-724.333
1487,1851.5267,524.4919,402.07,668.7833,2.7733,4079,956.0,31,129.0,122.36,2483.667,-797.5,645.0,-602.0
1488,2491.8667,592.6809,385.1633,923.9417,-0.41,5323,860.8,3,176.33333333333334,159.7,3259.667,-1031.833,881.667,-777.333
1489,2740.4,676.2509,479.1133,1070.7833,16.1233,5897,1057.7,121,184.33333333333334,176.9,3638.333,-1129.167,921.667,-867.333
1490,1815.48,487.3298,467.3083,921.59,-0.41,4183,1032.7,3,128.33333333333334,125.48,2505.333,-838.667,641.667,-618.333
1491,1184.02,420.9323,398.3867,693.735,4.2567,2917,905.8,25,82.66666666666667,87.52,1720.333,-598.5,413.333,-438.667
1492,2343.75,495.4866,442.055,519.74,-1.41,5358,924.5,3,166.0,160.75,3217.0,-1070.667,830.0,-793.333
1493,2356.6533,549.36,409.565,793.645,-1.41,5644,910.5,3,164.66666666666666,169.32,3354.0,-1145.0,823.333,-845.0
1494,1836.57,540.2346,451.83,982.9783,-1.41,4186,1034.2,3,126.33333333333333,125.57,2531.0,-827.333,631.667,-624.333
1495,2500.81,465.0885,362.825,610.5267,-1.41,5927,802.5,3,174.33333333333334,177.81,3531.0,-1198.0,871.667,-881.667
1496,1902.11,504.6891,316.7217,883.0383,-1.41,4170,864.3,3,131.66666666666666,125.11,2547.667,-811.333,658.333,-617.667
1497,2230.0233,540.0349,402.0833,858.0,3.4733,5390,929.8,21,151.0,161.69,3208.333,-1090.667,755.0,-804.333
1498,1536.5967,528.3472,533.1067,847.4933,-1.41,3319,1200.0,3,109.33333333333333,99.43,2020.0,-647.167,546.667,-482.333
1499,2202.5133,452.0356,245.725,539.2567,-1.41,5351,520.3,3,157.0,158.18,3121.333,-1075.667,785.0,-786.333
1500,2309.65,532.1379,351.5783,742.735,-1.41,5522,847.3,3,160.33333333333334,165.65,3285.667,-1118.0,801.667,-825.333
1501,2094.88,575.2788,507.72,1191.2767,-1.41,5096,1191.7,3,143.0,152.88,3025.333,-1035.333,715.0,-763.0
1502,1958.8333,429.5301,301.81,808.6883,-1.41,4617,674.7,3,132.66666666666666,138.5,2770.667,-923.0,663.333,-690.667
1503,1396.1967,405.8883,305.3633,485.6783,3.31,3418,670.5,27,94.66666666666667,102.53,2027.667,-695.0,473.333,-512.333
1504,2842.59,513.6974,354.4933,765.945,-1.41,7886,738.7,3,191.33333333333334,236.59,4533.0,-1676.667,956.667,-1207.0
1505,1604.0067,556.0286,498.0433,581.195,-1.41,4313,1436.5,3,108.33333333333333,114.84,2291.0,-768.5,541.667,-575.0
1506,2432.8,491.0382,480.985,820.215,-0.1833,5893,1199.7,5,172.33333333333334,176.8,3482.0,-1205.667,861.667,-882.0
1507,2142.3967,577.9831,540.82,737.925,-0.91,5124,1283.5,3,152.66666666666666,153.73,3034.333,-1045.0,763.333,-764.0
1508,2723.3133,536.1821,454.23,748.7867,-0.91,6166,1068.3,3,183.66666666666666,184.98,3746.0,-1210.0,918.333,-916.0
1509,2013.49,694.763,595.5333,882.3167,-1.41,4649,1306.2,3,147.0,127.99,2604.0,-831.167,735.0,-622.333
1510,2421.03,623.1497,504.5283,1195.7167,-0.41,5884,1151.3,3,167.33333333333334,176.53,3489.333,-1197.5,836.667,-884.0
1511,2079.9333,580.4768,487.7033,1129.9483,-0.41,5370,1162.3,3,138.66666666666666,161.1,3149.0,-1110.5,693.333,-813.0
1512,1381.25,522.0725,493.195,881.3583,-0.91,3292,1249.2,3,91.0,98.75,1978.0,-656.833,455.0,-493.667
1513,2094.0467,679.4583,671.8783,655.0133,3.9233,4763,1596.8,3,152.0,142.88,2849.667,-956.5,760.0,-702.0
1514,1490.9567,541.2051,571.53,714.2633,-1.41,3593,1330.2,3,103.33333333333333,107.79,2135.333,-728.833,516.667,-540.0
1515,1401.29,428.9236,309.0217,597.7983,-0.91,3493,747.0,3,90.66666666666667,104.79,2078.0,-707.5,453.333,-527.333
1516,1580.9967,557.528,401.4667,848.0167,-1.41,3672,829.3,3,110.33333333333333,106.83,2152.667,-704.167,551.667,-526.0
1517,2125.38,458.1499,348.0017,528.7633,0.09,4596,881.3,3,144.66666666666666,137.88,2825.667,-885.167,723.333,-676.333
1518,1703.1967,426.3889,360.6133,672.1583,-1.41,4384,810.8,3,109.0,131.53,2589.667,-897.333,545.0,-665.667
1519,2160.96,553.4675,482.17,794.0733,11.22,4964,1017.0,72,160.33333333333334,134.46,2741.667,-870.167,801.667,-646.667
1520,2355.2933,519.0811,405.3867,901.1617,-1.41,5415,969.2,3,166.33333333333334,162.46,3247.667,-1083.833,831.667,-802.667
1521,1783.9367,485.3685,420.4733,762.2217,-1.41,4109,1063.0,3,129.66666666666666,123.27,2449.667,-829.667,648.333,-607.667
1522,1989.5333,610.6449,496.63,774.2617,-1.41,4740,1115.0,3,137.0,142.2,2829.333,-955.333,685.0,-711.667
1523,1850.5467,580.2019,516.9533,604.0,-1.41,4379,1226.0,3,123.0,131.38,2631.667,-873.833,615.0,-653.667
1524,2048.94,752.3885,692.2217,908.4983,-1.41,5298,1558.0,3,140.0,158.94,3092.667,-1102.667,700.0,-800.0
1525,1404.4333,569.2165,458.0933,760.915,-1.41,3493,1057.7,3,98.66666666666667,98.6,1963.0,-661.833,493.333,-488.667
1526,1618.1533,486.5408,383.5567,665.7967,5.4667,3527,863.0,29,120.66666666666667,105.82,2127.333,-700.0,603.333,-518.333
1527,1768.8567,481.0274,412.3617,474.345,5.6867,4340,964.8,17,119.66666666666667,130.19,2575.0,-882.333,598.333,-652.333
1528,1957.3167,556.9689,452.625,618.43,11.3533,4938,1104.2,66,129.66666666666666,148.15,2918.667,-1009.833,648.333,-748.0
1529,1808.2633,468.3769,362.4283,744.7883,-1.41,4431,806.7,3,129.66666666666666,115.43,2350.0,-748.833,648.333,-556.667
1530,1597.56,546.3869,540.4517,699.4,-1.41,3452,1286.2,3,109.66666666666667,103.56,2118.0,-667.0,548.333,-505.333
1531,2610.19,529.1721,471.2833,843.0933,-1.41,5773,1027.5,3,184.33333333333334,173.19,3500.333,-1136.333,921.667,-848.667
1532,1612.15,567.5034,487.8067,753.24,4.3,3372,1175.8,10,111.66666666666667,101.15,2087.0,-642.333,558.333,-492.0
1533,1707.4467,489.209,382.1517,900.5783,-1.41,4043,776.7,3,117.33333333333333,121.28,2416.333,-813.167,586.667,-603.667
1534,2152.7033,562.2849,514.0733,572.2117,-1.41,5246,1201.8,3,144.66666666666666,157.37,3122.333,-1061.667,723.333,-788.667
1535,1614.8,518.579,335.4517,571.78,-0.91,4001,805.2,3,114.0,113.3,2256.333,-760.167,570.0,-564.667
1536,2121.3767,608.7435,574.5817,721.27,-1.41,4974,1262.8,3,148.33333333333334,149.21,2974.0,-999.833,741.667,-743.667
1537,2136.7667,619.7127,536.0533,907.7633,-1.41,5170,1304.2,3,149.0,155.1,3064.0,-1053.0,745.0,-774.333
1538,2398.2767,582.6715,494.2433,596.7617,23.55,5270,1149.7,35,174.66666666666666,158.11,3181.333,-1044.5,873.333,-770.0
1539,1380.31,518.9585,505.2633,633.0233,4.2233,3301,1252.3,9,97.0,96.31,1920.333,-645.0,485.0,-476.333
1540,1616.72,613.9134,500.5833,514.1417,-1.41,3542,1186.5,3,116.33333333333333,99.22,2044.333,-631.5,581.667,-477.0
1541,2548.62,696.3999,534.6433,822.185,-1.41,5762,1161.5,3,179.33333333333334,172.12,3463.0,-1137.167,896.667,-846.0
1542,2697.2033,599.5171,551.3133,713.9717,-0.91,5512,1305.5,3,200.33333333333334,165.37,3384.667,-1063.833,1001.667,-790.667
1543,2445.2067,632.3901,575.355,767.7333,-0.91,5851,1316.8,3,164.66666666666666,175.54,3498.667,-1176.333,823.333,-876.0
1544,1748.71,615.253,634.7967,994.9517,-0.91,4640,1390.7,3,112.66666666666667,139.21,2714.667,-962.833,563.333,-705.667
1545,2371.0333,522.7943,361.63,446.8717,-1.41,5657,821.3,3,158.66666666666666,169.7,3389.333,-1133.667,793.333,-847.667
1546,1762.16,634.3795,527.8433,724.075,-1.41,3995,1281.8,3,130.66666666666666,118.66,2365.0,-795.167,653.333,-579.667
1547,2185.49,612.9795,497.3233,820.1967,-1.24,5200,1149.7,3,147.33333333333334,155.99,3116.0,-1041.833,736.667,-781.333
1548,1779.2133,647.1989,423.86,578.3867,-1.41,4279,953.2,3,123.66666666666667,128.38,2543.0,-868.167,618.333,-642.333
1549,2766.84,568.4129,451.7067,916.0167,-1.41,6778,1135.5,3,192.0,203.34,4005.667,-1386.167,960.0,-1016.0
1550,1705.9867,585.5226,552.31,650.5667,-1.41,4105,1288.2,3,118.33333333333333,117.82,2363.0,-782.167,591.667,-584.333
1551,1944.16,618.2514,522.0683,603.4417,6.4667,4555,1245.3,43,130.33333333333334,136.66,2744.333,-905.5,651.667,-683.0
1552,2177.8767,727.2761,627.26,994.7717,19.3433,5174,1547.8,50,146.0,155.21,3104.333,-1034.667,730.0,-777.0
1553,1562.2767,567.5173,498.2617,587.085,0.09,3737,1216.3,3,104.0,112.11,2239.333,-748.833,520.0,-560.333
1554,1839.01,665.1541,592.2617,797.2767,9.5767,4834,1394.8,30,121.33333333333333,145.01,2826.333,-1003.667,606.667,-735.333
1555,2078.09,730.1437,578.935,760.7517,-0.91,5203,1472.8,3,145.66666666666666,156.09,3054.333,-1074.333,728.333,-786.333
1556,1734.3267,624.5405,528.0883,741.1217,78.9533,4155,1265.5,171,119.0,124.66,2476.0,-839.667,595.0,-621.667
1557,2031.6467,436.4413,277.6183,707.5067,-0.41,5266,746.8,3,140.0,157.98,3071.333,-1097.333,700.0,-800.333
1558,1793.64,591.6165,517.6767,705.985,-1.41,4580,1193.8,3,123.66666666666667,128.64,2554.667,-866.667,618.333,-641.333
1559,1626.8,526.7527,480.5283,861.9083,-1.41,4002,1105.8,3,116.0,112.8,2250.0,-755.0,580.0,-561.0
1560,2764.6,718.6686,681.135,816.4283,0.09,6848,1624.7,3,195.0,202.1,3978.333,-1379.167,975.0,-1011.667
1561,1694.6367,520.1032,387.295,838.5383,-0.41,4232,939.0,3,117.33333333333333,126.97,2490.333,-871.0,586.667,-638.333
1562,1619.61,639.907,526.165,790.015,1.2567,4075,1325.8,3,116.0,112.61,2241.667,-756.0,580.0,-558.667
1563,1702.49,660.6818,655.23,1033.3967,28.3833,4050,1469.7,101,118.33333333333333,121.49,2412.333,-818.667,591.667,-604.333
1564,2132.5867,582.5937,427.04,873.3333,1.8033,5114,977.3,16,146.66666666666666,153.42,3044.333,-1034.833,733.333,-763.667
1565,1928.1733,619.3551,552.685,694.2667,22.3567,4511,1320.2,56,130.0,135.34,2717.667,-896.833,650.0,-678.0
1566,1729.6967,709.2503,744.2217,751.6483,3.34,4168,1700.5,11,119.0,125.03,2478.333,-844.667,595.0,-624.0
1567,2226.61,551.5443,499.8967,845.8933,-0.41,5487,1168.5,3,151.66666666666666,164.61,3249.0,-1119.0,758.333,-826.333
1568,1889.3333,582.4235,480.13,739.6,10.6267,4667,1100.0,15,126.0,140.0,2772.0,-947.333,630.0,-705.333
1569,2171.04,642.3107,599.3367,632.6617,18.51,5518,1380.7,17,150.66666666666666,165.54,3227.667,-1145.167,753.333,-830.333
1570,2350.6267,595.7361,451.9533,696.7233,-1.41,5432,1095.2,3,163.66666666666666,162.96,3259.333,-1086.333,818.333,-803.667
1571,2217.2633,640.5531,463.5583,906.0133,-0.91,5564,1107.3,3,146.33333333333334,166.93,3295.0,-1134.667,731.667,-841.667
1572,1947.91,547.9947,406.4733,737.365,23.3467,4697,888.2,137,134.33333333333334,140.91,2791.667,-952.667,671.667,-703.667
1573,2275.3733,784.2793,709.7117,860.1017,-0.91,5668,1573.5,3,156.33333333333334,170.04,3339.333,-1164.333,781.667,-851.333
1574,2531.9767,628.4329,501.3333,893.5683,-1.5333,6044,1274.7,3,178.0,181.31,3589.0,-1227.333,890.0,-901.0
1575,2112.01,655.5817,585.84,823.1867,10.55,5150,1446.5,35,146.0,154.51,3051.333,-1049.5,730.0,-774.333
1576,1572.4967,583.0446,414.2983,563.7183,-1.41,3944,1022.3,3,109.0,118.33,2316.667,-813.833,545.0,-593.667
1577,2835.0033,593.5817,568.57,639.4767,17.7267,6889,1303.5,103,192.33333333333334,206.67,4097.0,-1396.0,961.667,-1034.333
1578,1720.02,548.9463,458.39,505.39,-1.41,4288,1066.2,3,123.0,119.52,2381.0,-801.5,615.0,-594.0
1579,1833.1067,611.0798,490.315,622.1133,85.6067,4615,1178.8,198,122.0,138.44,2727.333,-943.667,610.0,-699.0
1580,1844.9933,650.9616,465.9417,686.5067,-1.41,4617,1069.8,3,123.0,134.16,2670.333,-900.833,615.0,-673.667
1581,1651.3133,561.2251,556.5283,756.405,-1.41,3916,1290.0,3,112.33333333333333,117.48,2345.667,-785.167,561.667,-588.333
1582,1660.3733,653.0623,586.265,1117.6367,-1.41,3933,1388.8,3,111.66666666666667,116.04,2334.667,-766.667,558.333,-582.0
1583,2107.87,595.6441,489.675,477.5583,-1.4567,5046,1180.5,3,147.66666666666666,151.37,2998.667,-1023.5,738.333,-757.0
1584,2790.4233,668.8655,526.8133,753.99,-1.41,6736,1265.5,3,190.33333333333334,202.09,4014.333,-1361.0,951.667,-1016.667
1585,1815.8267,584.0051,614.1867,671.2033,-0.41,4339,1452.8,3,122.66666666666667,130.16,2596.667,-871.0,613.333,-653.333
1586,1939.9567,546.2449,432.4933,778.03,-1.41,5010,995.2,3,132.0,150.29,2928.333,-1040.667,660.0,-758.0
1587,1545.5233,591.1208,491.1883,727.1233,0.09,3773,1211.0,3,99.0,113.19,2265.0,-754.0,495.0,-573.667
1588,2811.7633,536.9525,443.7883,779.4283,10.3533,6481,1117.8,72,192.66666666666666,194.43,3905.0,-1288.0,963.333,-963.0
1589,3132.5467,712.7227,660.7817,683.8567,11.9,8046,1570.5,80,204.33333333333334,241.38,4743.0,-1651.5,1021.667,-1222.0
1590,1412.3733,331.1863,165.5067,895.64,-1.41,3551,463.0,3,95.33333333333333,102.04,2028.0,-686.667,476.667,-507.667
1591,2964.75,537.4842,367.9583,710.9033,4.5233,6925,862.3,23,201.0,207.75,4167.667,-1378.667,1005.0,-1037.0
1592,2320.4367,580.528,494.4467,869.1133,-1.41,5592,1226.0,3,161.66666666666666,167.77,3321.667,-1135.333,808.333,-842.0
1593,2061.1867,608.9813,526.8767,665.2833,26.6967,5134,1243.5,84,136.66666666666666,154.02,3047.0,-1043.5,683.333,-779.667
1594,2638.9,675.8443,534.3167,583.9133,-1.41,6880,1321.7,3,171.33333333333334,206.4,4045.667,-1417.167,856.667,-1052.667
1595,2649.6367,482.6238,383.8533,452.19,-1.41,6599,875.7,3,177.0,197.97,3908.333,-1345.333,885.0,-996.333
1596,1891.9533,546.5235,420.5067,593.2217,-1.41,4454,1043.3,3,124.66666666666667,133.62,2688.667,-882.667,623.333,-671.0
1597,1407.8033,502.2481,340.06,767.085,-1.41,3448,844.5,3,95.0,101.97,2028.667,-685.167,475.0,-512.667
1598,1447.6033,554.1085,503.275,671.8933,-1.41,3459,1247.5,3,99.66666666666667,103.77,2060.667,-699.167,498.333,-516.0
1599,2270.0867,693.6838,617.5333,471.3767,1.2567,5747,1490.0,3,155.33333333333334,172.42,3376.667,-1185.333,776.667,-870.333
1600,2371.8333,720.6856,605.3217,727.0617,-1.41,5817,1498.5,3,165.33333333333334,174.5,3436.667,-1190.0,826.667,-876.0
1601,1871.06,634.5343,559.555,507.6317,-0.91,4285,1330.0,3,133.33333333333334,128.56,2570.333,-857.5,666.667,-637.0
1602,1689.8233,586.5328,536.5917,719.9567,21.2067,4100,1314.3,42,110.66666666666667,122.99,2453.333,-823.167,553.333,-616.667
1603,1810.83,611.2913,599.645,886.225,-1.41,4194,1454.8,3,123.33333333333333,125.83,2527.0,-833.667,616.667,-625.0
1604,2392.22,665.5436,525.605,554.3817,7.3333,5691,1233.2,50,169.0,170.72,3382.333,-1154.167,845.0,-851.667
1605,2846.5367,807.2404,696.1833,903.9417,6.3,6962,1678.3,10,192.0,208.87,4140.333,-1411.0,960.0,-1051.667
1606,2276.1667,740.3835,664.6467,767.2767,3.2133,5383,1649.3,4,151.33333333333334,161.5,3239.333,-1072.0,756.667,-809.333
1607,2094.6067,772.5381,688.3367,627.4633,15.04,5165,1632.2,90,141.0,154.94,3064.0,-1050.333,705.0,-779.0
1608,1710.5233,616.0389,585.8717,777.8133,-1.41,3956,1344.2,3,117.0,118.69,2383.333,-786.5,585.0,-590.0
1609,1665.26,544.1533,512.255,684.9583,-0.41,3742,1282.0,3,121.0,112.26,2246.667,-747.667,605.0,-551.0
1610,1730.6833,425.3616,294.37,625.4833,-1.41,4128,770.7,3,118.33333333333333,123.85,2467.333,-830.5,591.667,-621.667
1611,1593.1033,460.9333,408.5083,591.215,2.31,4009,1017.7,25,110.66666666666667,120.27,2351.333,-828.833,553.333,-603.0
1612,1928.7033,650.2558,475.2683,839.7533,-1.41,4912,1164.0,3,131.33333333333334,147.37,2881.667,-1015.333,656.667,-741.667
1613,2058.6333,673.2216,465.6933,535.69,-1.41,5043,1262.0,3,142.0,151.3,2985.333,-1029.0,710.0,-759.0
1614,2266.5,594.2185,441.475,441.475,-1.41,5217,1032.5,3,159.0,156.5,3128.667,-1044.0,795.0,-769.667
1615,1848.4433,533.7948,491.9283,483.4467,-1.41,4170,1123.2,3,127.33333333333333,125.11,2526.333,-822.0,636.667,-617.667
1616,1576.9967,589.0037,579.2467,698.6617,-1.41,3609,1252.7,3,116.66666666666667,100.33,2035.0,-654.667,583.333,-487.0
1617,1697.14,623.2471,637.5317,586.75,-0.41,3788,1569.8,3,119.0,113.64,2291.667,-748.167,595.0,-555.0
1618,1964.2767,574.1551,429.5367,857.935,-1.41,4704,1012.3,3,135.33333333333334,141.11,2801.333,-951.167,676.667,-703.667
1619,2335.48,721.0463,593.36,883.7267,-0.41,5666,1405.3,3,153.66666666666666,169.98,3389.667,-1138.167,768.333,-854.333
1620,1734.79,535.7049,501.93,585.6183,-0.41,4310,1215.3,3,112.66666666666667,129.29,2567.333,-871.167,563.333,-654.0
1621,2135.6367,702.7981,493.83,1072.17,6.13,4932,1136.0,21,147.0,147.97,2971.0,-980.667,735.0,-737.667
1622,2006.94,539.6481,434.6133,764.1967,2.0833,4698,983.3,25,138.33333333333334,140.94,2815.333,-941.333,691.667,-699.667
1623,1804.04,596.4515,591.39,896.315,-1.41,4501,1344.0,3,123.66666666666667,135.04,2652.667,-924.333,618.333,-677.667
1624,2181.92,666.6995,601.4733,720.1233,17.8833,5114,1392.7,35,150.33333333333334,153.42,3065.667,-1024.167,751.667,-764.667
1625,1740.9067,604.1157,621.2317,694.7717,-0.91,4125,1525.7,3,117.66666666666667,123.74,2473.0,-825.833,588.333,-618.333
1626,3009.41,732.9365,694.9633,1007.9667,-1.41,7430,1627.8,3,205.33333333333334,222.91,4395.333,-1517.5,1026.667,-1118.0
1627,1855.09,645.3152,630.9717,843.3667,-1.41,4236,1568.7,3,128.66666666666666,127.09,2551.667,-842.333,643.333,-624.667
1628,2521.07,602.8906,431.0517,786.0917,-0.91,6269,969.8,3,167.33333333333334,188.07,3719.0,-1275.0,836.667,-947.667
1629,2454.9367,640.499,452.955,1127.2517,-1.41,6109,1213.7,3,168.33333333333334,183.27,3605.0,-1252.0,841.667,-923.0
1630,2338.5533,531.1808,437.0933,601.6067,-1.41,5807,1100.3,3,157.0,174.22,3438.667,-1184.333,785.0,-875.0
1631,1524.9433,496.0087,458.2483,665.54,-1.41,4070,1113.8,3,99.66666666666667,122.11,2373.333,-848.5,498.333,-620.333
1632,2912.01,584.9516,381.8083,490.7,-0.91,7067,982.3,3,199.66666666666666,212.01,4199.0,-1434.0,998.333,-1063.333
1633,1691.3033,587.2555,491.3783,643.9933,-1.41,4031,1131.2,3,115.0,117.97,2367.0,-782.667,575.0,-586.0
1634,3290.42,762.7977,686.7283,1116.1483,-0.41,7931,1485.5,3,223.0,237.92,4731.667,-1599.5,1115.0,-1194.667
1635,2153.95,738.738,599.1183,899.4283,-0.41,5665,1484.5,3,134.33333333333334,169.95,3339.0,-1163.0,671.667,-863.667
1636,2144.2033,663.1682,645.245,848.1833,1.09,5362,1583.2,3,141.66666666666666,160.87,3179.667,-1091.333,708.333,-813.333
1637,1660.5133,549.8023,511.3367,506.52,-0.91,4346,1237.8,3,120.0,115.18,2290.0,-774.667,600.0,-570.0
1638,1841.2167,743.3799,673.2983,793.245,-1.41,4709,1577.8,3,130.0,129.05,2569.333,-866.167,650.0,-641.0
1639,1774.2133,725.5589,614.8917,618.445,-0.91,4396,1499.2,3,127.66666666666667,131.88,2574.667,-910.667,638.333,-660.0
1640,3150.39,593.4901,467.445,675.3483,-1.41,7513,1009.5,3,220.66666666666666,225.39,4468.333,-1522.333,1103.333,-1124.333
1641,1697.2,546.2175,483.665,635.19,-0.41,4223,1189.5,3,116.33333333333333,126.7,2493.0,-865.167,581.667,-639.0
1642,1567.05,628.7168,551.7183,470.25,1.7567,3968,1311.8,3,102.33333333333333,119.05,2348.333,-810.0,511.667,-602.0
1643,1739.05,579.7657,468.9367,952.0533,-1.41,4168,1138.2,3,116.33333333333333,125.05,2495.667,-836.333,581.667,-627.0
1644,1894.71,555.4814,451.74,666.8967,-1.41,4690,1174.7,3,125.0,140.71,2785.667,-952.333,625.0,-704.333
1645,1676.9567,562.1426,415.4367,822.7167,7.2967,4060,1059.0,21,112.33333333333333,121.79,2422.667,-818.5,561.667,-610.667
1646,2273.48,693.7883,558.7983,855.2267,-0.91,5366,1333.0,3,160.66666666666666,160.98,3195.667,-1085.167,803.333,-801.333
1647,2286.4867,752.0162,656.255,842.8567,-1.41,5611,1638.0,3,155.0,168.32,3327.667,-1141.5,775.0,-843.0
1648,1836.2133,606.8489,570.64,594.25,-1.41,4229,1303.3,3,131.33333333333334,126.88,2531.333,-849.0,656.667,-629.667
1649,2792.5167,665.5053,429.355,827.3233,-1.91,7212,1020.8,3,186.66666666666666,216.35,4227.333,-1492.167,933.333,-1092.333
1650,2164.67,573.2212,524.3933,581.6833,10.7367,5039,1210.3,36,152.0,151.17,3018.667,-1010.167,760.0,-755.0
1651,2242.0067,658.2222,599.72,606.4583,-1.41,5495,1492.2,3,155.33333333333334,164.84,3249.667,-1122.5,776.667,-826.667
1652,2852.1233,655.3474,601.2533,649.1433,26.43,6760,1485.3,93,196.66666666666666,202.79,4039.667,-1360.0,983.333,-1013.667
1653,3112.7733,557.7325,443.785,514.5617,-0.91,7415,1126.3,3,224.0,222.44,4388.667,-1513.0,1120.0,-1105.333
1654,1545.86,597.5958,518.4333,809.4767,-1.1833,3979,1211.7,5,97.66666666666667,119.36,2355.667,-811.5,488.333,-606.0
1655,1946.22,668.8219,615.24,679.6683,-1.41,4441,1527.7,3,142.66666666666666,133.22,2652.667,-894.0,713.333,-659.0
1656,1680.8967,620.6375,552.02,666.6917,-0.24,4335,1305.7,9,117.0,125.23,2457.0,-858.667,585.0,-627.667
1657,1511.78,536.1359,501.6733,612.6733,-0.9767,3593,1282.5,3,106.33333333333333,107.78,2135.333,-728.667,531.667,-534.333
1658,1993.2233,513.3328,424.7017,764.91,1.42,4730,1077.7,17,141.66666666666666,141.89,2809.0,-960.333,708.333,-705.667
1659,2118.2233,572.6302,356.9317,657.5633,-1.41,5213,925.5,3,147.33333333333334,156.39,3078.0,-1067.5,736.667,-785.333
1660,1829.3367,497.3623,405.885,988.9517,-1.41,4189,996.2,3,124.33333333333333,125.67,2535.0,-827.0,621.667,-626.0
1661,1602.6,496.6853,462.6783,646.8517,-1.41,3887,1151.8,3,113.66666666666667,116.6,2294.0,-796.333,568.333,-580.0
1662,2615.6633,713.1497,525.5517,979.2783,-1.41,6328,1237.3,3,176.0,189.83,3773.333,-1277.167,880.0,-950.333
1663,1475.67,480.0097,412.57,706.23,1.2567,3556,969.0,3,98.0,106.67,2129.0,-713.333,490.0,-536.667
1664,1932.9233,637.9517,512.3383,854.27,-1.41,4703,1303.8,3,130.0,141.09,2800.667,-951.167,650.0,-707.667
1665,1658.6267,510.1605,442.9217,776.8333,-1.41,4099,1146.8,3,116.0,122.96,2413.333,-842.667,580.0,-615.0
1666,1974.5067,586.9627,468.5783,724.715,-2.1933,4761,1146.3,3,134.66666666666666,142.84,2837.333,-962.0,673.333,-717.0
1667,1645.5833,571.6287,552.7917,676.4383,5.4567,4325,1412.5,10,115.0,129.75,2504.667,-910.167,575.0,-653.667
1668,1958.8567,585.3976,487.0367,677.6033,9.17,4940,1169.2,56,129.33333333333334,148.19,2923.667,-1008.0,646.667,-751.667
1669,2103.6,606.8067,488.4883,894.1017,3.4667,5453,1129.5,35,135.33333333333334,163.6,3214.0,-1119.667,676.667,-831.0
1670,2069.9533,532.1649,467.7433,768.63,0.3,5087,1127.5,20,144.0,152.62,3002.667,-1042.333,720.0,-763.0
1671,2165.72,539.9307,528.6667,715.1367,5.4533,5091,1193.0,15,148.33333333333334,152.72,3050.667,-1020.0,741.667,-759.333
1672,2282.8,665.1698,667.8483,826.7917,-0.41,5327,1591.5,3,159.0,159.8,3193.333,-1066.667,795.0,-798.667
1673,2520.1233,402.6427,219.0767,463.7517,-1.41,5810,552.8,3,178.66666666666666,174.29,3481.333,-1164.167,893.333,-864.667
1674,1972.4767,577.9003,503.2867,616.9567,-1.4333,5127,1229.5,13,135.66666666666666,153.81,2987.0,-1070.0,678.333,-776.667
1675,2354.1333,683.2321,487.465,1033.5467,-1.6933,5777,1124.3,3,162.0,169.3,3361.667,-1140.833,810.0,-846.0
1676,2574.51,619.8933,590.2367,734.325,-0.41,6034,1422.0,3,179.66666666666666,181.01,3606.667,-1213.5,898.333,-898.0
1677,2104.3433,598.2216,610.4867,736.6367,-0.41,5234,1430.5,3,140.33333333333334,157.01,3104.333,-1064.667,701.667,-794.0
1678,2948.7867,719.6889,599.095,946.5017,-1.41,7454,1463.5,3,189.66666666666666,223.62,4425.0,-1514.5,948.333,-1133.667
1679,1656.9967,672.5891,650.9467,748.035,-1.41,4028,1672.0,3,115.66666666666667,120.83,2384.667,-821.5,578.333,-605.333
1680,1408.49,556.8411,411.8217,487.2033,-0.41,3372,981.0,3,96.66666666666667,100.99,2008.0,-679.167,483.333,-504.667
1681,2417.2,684.2203,656.1883,867.6733,-1.41,5923,1537.8,3,163.0,177.7,3518.333,-1202.5,815.0,-891.333
1682,1537.3333,643.1719,606.5317,734.8483,-2.1933,3633,1368.2,5,108.33333333333333,109.0,2163.333,-735.0,541.667,-541.667
1683,3465.0533,792.2761,566.72,800.955,7.89,8457,1399.0,46,238.0,253.72,5016.0,-1720.667,1190.0,-1274.0
1684,1836.8433,747.8475,641.1033,611.3583,68.41,4634,1563.3,180,119.0,139.01,2750.0,-941.833,595.0,-705.333
1685,3386.5367,714.8011,504.3917,739.5917,-1.41,8246,1218.7,3,234.33333333333334,247.37,4884.0,-1680.833,1171.667,-1235.667
1686,2315.9067,540.5173,396.005,566.54,1.7567,5075,958.2,3,163.0,152.24,3086.667,-994.0,815.0,-744.0
1687,2625.8733,669.1229,502.6633,556.095,15.5867,5785,1162.7,97,186.66666666666666,173.54,3505.333,-1139.667,933.333,-846.667
1688,2123.47,590.9825,511.27,738.9667,-0.41,5066,1154.3,3,145.33333333333334,151.97,3024.667,-1020.5,726.667,-759.333
1689,2300.5867,614.1066,531.4233,883.975,-2.48,5781,1405.0,3,152.66666666666666,173.42,3417.0,-1181.833,763.333,-871.333
1690,2196.6067,622.2639,544.9633,1021.2283,13.0433,5731,1287.7,35,146.66666666666666,171.94,3353.333,-1189.0,733.333,-873.0
1691,2029.1933,525.0765,423.9167,977.8117,-0.91,5012,940.3,3,140.33333333333334,150.36,2957.0,-1027.5,701.667,-752.333
1692,2043.7433,558.3712,503.9717,863.7033,-1.41,4830,1182.5,3,138.33333333333334,144.91,2896.667,-966.833,691.667,-722.667
1693,2788.4467,786.0173,717.965,1013.3283,0.09,6876,1635.3,3,188.33333333333334,206.28,4076.333,-1399.833,941.667,-1036.0
1694,1860.1067,744.4417,639.8367,508.4833,-0.41,4581,1357.0,3,124.33333333333333,137.44,2720.667,-930.333,621.667,-689.333
1695,2308.1267,785.2403,651.345,983.15,28.7733,5615,1519.8,48,150.0,168.46,3362.667,-1126.333,750.0,-846.667
1696,2121.68,630.8113,581.0367,581.0367,12.0233,5273,1397.3,37,139.0,158.18,3136.333,-1068.167,695.0,-799.667
1697,1689.18,584.1648,468.4533,717.6083,7.45,4010,1260.3,32,111.33333333333333,119.18,2398.0,-787.333,556.667,-597.333
1698,1418.0967,565.1769,568.78,785.6167,-1.41,3514,1421.8,3,96.66666666666667,105.43,2075.667,-719.333,483.333,-527.0
1699,2224.0733,705.9433,618.5617,596.525,-1.6933,5825,1413.2,5,150.33333333333334,174.74,3396.0,-1214.333,751.667,-884.0
1700,2344.3767,550.4363,471.0533,644.9767,1.09,5607,1106.2,3,163.0,168.21,3336.667,-1135.167,815.0,-840.333
1701,1825.4267,390.4505,200.685,772.8967,-1.41,4509,447.8,3,119.0,135.26,2687.667,-910.5,595.0,-682.0
1702,2486.9133,523.9525,399.56,635.3933,3.0067,6186,977.3,40,175.0,185.58,3629.333,-1278.333,875.0,-924.667
1703,1521.3767,444.4322,351.58,519.2067,-1.41,3524,844.3,3,110.66666666666667,105.71,2096.333,-713.667,553.333,-520.333
1704,2161.9433,688.3909,615.855,1093.9083,6.5633,5320,1533.7,8,146.66666666666666,159.61,3152.333,-1084.0,733.333,-799.333
1705,1426.7767,518.8265,476.9067,547.7767,-0.91,3555,1208.3,3,104.33333333333333,100.11,1981.0,-678.0,521.667,-498.0
1706,2363.0233,542.9167,434.885,681.1233,9.18,5173,968.5,23,170.66666666666666,155.19,3134.667,-1019.167,853.333,-761.0
1707,2054.42,541.2391,403.415,853.1783,-0.41,4897,947.2,3,142.33333333333334,146.92,2918.333,-989.5,711.667,-733.0
1708,2581.3067,561.7996,452.25,687.5783,-1.41,5955,1039.0,3,177.0,178.64,3585.333,-1184.667,885.0,-883.0
1709,1698.9267,519.1413,467.2167,740.2683,-1.41,3809,1112.3,3,119.33333333333333,114.26,2306.667,-751.0,596.667,-567.667
1710,1784.5733,528.6606,452.0317,591.0567,-1.41,4191,971.3,3,127.66666666666667,125.74,2494.333,-848.5,638.333,-625.333
1711,2119.0333,670.7578,604.725,788.8783,-1.41,4773,1396.0,3,151.66666666666666,143.2,2871.0,-951.167,758.333,-702.333
1712,1662.7767,621.5025,518.87,650.605,-1.41,4054,1181.3,3,109.66666666666667,121.61,2420.0,-816.833,548.333,-610.333
1713,2745.4367,662.2997,552.3217,782.4883,-0.5033,6626,1246.0,3,185.33333333333334,198.77,3953.0,-1336.333,926.667,-996.667
1714,2016.49,622.4708,518.14,838.9733,-0.91,4700,1213.0,3,140.0,140.99,2815.333,-942.167,700.0,-697.667
1715,2596.01,761.6076,744.9017,1004.965,-0.41,6534,1593.3,3,175.0,196.01,3851.667,-1341.0,875.0,-985.667
1716,2347.5167,643.1243,582.4117,738.2317,-1.41,5712,1492.2,3,163.0,171.35,3382.667,-1164.5,815.0,-857.0
1717,3357.92,691.705,676.85,722.2567,-1.41,8347,1597.5,3,223.33333333333334,250.42,4952.333,-1697.5,1116.667,-1264.0
1718,1704.2133,601.1363,549.2,857.7183,-0.38,4193,1257.7,4,126.66666666666667,117.38,2327.0,-792.833,633.333,-580.667
1719,2463.5967,584.4919,412.4233,707.445,-1.41,6414,1003.0,3,160.66666666666666,192.43,3767.333,-1323.5,803.333,-976.0
1720,2079.6633,601.2734,591.9133,768.6383,-1.41,5228,1442.5,3,139.66666666666666,156.83,3086.667,-1070.5,698.333,-791.667
1721,2131.78,600.2097,452.0433,920.2983,-1.41,5226,1030.5,3,148.0,156.78,3087.333,-1069.333,740.0,-783.0
1722,3518.3,644.5692,557.315,702.805,-1.41,8627,1366.8,3,236.66666666666666,258.8,5125.667,-1750.5,1183.333,-1299.0
1723,2270.8033,714.0314,694.8967,804.0667,-0.41,5466,1657.7,3,155.66666666666666,163.97,3255.333,-1105.167,778.333,-821.667
1724,2293.1667,635.0303,617.8667,808.9183,2.4267,5567,1490.2,25,161.66666666666666,167.0,3289.667,-1138.5,808.333,-833.333
1725,1908.93,608.6392,489.375,664.0817,-1.41,4698,1196.5,3,130.33333333333334,140.93,2784.333,-956.667,651.667,-711.333
1726,1552.33,519.3117,414.7533,617.165,-0.41,3928,1017.2,3,104.33333333333333,117.83,2314.667,-806.5,521.667,-595.333
1727,2476.9233,665.3531,541.7583,647.1617,1.8767,6120,1285.0,7,166.66666666666666,183.59,3627.0,-1246.333,833.333,-920.667
1728,2615.7233,631.265,505.5517,689.26,-1.41,6346,1218.2,3,177.66666666666666,190.39,3776.333,-1285.0,888.333,-954.333
1729,1630.0067,606.7981,558.63,773.0533,-0.41,4028,1369.8,3,105.33333333333333,120.84,2404.333,-811.833,526.667,-610.0
1730,2330.0167,641.6725,496.4217,881.6317,-1.41,5845,1185.3,3,153.33333333333334,175.35,3463.667,-1190.667,766.667,-885.0
1731,1909.99,663.0229,603.2117,1032.8217,5.5667,4550,1511.8,13,133.0,136.49,2708.0,-920.833,665.0,-678.667
1732,2135.9067,659.5769,541.03,682.2917,3.5433,5258,1265.5,24,146.0,157.74,3111.667,-1073.167,730.0,-790.333
1733,3087.6767,772.1866,581.8267,761.1583,21.7933,7750,1478.3,99,207.0,232.51,4580.0,-1585.167,1035.0,-1174.667
1734,2209.2833,581.3196,422.5217,903.93,-0.41,5232,943.0,3,152.66666666666666,156.95,3127.667,-1052.0,763.333,-786.667
1735,1791.2333,616.3892,569.115,711.5533,-1.41,4380,1333.2,3,121.33333333333333,131.4,2603.667,-888.167,606.667,-662.333
1736,2119.4767,670.3579,573.505,953.6,-1.6933,5110,1324.8,3,150.0,153.31,3025.333,-1042.5,750.0,-766.667
1737,2313.2033,816.2002,789.5167,983.1417,-1.41,5562,1907.0,3,160.66666666666666,166.87,3305.0,-1128.667,803.333,-833.333
1738,2086.11,643.7071,530.4467,666.2717,-1.41,5154,1335.3,3,146.0,154.61,3034.667,-1059.5,730.0,-773.667
1739,2469.6633,645.9767,503.0917,650.595,-1.41,5811,1251.7,3,174.66666666666666,174.33,3464.333,-1173.333,873.333,-869.0
1740,2038.1233,520.1291,429.635,684.0383,9.42,5226,990.5,31,137.0,156.79,3065.667,-1080.333,685.0,-789.0
1741,2411.4933,670.715,540.21,615.5117,-1.41,5989,1256.5,3,160.66666666666666,179.66,3550.333,-1219.167,803.333,-902.667
1742,1583.99,607.2177,566.1467,688.6983,4.89,3833,1295.3,13,106.33333333333333,114.99,2287.0,-773.0,531.667,-576.667
1743,1765.14,495.2002,382.55,648.25,-0.91,4005,876.7,3,120.33333333333333,120.14,2430.667,-787.0,601.667,-600.333
1744,2113.3933,680.7872,605.7567,684.5667,-1.41,5169,1445.5,3,142.66666666666666,155.06,3071.333,-1048.667,713.333,-777.667
1745,2226.2133,671.4366,568.8767,693.7183,3.7933,5720,1260.7,15,157.33333333333334,148.38,2995.667,-975.167,786.667,-729.333
1746,1952.8167,624.7996,527.2233,843.4,-0.9567,4562,1263.8,7,135.0,133.15,2681.667,-878.333,675.0,-658.667
1747,1775.4333,644.7927,546.7433,767.4567,5.9367,4224,1424.8,9,131.66666666666666,113.1,2290.0,-740.0,658.333,-546.0
1748,1825.9067,591.7879,532.5633,630.485,-1.6733,4108,1184.8,3,131.0,123.24,2474.0,-817.0,655.0,-609.333
1749,3302.4867,730.5296,558.2083,672.3417,-1.41,7494,1291.5,3,233.66666666666666,224.82,4508.667,-1492.667,1168.333,-1106.667
1750,2192.4133,626.0199,573.94,750.8117,5.5167,5436,1342.2,28,153.0,163.08,3201.333,-1117.333,765.0,-819.667
1751,2370.16,702.8053,676.815,975.9533,-1.41,5239,1585.5,3,163.0,157.16,3196.0,-1021.333,815.0,-776.667
1752,1588.5067,619.9543,568.5783,686.285,-1.41,3815,1325.0,3,113.0,112.84,2233.333,-764.0,565.0,-558.667
1753,2119.74,723.0206,659.7867,1146.9783,1.77,4991,1544.7,26,145.66666666666666,149.74,2990.0,-1000.667,728.333,-747.667
1754,2214.3433,734.8331,574.2033,1030.4233,5.3833,5400,1278.2,18,158.33333333333334,162.01,3179.667,-1110.333,791.667,-808.667
1755,1356.5733,519.5694,479.2433,576.305,-1.41,3158,1147.3,3,93.0,94.74,1897.667,-630.167,465.0,-470.667
1756,3001.3367,670.5155,575.6083,835.1433,-1.41,7039,1309.2,3,204.33333333333334,211.17,4227.333,-1405.833,1021.667,-1053.0
1757,2264.34,773.7999,659.55,989.1483,-1.41,5561,1601.7,3,151.0,166.84,3307.667,-1126.833,755.0,-838.333
1758,2476.1067,811.7639,673.8067,1133.5817,2.06,6115,1669.5,35,164.66666666666666,183.44,3633.333,-1240.667,823.333,-923.333
1759,1824.7533,600.8068,547.7683,883.4767,2.88,4759,1256.2,29,120.0,134.42,2672.0,-904.333,600.0,-677.333
1760,1885.8567,617.7404,679.0533,926.2167,-1.41,4806,1638.3,3,129.0,144.19,2818.333,-994.0,645.0,-727.667
1761,2365.4333,585.1672,374.7417,612.9717,-1.41,5653,1000.7,3,167.0,169.6,3356.333,-1148.5,835.0,-847.0
1762,1571.61,649.2295,587.3933,665.865,-1.41,3667,1435.3,3,111.33333333333333,109.11,2174.0,-731.5,556.667,-536.667
1763,2522.36,693.8647,664.47,788.51,-1.41,5562,1568.8,3,177.0,166.86,3378.333,-1091.833,885.0,-816.0
1764,3389.7233,668.0094,533.56,848.7833,-1.41,8630,1159.8,3,230.33333333333334,258.89,5070.0,-1779.833,1151.667,-1311.0
1765,1910.2633,676.5098,598.6983,921.73,6.8633,4531,1428.3,18,133.33333333333334,135.93,2702.333,-914.333,666.667,-680.333
1766,2794.5167,610.3283,644.4817,822.69,6.56,6828,1512.2,35,188.66666666666666,204.85,4060.333,-1384.0,943.333,-1030.0
1767,1746.5633,675.8671,564.0167,558.0633,-0.91,4260,1256.0,3,118.0,124.23,2482.333,-829.333,590.0,-620.667
1768,2774.5233,584.6159,517.9033,775.82,-1.41,6940,1286.2,3,191.0,208.19,4085.667,-1427.0,955.0,-1047.333
1769,1793.32,660.7965,561.3317,546.5667,5.4033,4327,1331.0,36,124.66666666666667,129.82,2569.667,-878.833,623.333,-650.667
1770,3028.7433,748.2348,593.3167,805.7417,1.74,7447,1365.0,25,209.33333333333334,223.41,4401.667,-1522.667,1046.667,-1120.333
1771,1786.4767,775.811,771.79,1029.19,1.12,4227,1903.7,4,125.66666666666667,126.81,2519.0,-854.0,628.333,-633.667
1772,2181.3533,740.424,643.5533,702.935,0.76,5267,1591.2,3,142.0,158.02,3161.333,-1053.0,710.0,-795.0
1773,2089.9033,595.1547,456.0217,597.8033,-1.41,5186,1070.3,3,149.33333333333334,155.57,3037.0,-1074.333,746.667,-775.0
1774,2267.7033,503.4288,214.6517,866.285,0.09,5246,502.0,3,162.66666666666666,157.37,3133.0,-1056.333,813.333,-779.667
1775,2119.0767,582.4277,488.055,832.3983,-1.41,5214,1010.2,3,138.33333333333334,156.41,3113.0,-1050.333,691.667,-791.667
1776,2298.97,710.1077,644.8633,1029.1883,1.2567,5599,1450.5,3,159.0,167.97,3316.333,-1141.333,795.0,-839.0
1777,2615.8,624.0014,458.675,825.2317,0.7133,6593,1049.7,3,169.0,197.8,3914.667,-1339.333,845.0,-1002.333
1778,2020.3567,629.7978,506.5783,1057.6783,1.6433,5040,1258.2,10,138.0,151.19,2972.0,-1033.833,690.0,-759.0
1779,1942.3133,589.1785,414.545,594.6167,6.4033,4399,983.5,36,135.33333333333334,131.98,2657.333,-871.0,676.667,-652.667
1780,2626.56,826.9091,696.2867,998.25,-1.41,6135,1604.7,3,183.0,184.06,3673.667,-1230.833,915.0,-915.333
1781,1467.7733,592.5714,501.3833,905.205,-0.91,3698,1151.7,3,96.66666666666667,110.94,2187.667,-755.167,483.333,-559.0
1782,1613.9767,578.4819,584.9433,695.685,-0.41,3860,1292.7,3,112.0,115.81,2298.667,-780.833,560.0,-579.667
1783,2221.0433,628.5305,585.095,799.5617,5.5067,5474,1430.0,45,156.0,164.21,3224.667,-1124.5,780.0,-823.333
1784,2578.6933,718.6717,570.1917,654.9367,26.6333,6245,1357.8,73,175.0,187.36,3720.667,-1262.333,875.0,-942.0
1785,3549.62,667.9453,576.85,697.6783,-0.91,8671,1294.3,3,237.33333333333334,260.12,5162.333,-1754.167,1186.667,-1305.333
1786,3971.4733,706.0421,519.155,837.8383,13.1433,9605,1278.3,40,281.0,288.14,5678.667,-1963.0,1405.0,-1437.333
1787,2335.97,735.2648,679.9883,992.4633,8.2733,5932,1674.0,48,156.66666666666666,177.97,3492.333,-1220.0,783.333,-897.667
1788,3259.8967,631.7043,500.8633,880.3567,-1.24,8208,1158.7,5,222.66666666666666,246.23,4829.0,-1689.333,1113.333,-1239.333
1789,2071.7767,842.6337,732.89,931.26,-1.41,4886,1849.8,3,143.66666666666666,144.11,2883.667,-960.0,718.333,-714.333
1790,2633.0733,735.1579,681.83,1130.4383,14.1567,6325,1686.0,36,173.33333333333334,189.74,3796.0,-1264.333,866.667,-955.0
1791,2121.7367,784.0519,726.86,985.0867,-0.91,5319,1775.5,3,144.33333333333334,159.57,3135.333,-1091.833,721.667,-803.0
1792,2674.0767,608.0297,488.0583,659.1317,-4.2267,6547,1286.5,3,180.0,196.41,3892.333,-1327.333,900.0,-987.333
1793,1752.9233,642.6727,509.5533,894.5883,-1.41,4336,1242.0,3,114.0,130.09,2584.667,-875.833,570.0,-656.0
1794,2111.0,509.0443,430.5017,871.475,-1.6933,5250,1116.8,5,143.66666666666666,157.5,3101.0,-1074.5,718.333,-791.333
1795,2302.0233,783.8011,610.2467,907.4917,4.9333,5740,1611.0,20,155.0,172.19,3392.667,-1173.5,775.0,-864.333
1796,1794.67,588.9131,442.2533,1050.5867,-1.41,4439,1072.3,3,121.0,133.17,2630.0,-904.5,605.0,-669.0
1797,1543.93,543.8308,499.935,998.8533,0.7567,3698,1268.7,3,105.33333333333333,110.93,2205.667,-746.0,526.667,-553.333
1798,2196.51,598.4339,462.3233,361.32,-1.6733,5184,1111.0,3,144.66666666666666,155.51,3123.667,-1030.0,723.333,-776.0
1799,3304.7533,692.3249,627.41,876.1483,-0.41,7647,1415.2,3,230.66666666666666,229.42,4590.0,-1528.667,1153.333,-1139.333
1800,2732.64,681.1102,458.4383,941.8367,-2.48,6621,1132.8,3,190.33333333333334,198.64,3924.0,-1348.667,951.667,-993.0
