generation,best_score,mean_score,median_score,elite_median_score,worst_score,best_turns,median_turns,worst_turns,best_food_eaten,best_sc_survival,best_sc_towards,best_sc_against,best_sc_ate,best_sc_bomb
1,13.1133,2.9259,2.6633,6.3467,-1.16,90,16.3,3,1.6666666666666667,0.38,5.333,-0.6,8.333,-0.333
2,14.5667,3.8459,3.2817,3.8467,-0.88,79,17.7,3,1.0,1.3,14.5,-3.067,5.0,-3.167
3,10.6133,3.3236,2.965,4.1483,-0.54,97,17.3,3,0.3333333333333333,2.88,23.667,-9.933,1.667,-7.667
4,21.6067,4.2517,3.84,5.2733,-0.54,79,15.3,3,2.0,1.54,17.167,-3.6,10.0,-3.5
5,12.92,4.5679,3.4733,3.405,-0.54,86,17.3,3,1.0,1.62,15.333,-4.867,5.0,-4.167
6,17.83,5.1518,4.06,5.2517,-0.54,117,24.8,3,1.3333333333333333,2.13,20.667,-6.133,6.667,-5.5
7,36.8767,5.1548,4.2867,3.7317,-0.54,105,21.2,3,3.6666666666666665,3.11,31.333,-8.4,18.333,-7.5
8,43.7567,7.045,4.635,4.5683,-0.7033,251,24.5,3,2.3333333333333335,7.49,67.667,-23.067,11.667,-20.0
9,107.4733,7.8354,4.7483,4.1267,-0.8167,479,25.3,3,8.0,14.34,133.167,-42.533,40.0,-37.5
10,103.9933,9.4323,5.86,5.6217,-0.0733,413,25.7,3,8.333333333333334,12.36,117.667,-35.533,41.667,-32.167
11,92.56,11.2528,5.4967,5.6867,-0.34,439,31.5,3,8.0,9.86,95.333,-27.8,40.0,-24.833
12,71.3733,9.5623,5.4483,3.2233,-0.54,256,37.2,3,6.0,7.64,74.667,-21.267,30.0,-19.667
13,122.2867,12.1864,4.3717,3.195,-0.3067,555,34.5,3,9.333333333333334,16.62,152.5,-50.0,46.667,-43.5
14,181.4733,16.9865,4.9217,8.5333,-0.54,812,28.0,3,13.0,24.34,227.333,-71.533,65.0,-63.667
15,69.8767,10.0479,5.1183,5.0933,-0.54,298,30.3,3,5.333333333333333,8.91,83.5,-26.2,26.667,-23.0
16,147.2367,17.5489,7.2267,5.5367,-0.54,683,36.5,3,10.666666666666666,20.47,188.167,-61.4,53.333,-53.333
17,183.9033,22.5987,5.2783,4.575,-0.3067,793,32.7,3,13.333333333333334,23.77,224.5,-68.867,66.667,-62.167
18,115.6067,22.4908,9.7633,9.4483,-0.1467,515,48.3,7,9.333333333333334,13.44,128.667,-38.333,46.667,-34.833
19,170.51,25.6438,8.9267,5.875,0.9867,691,48.5,3,14.666666666666666,20.71,191.0,-61.867,73.333,-52.667
20,114.95,23.9999,10.4617,9.2517,-0.54,489,59.3,3,9.666666666666666,14.65,134.167,-44.2,48.333,-38.0
21,231.2167,24.0647,6.1867,5.4617,-0.54,1089,32.8,3,16.333333333333332,32.65,300.667,-97.6,81.667,-86.167
22,122.2533,24.7089,10.95,9.4033,-1.33,568,65.3,3,9.666666666666666,16.02,147.667,-47.933,48.333,-41.833
23,154.6633,24.9985,10.2783,11.0983,-0.54,645,61.0,3,13.333333333333334,19.33,176.833,-58.333,66.667,-49.833
24,203.4067,25.0415,8.7533,25.3383,-0.54,862,37.2,3,15.666666666666666,25.84,242.167,-75.6,78.333,-67.333
25,250.5167,27.6164,10.4783,13.9917,-0.54,1053,50.5,3,21.0,31.55,290.0,-94.533,105.0,-81.5
26,169.77,30.5181,9.17,37.6883,-0.5967,773,62.3,3,13.333333333333334,23.17,210.667,-70.4,66.667,-60.333
27,181.6,33.4027,16.3433,20.535,-0.6533,721,75.0,4,14.0,21.6,207.167,-61.333,70.0,-55.833
28,271.0633,36.8768,8.505,9.12,-0.0733,1082,45.7,3,22.333333333333332,32.43,305.5,-94.2,111.667,-84.333
29,183.9567,39.6555,14.1333,66.555,-0.0733,841,82.0,3,13.666666666666666,25.19,231.833,-75.4,68.333,-66.0
30,268.5033,36.5429,15.63,28.185,1.05,1117,74.2,8,20.333333333333332,33.47,317.167,-96.467,101.667,-87.333
31,166.61,41.0417,12.735,38.9967,-0.3067,656,78.8,3,14.666666666666666,18.01,172.167,-51.4,73.333,-45.5
32,246.5467,38.2843,18.77,36.9633,-0.3067,1014,75.3,3,19.666666666666668,30.38,285.167,-88.667,98.333,-78.667
33,321.49,59.348,26.535,102.4433,-0.3067,1447,117.2,3,24.333333333333332,43.39,399.333,-129.733,121.667,-113.167
34,207.7833,45.6693,25.2867,69.26,-0.71,1006,108.5,3,14.666666666666666,30.15,275.0,-91.2,73.333,-79.5
35,196.7133,48.5999,26.87,81.8867,-0.6533,894,100.3,3,14.333333333333334,26.78,248.333,-79.4,71.667,-70.667
36,224.6,46.142,21.8617,88.0917,-0.5733,1058,97.5,4,15.333333333333334,31.7,294.0,-93.933,76.667,-83.833
37,329.5833,37.4807,10.2067,74.4567,-0.6933,1269,51.5,3,27.666666666666668,38.05,360.167,-109.8,138.333,-97.167
38,177.51,27.9259,13.1733,51.7567,-0.54,781,62.7,3,14.0,23.41,215.5,-70.067,70.0,-61.333
39,278.0133,38.8187,9.4817,109.5233,-0.5267,1140,65.5,6,19.666666666666668,34.18,331.0,-95.667,98.333,-89.833
40,308.35,48.9101,27.0533,51.9933,-0.54,1356,116.5,3,24.333333333333332,40.65,374.333,-121.467,121.667,-106.833
41,237.7367,45.6837,18.705,35.185,-0.88,1053,106.7,3,18.0,31.57,292.5,-93.667,90.0,-82.667
42,196.9533,47.7548,28.0133,80.4083,-0.54,848,118.7,3,15.333333333333334,25.42,236.333,-75.133,76.667,-66.333
43,180.8667,44.8865,24.63,95.575,0.94,848,110.7,12,14.666666666666666,23.5,216.0,-70.467,73.333,-61.5
44,158.5,39.4557,21.835,57.3317,-0.54,684,116.3,3,11.666666666666666,20.5,193.0,-59.667,58.333,-53.667
45,199.6633,39.275,17.915,69.49,-0.9667,805,103.2,3,17.0,24.13,224.0,-71.467,85.0,-62.0
46,249.76,44.1258,22.04,77.75,-0.54,1000,94.2,3,21.0,29.96,280.167,-87.867,105.0,-77.5
47,228.1,48.4304,35.79,86.9067,-0.9733,931,149.3,5,17.666666666666668,27.9,264.333,-80.467,88.333,-72.0
48,256.5767,51.9774,28.2167,76.8033,-1.0967,1185,113.0,3,19.0,35.51,325.833,-106.6,95.0,-93.167
49,211.5333,54.5887,43.0667,88.6533,-0.3067,957,204.2,3,14.666666666666666,28.5,267.667,-83.133,73.333,-74.833
50,328.5733,54.1365,17.24,113.205,-0.54,1259,91.7,3,28.333333333333332,37.74,355.333,-109.667,141.667,-96.5
51,336.46,45.3437,13.535,78.27,-0.9367,1410,92.3,3,26.333333333333332,42.26,396.167,-123.467,131.667,-110.167
52,241.22,57.3925,31.345,104.745,1.4733,1018,143.7,10,17.666666666666668,30.52,289.667,-87.8,88.333,-79.5
53,189.8367,50.1431,20.1933,64.1517,-0.7033,808,131.5,3,15.666666666666666,23.47,218.0,-69.467,78.333,-60.5
54,283.6067,42.7559,20.9883,63.935,-0.54,1269,98.5,3,22.0,38.04,349.667,-113.933,110.0,-100.167
55,162.6867,40.0872,21.265,79.5383,-0.4833,685,83.2,3,13.0,20.52,190.833,-60.667,65.0,-53.0
56,217.4567,56.025,42.0083,87.0283,0.1767,1061,202.8,10,14.0,31.79,294.5,-94.333,70.0,-84.5
57,265.43,49.4033,22.0717,66.8583,-0.3633,1159,99.5,3,22.666666666666668,31.93,296.833,-94.333,113.333,-82.333
58,157.96,36.67,17.3233,72.1283,-0.54,662,76.5,3,12.666666666666666,18.76,178.667,-53.8,63.333,-49.0
59,222.3633,46.8685,23.08,62.73,-1.4367,1029,107.2,3,16.0,30.83,284.833,-91.8,80.0,-81.5
60,231.2533,48.5438,13.0633,74.215,-0.0733,1062,64.3,3,18.333333333333332,31.82,288.167,-97.067,91.667,-83.333
61,203.64,54.0078,22.8167,101.9817,-0.71,949,125.5,3,17.666666666666668,28.44,250.833,-89.467,88.333,-74.5
62,287.8633,60.1037,40.1833,92.2,1.02,1192,158.8,5,22.666666666666668,35.73,336.333,-103.867,113.333,-93.667
63,286.36,56.8947,36.7317,85.25,-0.8633,1233,176.2,3,21.333333333333332,36.96,346.667,-107.933,106.667,-96.0
64,220.91,52.8714,28.8333,61.8567,-0.3633,895,137.5,3,17.333333333333332,26.81,253.833,-77.4,86.667,-69.0
65,314.3733,62.424,49.885,73.8667,-0.54,1411,185.8,3,22.333333333333332,39.34,377.5,-111.467,111.667,-102.667
66,320.9167,57.2513,30.23,79.22,0.7533,1276,143.0,5,28.0,34.85,334.0,-98.933,140.0,-89.0
67,426.3867,67.2916,31.675,95.365,0.8333,1718,142.5,8,37.0,49.02,461.333,-142.467,185.0,-126.5
68,351.4067,85.0817,61.8533,93.09,-0.6467,1631,228.8,3,29.666666666666668,44.54,408.333,-133.8,148.333,-116.0
69,479.3633,100.6994,68.17,94.0033,-0.54,1955,281.7,3,40.333333333333336,58.63,545.333,-172.933,201.667,-153.333
70,764.8767,105.8209,60.845,87.2767,-0.9833,2711,266.2,3,67.0,81.31,785.833,-227.933,335.0,-209.333
71,571.12,81.3687,42.7017,79.865,-0.54,2165,185.8,3,49.0,64.92,615.5,-186.8,245.0,-167.5
72,672.62,110.2492,56.1867,73.4633,-0.7667,2698,255.7,3,55.333333333333336,80.92,761.333,-235.133,276.667,-211.167
73,648.61,120.3243,77.6133,79.25,-0.6533,2538,352.5,3,57.333333333333336,76.11,707.333,-224.667,286.667,-196.833
74,999.9933,149.6138,79.4167,104.025,-0.9933,4090,309.0,3,79.0,122.66,1157.333,-355.0,395.0,-320.0
75,628.1267,109.3211,60.3867,82.0217,-0.2667,2600,255.0,10,49.666666666666664,77.96,732.333,-227.0,248.333,-203.5
76,545.68,113.92,70.66,114.7217,-0.54,2197,301.2,3,45.666666666666664,65.88,616.333,-192.867,228.333,-172.0
77,765.27,173.3225,106.635,105.0133,-0.9367,3050,443.7,3,64.0,91.47,858.667,-266.533,320.0,-238.333
78,1225.9233,100.8637,37.2933,78.3883,-0.54,4697,184.3,3,109.33333333333333,140.89,1315.833,-413.133,546.667,-364.333
79,575.7067,115.0264,59.91,78.325,-0.54,2366,277.3,3,46.0,70.94,666.833,-206.4,230.0,-185.667
80,486.32,120.6915,85.3717,87.9083,-0.1867,1878,353.5,3,41.333333333333336,56.32,532.5,-162.667,206.667,-146.5
81,526.8367,152.4742,107.7117,124.8933,0.49,2046,447.3,8,46.666666666666664,61.17,570.0,-180.0,233.333,-157.667
82,672.67,147.5789,116.77,133.6867,-0.54,3063,509.0,3,58.333333333333336,76.87,725.333,-222.533,291.667,-198.667
83,699.8833,173.236,79.59,189.995,-0.09,2756,325.3,3,58.0,82.65,780.667,-238.933,290.0,-214.5
84,622.0533,148.1006,56.9117,193.3217,-0.2933,2398,259.3,4,54.0,71.92,676.167,-209.2,270.0,-186.833
85,1023.9967,181.2151,63.0817,123.0383,-0.6533,4015,251.0,3,88.0,120.43,1127.833,-351.933,440.0,-312.333
86,731.8433,155.8003,105.7033,263.14,-0.54,2735,484.8,3,64.0,82.01,778.167,-235.667,320.0,-212.667
87,1093.88,156.9665,113.2817,140.2767,-0.3067,4300,418.8,3,93.33333333333333,128.98,1210.333,-375.933,466.667,-336.167
88,866.0967,170.9514,93.67,124.1583,-0.3067,3459,339.5,3,70.66666666666667,103.73,979.0,-300.133,353.333,-269.833
89,940.7267,184.4602,108.1983,195.5783,-0.54,3773,526.3,3,77.33333333333333,113.16,1064.167,-328.933,386.667,-294.333
90,710.1567,197.6223,148.6667,262.675,-0.54,2801,631.8,3,58.333333333333336,83.99,795.333,-242.0,291.667,-218.833
91,662.4967,159.6037,104.1133,207.965,-0.7433,2742,487.5,3,57.0,82.23,755.833,-246.067,285.0,-214.5
92,601.48,112.8235,45.075,134.8183,-0.88,2380,201.0,3,50.333333333333336,71.38,670.833,-207.733,251.667,-184.667
93,659.24,134.8387,65.1683,348.3767,-0.3067,2729,263.5,3,53.0,81.84,765.5,-239.6,265.0,-213.5
94,481.5533,132.3032,70.6083,223.0417,-0.88,1922,240.2,4,39.666666666666664,57.62,542.333,-167.4,198.333,-149.333
95,655.6567,153.3841,102.7883,206.175,-0.1133,2644,427.5,9,53.0,79.29,747.5,-229.8,265.0,-206.333
96,537.47,121.0702,63.7117,236.1067,-0.54,2113,262.2,3,45.0,63.37,597.333,-183.733,225.0,-164.5
97,915.87,174.8006,101.4183,259.0517,-0.9367,4200,443.8,5,70.33333333333333,125.97,1150.167,-379.933,351.667,-332.0
98,609.11,141.2085,115.7133,254.9867,-0.3067,2408,458.8,3,51.666666666666664,72.21,676.667,-210.933,258.333,-187.167
99,613.5133,152.0461,121.9217,347.4317,-0.0733,2447,466.2,3,52.666666666666664,73.38,683.833,-215.867,263.333,-191.167
100,642.83,160.9443,61.1367,193.3283,-0.42,2545,235.0,4,53.333333333333336,76.33,719.333,-221.333,266.667,-198.167
101,1109.3333,191.2679,83.1183,257.2867,-0.54,4554,336.0,3,91.0,136.6,1274.833,-400.933,455.0,-356.167
102,612.92,151.9247,42.6617,371.555,-1.1933,2475,224.2,3,53.0,74.22,688.0,-219.8,265.0,-194.5
103,957.1367,173.2005,41.8017,328.155,-0.71,3763,173.7,3,80.33333333333333,112.87,1063.167,-327.4,401.667,-293.167
104,524.7567,117.9107,15.2667,290.31,-0.54,2097,78.2,3,43.666666666666664,62.89,590.0,-183.467,218.333,-163.0
105,526.0567,144.7269,116.885,308.3033,-0.54,1967,387.2,3,47.0,58.99,555.5,-171.267,235.0,-152.167
106,724.54,189.4382,71.3033,465.9317,-0.54,2829,326.7,3,59.666666666666664,84.84,805.0,-243.8,298.333,-219.833
107,693.8533,169.3647,142.4017,250.015,-0.54,2808,545.3,3,57.333333333333336,84.22,788.667,-246.2,286.667,-219.5
108,883.61,212.1463,148.6567,235.93,-1.2,3628,588.8,3,71.66666666666667,108.81,1018.5,-318.2,358.333,-283.833
109,679.63,176.2185,80.4117,432.67,-0.7967,2585,326.2,3,58.666666666666664,77.53,733.333,-223.733,293.333,-200.833
110,1086.1367,188.4377,157.645,352.8517,-1.2333,4257,621.0,3,88.66666666666667,127.67,1212.833,-366.2,443.333,-331.5
111,887.5567,192.8346,169.175,240.435,0.7467,3367,780.7,5,75.0,100.99,961.333,-288.933,375.0,-260.833
112,844.0067,247.7855,205.7083,408.0717,1.17,3269,824.3,7,71.66666666666667,98.04,925.667,-283.533,358.333,-254.5
113,791.9267,174.6463,109.2783,222.4683,-0.4033,3136,414.2,3,68.0,94.06,878.667,-275.8,340.0,-245.0
114,670.04,184.2796,91.0417,267.6883,-0.46,2759,348.5,3,53.333333333333336,82.74,778.167,-240.533,266.667,-217.0
115,568.8433,142.2544,79.1667,204.6883,-0.54,2218,297.0,3,45.333333333333336,66.51,636.5,-189.0,226.667,-171.833
116,938.1333,204.4371,172.53,358.45,-0.54,3704,603.8,3,78.0,111.1,1048.5,-321.467,390.0,-290.0
117,1076.0533,158.6106,40.9667,271.6167,-0.54,4228,156.0,3,93.33333333333333,126.82,1183.5,-372.267,466.667,-328.667
118,816.1967,147.5014,100.2883,268.3817,-0.54,3349,386.5,3,68.66666666666667,100.43,931.667,-297.067,343.333,-262.167
119,554.3667,160.7534,89.38,146.7167,-0.3067,2104,322.0,3,47.333333333333336,63.1,597.833,-181.733,236.667,-161.5
120,636.0867,160.8364,104.5233,270.3617,0.0933,2545,409.0,5,53.0,76.32,715.667,-222.733,265.0,-198.167
121,767.4033,185.49,121.7033,232.6183,-0.3633,3083,485.0,3,66.33333333333333,89.97,843.167,-262.733,331.667,-234.667
122,861.8267,161.6153,78.6433,357.45,-0.54,3446,278.8,3,70.0,103.36,976.0,-298.867,350.0,-268.667
123,683.6433,147.1609,78.305,228.9667,1.5133,2761,353.3,5,56.333333333333336,82.81,776.5,-241.667,281.667,-215.667
124,973.8533,201.4201,125.065,314.21,-0.0733,3802,532.0,3,80.66666666666667,114.02,1080.833,-328.0,403.333,-296.333
125,639.3667,127.8944,38.14,246.815,-1.1067,2364,118.0,3,54.333333333333336,70.9,680.0,-200.867,271.667,-182.333
126,706.08,160.9572,43.0067,368.1067,-0.54,2773,181.0,3,62.333333333333336,78.08,741.833,-224.0,311.667,-201.5
127,892.19,177.0539,26.1583,326.4333,-0.54,3467,80.2,3,74.0,103.99,986.667,-298.8,370.0,-269.667
128,735.0133,153.5391,85.6383,237.8283,-0.6467,2847,337.7,3,61.666666666666664,85.38,808.833,-245.867,308.333,-221.667
129,898.0433,152.5171,58.0483,269.8133,0.76,3491,211.5,5,75.0,104.71,991.5,-301.667,375.0,-271.5
130,775.3667,191.4085,61.1283,397.5633,-0.55,3358,269.2,3,59.333333333333336,100.7,938.0,-296.333,296.667,-263.667
131,643.81,124.1784,43.56,304.5167,-0.47,2415,173.2,3,54.333333333333336,72.41,692.5,-205.933,271.667,-186.833
132,684.9967,139.3713,35.98,269.9483,-0.54,2485,146.5,3,59.666666666666664,74.53,714.667,-211.2,298.333,-191.333
133,1029.7133,154.9655,29.44,220.155,-0.54,3990,128.8,3,85.0,119.68,1138.167,-342.8,425.0,-310.333
134,782.53,152.1476,37.2667,259.665,-0.71,3082,169.0,3,66.33333333333333,92.43,867.5,-269.4,331.667,-239.667
135,783.44,167.5233,35.7117,496.26,-0.0333,3162,162.8,10,63.0,94.84,895.167,-274.4,315.0,-247.167
136,1006.4667,177.5227,50.5067,208.3567,-0.47,3788,212.3,5,84.66666666666667,113.6,1086.0,-323.133,423.333,-293.333
137,701.8067,171.1771,68.1217,267.8033,-0.9267,2726,242.8,3,59.666666666666664,81.74,770.5,-236.933,298.333,-211.833
138,1081.3867,194.5779,123.8733,327.5083,-1.17,4238,424.0,3,92.66666666666667,127.12,1191.5,-371.067,463.333,-329.5
139,697.69,185.5553,69.275,299.265,-0.9367,2734,256.8,3,58.0,81.99,775.0,-236.8,290.0,-212.5
140,891.2567,165.4189,90.72,207.1133,-0.54,3517,371.7,3,77.33333333333333,105.49,982.667,-310.4,386.667,-273.167
141,777.2267,255.1252,204.2233,379.775,-0.54,3326,780.7,3,67.0,89.26,841.833,-258.533,335.0,-230.333
142,1311.86,269.5666,252.0983,386.9383,-0.54,4976,978.2,3,111.66666666666667,149.26,1418.0,-428.067,558.333,-385.667
143,750.6133,160.6765,47.7583,175.235,-0.08,3054,197.3,3,62.0,91.58,856.5,-268.133,310.0,-239.333
144,774.2333,155.903,35.0283,386.9767,-0.1233,3158,155.7,3,62.666666666666664,94.7,889.333,-275.8,313.333,-247.333
145,830.3133,179.5257,103.5117,309.9367,-0.7667,3284,399.5,3,68.33333333333333,98.48,931.0,-284.333,341.667,-256.5
146,593.5667,174.3579,77.51,164.8333,-0.0733,2354,287.5,3,48.333333333333336,70.6,668.333,-203.533,241.667,-183.5
147,714.15,163.8373,73.7433,249.5433,-0.54,2899,287.5,3,58.0,86.95,816.833,-253.133,290.0,-226.5
148,800.3133,162.7341,114.0967,212.51,-0.54,3110,427.5,3,65.33333333333333,93.28,889.0,-266.467,326.667,-242.167
149,559.8,147.4218,63.0017,324.845,-0.8,2268,230.5,3,48.333333333333336,68.0,629.167,-201.867,241.667,-177.167
150,1225.0167,219.5313,115.1483,495.335,-0.1067,4959,436.5,6,105.0,148.75,1379.5,-440.067,525.0,-388.167
151,524.38,162.8386,139.0083,273.2433,-0.3067,2267,622.8,3,41.666666666666664,67.98,628.667,-201.933,208.333,-178.667
152,821.2933,167.7529,64.165,332.775,-0.3067,3320,273.7,3,67.66666666666667,99.56,933.333,-290.6,338.333,-259.333
153,851.98,181.381,87.9617,314.5617,0.0467,3344,327.3,3,71.66666666666667,100.28,944.833,-290.8,358.333,-260.667
154,633.7333,145.9089,46.9567,315.1717,-0.54,2408,200.7,3,55.0,72.2,681.833,-208.8,275.0,-186.5
155,635.3733,152.6366,58.0883,378.075,-0.58,2419,234.8,3,53.333333333333336,72.54,691.167,-207.333,266.667,-187.667
156,1186.7733,193.5384,84.735,272.9367,-0.9267,4612,304.0,3,101.0,138.34,1302.667,-401.4,505.0,-357.833
157,778.1067,166.4625,117.2767,270.0683,-0.54,3206,505.0,3,63.0,96.14,899.833,-281.2,315.0,-251.667
158,788.45,165.4459,64.1383,335.0583,0.0467,5362,224.5,4,66.0,91.05,865.667,-260.933,330.0,-237.333
159,843.8433,180.5699,90.045,302.74,-0.54,3221,373.0,3,74.0,96.61,908.333,-280.933,370.0,-250.167
160,903.7067,203.5941,118.8933,323.1667,-0.5333,3692,435.3,3,73.66666666666667,110.74,1036.5,-323.867,368.333,-288.0
161,750.45,208.1795,98.1567,367.725,-0.8233,2896,358.3,5,65.66666666666667,86.85,813.667,-253.733,328.333,-224.667
162,787.4933,207.3026,133.7233,303.53,-0.71,3173,473.7,3,66.0,95.16,889.833,-278.667,330.0,-248.833
163,1148.1167,232.4913,196.715,447.5767,0.68,4643,739.8,7,93.66666666666667,139.25,1309.333,-404.8,468.333,-364.0
164,867.79,163.8965,31.795,265.6917,-0.3067,3526,120.3,3,75.33333333333333,101.59,950.0,-297.467,376.667,-263.0
165,720.4,154.4949,53.3533,306.7683,-1.2667,4363,213.2,3,60.666666666666664,87.8,816.167,-259.067,303.333,-227.833
166,1124.08,209.1728,122.3533,268.3517,-0.54,4424,455.0,3,95.33333333333333,132.68,1246.167,-386.267,476.667,-345.167
167,701.9267,132.2839,46.4917,253.4333,-0.54,2866,216.0,3,59.0,85.96,798.5,-253.867,295.0,-223.667
168,940.3433,138.38,26.6467,299.0083,-0.59,3541,130.7,3,81.33333333333333,106.21,1006.833,-305.533,406.667,-273.833
169,666.25,161.7735,82.205,279.01,-0.3067,2567,323.7,3,58.333333333333336,74.95,709.167,-216.2,291.667,-193.333
170,543.3867,90.0686,14.2583,226.475,-0.54,2145,60.3,3,45.666666666666664,64.32,604.333,-187.267,228.333,-166.333
171,698.7367,191.2689,127.4917,264.91,0.0867,2697,535.5,7,58.333333333333336,80.87,768.833,-231.8,291.667,-210.833
172,716.2767,129.2254,48.1217,255.87,-0.5167,2815,180.5,6,60.666666666666664,84.41,792.833,-245.8,303.333,-218.5
173,955.3333,166.2353,62.46,347.375,-0.54,3818,241.3,3,78.66666666666667,114.5,1078.0,-332.333,393.333,-298.167
174,638.1933,154.8954,51.7283,358.685,-0.5333,2650,217.5,3,53.333333333333336,79.46,735.0,-235.933,266.667,-207.0
175,638.7233,168.5829,59.1883,353.2683,-0.68,2474,252.8,3,56.0,74.19,693.333,-217.467,280.0,-191.333
176,610.2833,132.3027,30.3983,281.8367,-0.59,2489,106.5,5,48.333333333333336,74.65,705.0,-215.867,241.667,-195.167
177,503.2867,87.5225,23.1233,244.26,-0.88,1858,88.3,3,47.666666666666664,50.92,488.0,-144.467,238.333,-129.5
178,860.93,122.5673,16.8117,437.3167,-0.54,3275,58.5,3,76.33333333333333,98.23,921.5,-286.467,381.667,-254.0
179,1075.6833,165.9946,15.7067,378.82,-0.71,4563,72.3,4,85.0,136.85,1274.667,-402.667,425.0,-358.167
180,757.39,172.1296,90.8867,339.395,-0.2933,2934,311.7,3,66.0,87.99,824.667,-256.933,330.0,-228.333
181,794.9333,165.4605,70.95,355.56,-0.54,3064,277.7,3,68.66666666666667,91.9,864.333,-267.133,343.333,-237.5
182,901.6967,183.5642,93.995,323.0867,-0.7433,3289,356.2,3,80.0,98.63,938.667,-282.267,400.0,-253.333
183,665.12,161.9567,80.945,287.5617,0.3733,2415,365.8,3,59.333333333333336,72.42,688.833,-207.467,296.667,-185.333
184,852.0233,142.3693,18.1267,359.74,-1.1267,3361,82.8,3,71.0,100.79,949.667,-292.267,355.0,-261.167
185,997.58,201.3705,111.4967,392.8583,-0.54,4020,520.8,3,80.33333333333333,120.58,1138.5,-348.667,401.667,-314.5
186,922.4867,205.5116,133.7733,277.0517,-0.6933,3508,491.7,4,81.0,105.22,989.833,-305.733,405.0,-271.833
187,901.8533,174.2383,87.6083,345.4933,-0.71,3635,370.0,3,75.0,109.02,1020.0,-319.0,375.0,-283.167
188,922.8467,205.0095,57.5667,390.4733,1.2033,3620,229.3,3,78.0,108.58,1020.833,-315.733,390.0,-280.833
189,673.46,142.8358,40.77,253.7933,-0.54,2707,161.5,3,55.333333333333336,79.76,754.5,-230.133,276.667,-207.333
190,861.9033,213.2273,162.6217,274.31,-0.88,3297,652.8,5,74.33333333333333,98.87,933.833,-285.8,371.667,-256.667
191,504.2533,141.2422,75.0483,258.8833,-0.54,2125,248.2,3,39.0,63.72,598.0,-185.8,195.0,-166.667
192,910.1367,164.5776,51.68,339.3333,-0.3067,3540,225.7,3,78.66666666666667,106.17,995.333,-309.867,393.333,-274.833
193,1003.6633,215.543,90.545,361.0133,1.85,4019,330.8,12,84.33333333333333,120.53,1128.833,-352.2,421.667,-315.167
194,1199.8067,164.6809,57.0583,281.8517,-0.5833,5006,209.7,6,99.33333333333333,150.14,1391.167,-444.667,496.667,-393.5
195,852.7967,220.1741,162.6283,345.7383,-0.88,3289,757.7,3,74.0,98.63,926.0,-287.333,370.0,-254.5
196,897.0233,188.2967,82.3817,227.52,-0.6867,3751,336.7,7,71.33333333333333,112.49,1052.5,-329.133,356.667,-295.5
197,818.36,184.5757,99.0783,275.6367,-0.1167,3167,377.2,6,71.66666666666667,94.96,888.333,-277.933,358.333,-245.333
198,816.9133,201.0607,133.8017,354.9383,-0.7667,3180,512.8,7,70.66666666666667,95.38,894.0,-278.467,353.333,-247.333
199,979.7733,238.2841,175.9483,355.1117,0.23,5598,664.8,5,85.66666666666667,113.64,1064.833,-331.867,428.333,-295.167
200,758.5133,165.231,61.995,363.5833,-0.3333,2974,203.2,3,62.666666666666664,89.18,845.167,-256.667,313.333,-232.5
201,493.64,159.1685,82.8467,331.1967,-0.5167,1876,290.3,3,42.333333333333336,56.24,533.0,-161.933,211.667,-145.333
202,1228.8867,228.5451,165.7983,262.84,-0.5967,4952,599.0,3,102.0,148.52,1391.333,-433.8,510.0,-387.167
203,657.2633,170.9199,86.1133,365.1933,-0.3467,2712,308.0,5,55.0,80.03,746.167,-235.267,275.0,-208.667
204,773.4267,106.4747,19.98,146.525,-0.62,3020,100.8,3,65.0,90.56,854.5,-262.133,325.0,-234.5
205,849.74,157.1238,90.7417,282.2133,-0.3067,3372,332.3,3,71.66666666666667,101.14,947.667,-295.4,358.333,-262.0
206,756.6067,192.6432,103.2083,295.935,-0.54,3169,385.2,3,60.666666666666664,95.04,886.333,-279.267,303.333,-248.833
207,1075.7867,221.7813,183.475,455.68,-0.42,4162,726.3,3,91.0,124.82,1180.333,-360.2,455.0,-324.167
208,910.7467,186.663,98.0617,241.6017,-0.9367,4880,407.5,4,74.33333333333333,146.38,1253.167,-474.8,371.667,-385.667
209,1328.7,196.6438,116.5883,335.97,-0.0733,5421,515.3,3,109.0,162.6,1521.167,-475.733,545.0,-424.333
210,1050.6833,263.234,164.415,404.0483,-0.54,5416,693.8,3,80.33333333333333,162.45,1429.833,-511.267,401.667,-432.0
211,1177.57,215.7641,130.6617,239.4333,-0.6967,4657,515.8,3,98.66666666666667,139.67,1314.333,-405.6,493.333,-364.167
212,1033.8933,190.1601,103.895,199.285,-0.54,5000,346.2,3,85.33333333333333,149.96,1323.833,-470.4,426.667,-396.167
213,698.9867,202.8197,79.1767,464.465,-0.54,3035,340.3,3,59.666666666666664,79.82,756.667,-229.667,298.333,-206.167
214,1082.13,274.0945,242.28,344.2467,-0.71,5502,970.2,3,92.33333333333333,123.43,1170.667,-354.8,461.667,-318.833
215,1445.7333,194.6201,110.2633,320.6733,-0.54,5944,494.0,3,117.0,178.3,1669.5,-521.067,585.0,-466.0
216,1182.3467,218.256,171.8367,414.1867,-0.71,4464,676.5,3,101.33333333333333,133.88,1271.333,-384.2,506.667,-345.333
217,724.8667,175.6476,92.7183,325.8233,-0.0733,2994,428.7,3,62.666666666666664,83.6,787.0,-242.733,313.333,-216.333
218,757.47,180.0867,79.5083,473.2167,-0.3067,3990,335.2,3,56.0,119.67,1053.667,-376.533,280.0,-319.333
219,592.3567,149.2092,33.2567,366.7767,-0.54,2916,137.8,3,51.333333333333336,69.39,649.0,-203.2,256.667,-179.5
220,732.57,206.2035,159.2917,335.875,-0.71,3398,701.3,4,59.0,90.67,848.5,-265.267,295.0,-236.333
221,974.8833,252.5166,204.9417,330.3233,-1.66,3873,1034.8,3,82.0,116.15,1089.833,-338.6,410.0,-302.5
222,1343.7333,215.7703,95.0183,198.905,-0.54,5178,422.2,3,116.33333333333333,155.3,1460.333,-451.4,581.667,-402.167
223,684.89,210.5005,190.445,344.565,-0.6467,3321,862.8,3,54.666666666666664,99.59,885.667,-309.867,273.333,-263.833
224,689.64,255.3415,223.9167,490.67,0.52,3181,945.7,12,60.0,77.24,733.0,-221.933,300.0,-198.667
225,865.97,233.615,204.6983,302.99,-0.54,3393,910.7,3,73.66666666666667,101.77,955.5,-296.467,368.333,-263.167
226,844.52,230.5521,199.825,507.5383,-0.18,4058,834.8,3,67.0,121.72,1087.0,-376.867,335.0,-322.333
227,634.7867,170.6309,69.3133,408.0533,-0.9933,3445,339.5,3,47.666666666666664,103.32,899.5,-329.2,238.333,-277.167
228,614.0367,173.3537,94.0,268.025,-0.54,2882,417.0,3,52.0,74.07,691.167,-217.533,260.0,-193.667
229,730.3167,207.6369,171.3917,367.1367,-0.54,3634,702.0,3,59.666666666666664,89.85,839.167,-263.533,298.333,-233.5
230,1191.4767,197.2705,136.1767,298.5483,-0.54,6155,569.5,3,94.66666666666667,184.61,1612.0,-586.133,473.333,-492.333
231,1167.9533,234.2683,192.19,210.9583,-1.3333,4842,898.7,3,91.0,145.22,1367.667,-421.267,455.0,-378.667
232,669.41,185.0111,144.59,281.3533,-0.54,3815,593.8,3,50.666666666666664,102.51,907.5,-320.6,253.333,-273.333
233,921.7067,191.2294,142.5767,245.565,-0.3967,4556,625.5,4,70.0,136.64,1220.5,-422.933,350.0,-362.5
234,761.7,204.3222,71.09,436.4683,-0.3067,3988,288.2,3,57.333333333333336,119.6,1051.167,-377.067,286.667,-318.667
235,837.3167,220.3927,161.405,317.8883,-0.54,4196,628.0,3,63.333333333333336,125.85,1120.0,-391.2,316.667,-334.0
236,1224.46,250.0258,194.0283,405.41,-0.0733,6334,822.2,3,101.66666666666667,163.56,1480.833,-498.267,508.333,-430.0
237,882.6367,204.2853,89.95,241.06,-0.7667,3633,376.5,3,74.0,108.97,1010.833,-322.333,370.0,-284.833
238,1161.2767,227.5102,144.56,337.435,-0.0733,5231,627.5,3,93.66666666666667,156.91,1424.5,-476.467,468.333,-412.0
239,987.4167,258.2084,161.6067,554.5817,-0.6867,4893,675.0,3,82.33333333333333,121.65,1131.167,-358.733,411.667,-318.333
240,1220.2533,257.0947,152.0517,355.9117,-0.6933,5822,702.2,3,96.66666666666667,174.62,1564.5,-538.533,483.333,-463.667
241,1041.41,188.3319,64.8383,315.0167,-1.12,5988,268.5,3,77.0,179.61,1538.5,-582.2,385.0,-479.5
242,1657.4433,194.3049,154.5067,205.8517,-0.7667,9525,680.8,3,122.0,285.71,2450.0,-924.933,610.0,-763.333
243,972.53,232.1725,109.8567,319.4483,-0.54,6069,432.7,3,62.333333333333336,182.03,1558.5,-590.333,311.667,-489.333
244,1099.7533,230.7718,165.0733,285.7167,-0.54,6458,897.7,3,78.66666666666667,193.72,1659.667,-627.8,393.333,-519.167
245,1569.7933,349.5419,163.14,403.03,-0.3067,9063,844.5,3,115.33333333333333,271.86,2328.0,-881.4,576.667,-725.333
246,1454.3267,235.0669,56.7017,221.37,-1.05,8293,210.7,5,106.33333333333333,248.76,2140.0,-802.6,531.667,-663.5
247,1098.2767,258.7855,205.5183,380.455,-0.54,7031,983.3,3,79.33333333333333,210.91,1758.667,-702.8,396.667,-565.167
248,1232.3767,226.3484,169.91,265.375,-0.6933,7081,730.3,3,90.66666666666667,212.41,1821.0,-687.867,453.333,-566.5
249,1705.07,299.0517,158.4117,373.0117,-0.54,10113,697.7,3,123.33333333333333,303.37,2585.5,-988.467,616.667,-812.0
250,1772.08,325.6853,189.79,456.2267,-0.54,10520,918.0,3,133.33333333333334,315.58,2669.333,-1036.333,666.667,-843.167
251,1860.7867,296.9843,135.865,374.9233,-0.9267,10815,751.7,3,133.33333333333334,324.42,2786.333,-1048.467,666.667,-868.167
252,1180.0533,245.7269,91.2433,202.82,-0.6467,6972,416.3,3,89.33333333333333,209.12,1769.833,-686.4,446.667,-559.167
253,3178.96,415.8243,285.485,369.7583,-0.54,18283,1556.2,3,227.66666666666666,548.46,4722.333,-1767.667,1138.333,-1462.5
254,1813.66,402.9253,184.285,461.9,-0.9367,10645,903.2,3,133.0,315.96,2702.833,-1025.467,665.0,-844.667
255,2186.19,559.3234,307.13,346.955,0.16,13174,1607.2,3,151.33333333333334,395.19,3378.667,-1283.333,756.667,-1061.0
256,1974.2833,512.1092,412.1767,472.3367,-0.54,11297,2297.7,3,143.33333333333334,338.75,2916.0,-1092.133,716.667,-905.0
257,2872.3167,422.6555,205.5267,387.1217,-0.8567,17153,1091.3,3,207.0,514.55,4378.667,-1679.067,1035.0,-1376.833
258,1450.8233,338.8664,113.5033,456.6267,-0.0733,8354,685.8,3,107.33333333333333,250.59,2143.833,-813.267,536.667,-667.0
259,1590.1333,335.0388,221.3583,538.335,-0.3067,6946,1075.7,3,134.33333333333334,203.0,1856.667,-610.867,671.667,-530.333
260,1685.15,296.7599,162.325,451.6233,0.2167,9819,710.2,9,123.33333333333333,294.55,2517.833,-956.733,616.667,-787.167
261,1692.35,337.6664,199.4367,246.7283,-0.54,9616,1040.8,3,127.66666666666667,288.45,2469.833,-935.267,638.333,-769.0
262,1931.3133,324.8195,168.7933,574.6117,-0.54,10574,762.3,3,138.66666666666666,317.18,2773.0,-1005.533,693.333,-846.667
263,1555.3833,282.7751,185.4983,487.8933,-0.54,9119,991.3,3,110.66666666666667,273.55,2345.5,-885.667,553.333,-731.333
264,1592.66,412.3774,303.9217,541.4783,-0.11,9163,1668.5,7,115.66666666666667,274.86,2361.833,-887.867,578.333,-734.5
265,2022.2533,374.8571,208.435,507.3117,-0.54,11422,1078.0,3,152.66666666666666,342.62,2939.5,-1108.533,763.333,-914.667
266,2317.1167,340.2077,135.4883,503.4833,-0.54,14029,806.7,3,163.0,420.85,3581.167,-1373.4,815.0,-1126.5
267,1648.04,385.3589,201.5033,383.62,-1.1933,9579,1048.5,3,119.33333333333333,287.34,2463.333,-930.467,596.667,-768.833
268,1889.6833,301.6231,68.3733,508.765,-0.54,10599,452.3,3,139.66666666666666,317.95,2744.0,-1022.267,698.333,-848.333
269,1959.8233,300.4638,12.475,536.3433,-0.9233,11527,109.2,3,141.0,345.79,2955.833,-1123.133,705.0,-923.667
270,1637.4967,294.8684,103.3667,395.6833,-0.3067,9615,528.5,3,122.33333333333333,288.43,2451.167,-942.6,611.667,-771.167
271,2386.2433,306.39,98.1817,473.26,-0.54,13475,507.3,3,179.66666666666666,404.21,3470.333,-1306.8,898.333,-1079.833
272,1024.2767,275.0627,126.4367,641.7367,-0.54,5966,649.7,3,73.66666666666667,176.61,1519.833,-569.667,368.333,-470.833
273,1818.4133,388.5987,117.375,495.0083,-0.54,11410,690.2,3,127.66666666666667,342.28,2884.667,-1128.2,638.333,-918.667
274,1353.5067,236.6211,64.135,376.31,-0.4833,8786,358.0,6,88.33333333333333,263.54,2228.167,-865.867,441.667,-714.0
275,1481.0667,297.1243,105.3683,536.665,-0.54,8551,638.3,3,111.33333333333333,256.5,2186.5,-835.6,556.667,-683.0
276,2235.2867,446.7215,223.6717,481.5833,-0.54,13898,1228.8,3,154.66666666666666,416.92,3531.333,-1367.133,773.333,-1119.167
277,2118.7767,568.424,370.9117,784.7217,-0.4133,12601,2155.0,3,152.33333333333334,378.01,3223.0,-1231.067,761.667,-1012.833
278,1975.1,467.0244,368.145,553.0033,-0.0733,11301,2048.7,3,148.0,339.0,2900.333,-1100.067,740.0,-904.167
279,1837.3667,482.9091,365.8167,601.4083,-0.54,10784,2019.3,3,130.66666666666666,323.5,2774.333,-1047.133,653.333,-866.667
280,1987.87,440.8317,171.905,673.3167,-0.71,11487,859.5,3,146.0,344.57,2951.167,-1116.867,730.0,-921.0
281,1845.9533,563.3646,530.0183,759.7367,-0.0733,10582,3132.2,3,136.0,317.42,2723.0,-1027.133,680.0,-847.333
282,3031.3333,557.4249,444.6167,558.475,0.16,17281,2328.2,3,226.66666666666666,518.4,4442.833,-1679.067,1133.333,-1384.167
283,1896.0067,451.7977,258.5683,1101.5417,-0.0033,10929,1560.5,5,139.66666666666666,327.84,2807.0,-1063.0,698.333,-874.167
284,1714.37,424.2747,279.1183,820.325,-0.3467,10023,1618.8,3,123.33333333333333,300.67,2575.5,-974.467,616.667,-804.0
285,1745.9667,412.6423,248.2733,810.3483,-0.54,10691,1407.3,3,122.0,320.7,2725.333,-1048.067,610.0,-862.0
286,2676.8333,563.0167,326.0533,1009.605,-0.54,15338,1838.3,3,198.0,460.1,3945.667,-1489.267,990.0,-1229.667
287,2248.3167,577.465,229.4767,1545.925,-0.54,13056,1276.2,3,161.66666666666666,391.65,3361.333,-1266.667,808.333,-1046.333
288,2048.2133,575.523,464.225,950.8333,-0.02,11650,2460.8,3,154.0,349.48,2993.667,-1132.6,770.0,-932.333
289,2117.07,443.846,140.035,882.4017,-0.3067,12197,771.8,3,155.0,365.87,3138.833,-1183.8,775.0,-978.833
290,2481.5367,423.8981,196.175,903.4733,-0.54,14273,1168.5,3,184.66666666666666,428.17,3663.833,-1389.133,923.333,-1144.667
291,3352.1567,475.1715,312.9817,937.645,-0.54,19721,1790.0,3,246.66666666666666,591.59,5038.0,-1928.933,1233.333,-1581.833
292,2669.6533,478.7085,51.69,1014.0033,-0.2533,16188,282.3,3,191.0,485.62,4119.667,-1589.8,955.0,-1300.833
293,2239.95,525.1487,476.2983,1085.2583,0.35,13113,2615.0,3,162.0,393.35,3364.5,-1276.733,810.0,-1051.167
294,1734.4633,443.9667,290.8,1061.5383,-0.0733,10165,1692.7,3,135.0,294.43,2507.333,-960.133,675.0,-782.167
295,1938.5833,419.1467,280.0783,649.0683,-0.54,12489,1542.5,3,122.66666666666667,374.65,3187.833,-1222.733,613.333,-1014.5
296,2757.6733,659.1871,527.01,1114.175,-0.54,15806,3101.7,3,205.0,474.14,4061.667,-1536.467,1025.0,-1266.667
297,2148.4033,477.3629,298.0817,855.275,-0.54,13237,1758.5,3,147.0,397.07,3380.0,-1295.333,735.0,-1068.333
298,2023.2733,562.6211,298.3433,902.6417,-0.54,12846,1605.8,3,134.0,385.34,3268.5,-1261.733,670.0,-1038.833
299,2409.62,507.9425,225.2083,837.88,-0.54,14422,1265.2,3,166.66666666666666,432.62,3705.833,-1402.0,833.333,-1160.167
300,2670.05,476.4753,326.905,690.655,-0.3067,15746,1865.5,3,191.66666666666666,472.35,4040.167,-1533.133,958.333,-1267.667
301,2899.7,787.6086,738.37,1663.2267,-0.3067,18001,4404.8,3,199.33333333333334,540.0,4582.667,-1767.133,996.667,-1452.5
302,3849.32,692.8133,420.9267,999.4967,-0.6467,23998,2439.7,3,260.0,719.92,6121.0,-2351.267,1300.0,-1940.333
303,3431.7633,679.4196,619.8833,992.1817,-0.54,21885,3699.3,3,224.66666666666666,656.53,5572.0,-2148.267,1123.333,-1771.833
304,2629.6567,509.1594,191.335,753.6717,-0.54,15854,1100.5,3,184.0,475.59,4057.167,-1547.933,920.0,-1275.167
305,1861.9867,581.2931,492.0233,672.6333,-0.54,10788,2875.7,3,134.0,323.62,2778.833,-1046.133,670.0,-864.333
306,1954.7733,579.4655,414.74,503.9883,-0.3067,11885,2659.0,3,146.33333333333334,326.34,2816.0,-1049.4,731.667,-869.833
307,2763.7,633.3119,513.8967,1054.91,0.16,17478,3043.2,3,185.66666666666666,524.3,4443.167,-1718.267,928.333,-1413.833
308,1975.66,629.2246,531.4033,989.4183,-0.3067,12396,3253.3,3,133.0,371.86,3156.833,-1216.533,665.0,-1001.5
309,2789.27,658.0088,592.0033,1216.3533,-0.54,17743,3618.2,3,185.66666666666666,532.27,4509.167,-1745.0,928.333,-1435.5
310,2296.57,646.1003,508.8733,1075.025,0.57,14357,3375.7,11,153.66666666666666,430.67,3664.333,-1405.6,768.333,-1161.167
311,2563.1533,641.2269,541.8067,642.005,-0.6933,15448,3167.3,3,181.66666666666666,463.42,3947.667,-1510.6,908.333,-1245.667
312,2817.9533,643.095,457.5067,916.5883,-0.54,17295,2754.0,3,194.66666666666666,518.82,4415.333,-1692.867,973.333,-1396.667
313,1819.8167,517.5177,482.92,653.7183,-0.7033,10756,2877.7,3,131.66666666666666,322.35,2750.0,-1049.2,658.333,-861.667
314,2660.1733,719.4715,692.365,1249.9967,-0.1133,16889,4031.2,3,178.33333333333334,506.64,4290.0,-1661.8,891.667,-1366.333
315,3079.56,693.9945,535.6967,1380.1883,-0.54,19436,3045.3,3,209.33333333333334,583.06,4934.833,-1913.333,1046.667,-1571.667
316,2448.9433,671.6547,595.31,810.4467,-0.2267,15458,3526.3,3,166.0,463.71,3925.833,-1521.267,830.0,-1249.333
317,2696.9667,748.5455,569.6433,923.0233,-0.54,16841,3370.0,3,190.33333333333334,493.1,4188.5,-1612.133,951.667,-1324.167
318,3235.5433,721.8817,604.2367,805.1983,-0.54,20275,3833.2,3,215.66666666666666,608.21,5174.0,-1985.333,1078.333,-1639.667
319,2103.27,626.8171,399.57,1432.9883,-0.54,13330,2420.0,3,142.66666666666666,399.87,3381.833,-1313.267,713.333,-1078.5
320,2991.92,690.9428,553.5967,1080.81,-1.1067,18735,3335.3,3,201.0,562.02,4775.167,-1836.933,1005.0,-1513.333
321,2415.4733,605.2642,402.9417,647.4933,-0.8233,15102,2407.2,3,166.0,453.04,3838.5,-1485.067,830.0,-1221.0
322,3162.89,691.3015,518.3433,537.795,-1.04,18764,3309.2,3,227.33333333333334,562.89,4805.333,-1830.667,1136.667,-1511.333
323,2264.0633,635.4735,602.19,685.9367,-0.54,14092,3666.7,3,151.66666666666666,422.73,3600.167,-1378.333,758.333,-1138.833
324,1894.0,608.3685,301.5083,1208.81,-0.54,11595,1676.8,3,130.33333333333334,347.0,2958.0,-1130.333,651.667,-932.333
325,2445.6867,528.8133,138.9767,798.18,-0.54,14905,776.3,3,168.66666666666666,447.12,3812.667,-1455.933,843.333,-1201.5
326,2054.3733,584.7811,516.4267,579.6033,-0.54,12536,3093.5,3,142.66666666666666,376.04,3201.167,-1226.667,713.333,-1009.5
327,1966.88,586.9608,427.1333,1093.9267,-0.54,12640,2641.8,3,129.0,379.18,3209.833,-1244.133,645.0,-1023.0
328,2108.45,798.1368,773.0783,686.12,-0.54,13744,4711.0,3,141.66666666666666,396.95,3372.167,-1297.667,708.333,-1071.333
329,3051.0233,711.4217,631.7483,1008.0717,0.35,18811,3709.8,6,210.33333333333334,564.29,4793.0,-1844.933,1051.667,-1513.0
330,2444.9533,654.3163,557.3467,1167.99,-0.54,14998,3227.2,3,171.0,449.92,3821.333,-1471.133,855.0,-1210.167
331,3378.1333,725.9039,677.2617,1037.8467,-0.54,20468,4214.2,3,231.0,614.0,5252.5,-1992.533,1155.0,-1650.833
332,2484.55,666.3256,602.555,1184.3967,0.3933,16336,3579.5,3,162.0,490.05,4127.167,-1616.333,810.0,-1326.333
333,3018.6533,759.4943,756.6417,875.5017,-0.3067,19898,4512.0,3,197.33333333333334,596.92,5021.0,-1971.267,986.667,-1614.667
334,2280.9567,617.6162,450.3367,910.7283,-0.54,14167,2815.3,3,156.66666666666666,424.99,3607.333,-1390.533,783.333,-1144.167
335,2660.7533,636.3727,524.75,958.6033,-0.54,15865,2961.0,3,192.66666666666666,475.92,4048.333,-1553.667,963.333,-1273.167
336,2304.05,516.8114,333.5417,1170.8733,-0.54,14529,2110.2,3,159.0,431.25,3653.333,-1413.867,795.0,-1161.667
337,2065.08,507.9126,327.8433,1072.28,-0.66,12787,1858.3,3,138.0,383.58,3272.667,-1248.333,690.0,-1032.833
338,2518.6533,552.8165,459.125,995.59,-0.3067,15972,2688.5,3,169.0,479.12,4058.0,-1571.133,845.0,-1292.333
339,2138.6433,569.8933,463.5617,926.35,-1.4933,13035,2787.3,3,148.33333333333334,391.01,3332.667,-1273.867,741.667,-1052.833
340,2693.18,584.4577,449.2433,926.3283,-0.54,16660,2839.7,3,188.0,499.78,4237.0,-1637.267,940.0,-1346.333
341,3729.77,808.0003,729.6583,871.67,-0.38,22143,4265.2,3,267.0,664.27,5673.333,-2159.333,1335.0,-1783.5
342,2251.12,547.8155,281.3417,1114.9117,-0.0733,14378,1684.2,3,151.33333333333334,431.32,3644.5,-1417.867,756.667,-1163.5
343,2315.9133,738.9873,791.5083,1346.6633,-0.3067,14494,4992.8,3,154.33333333333334,434.78,3700.5,-1418.533,771.667,-1172.5
344,2553.24,694.3547,479.27,1098.8167,-0.54,15402,2986.7,3,179.66666666666666,462.04,3939.167,-1504.8,898.333,-1241.5
345,2744.12,673.6999,528.2317,653.0233,-0.3067,17368,3214.5,3,179.0,521.02,4432.333,-1700.733,895.0,-1403.5
346,3166.9133,792.6247,551.9783,979.7883,-0.7667,19524,3494.2,3,214.66666666666666,585.68,4992.833,-1907.6,1073.333,-1577.333
347,2317.9333,565.2799,399.7667,763.3967,-0.3067,14288,2363.0,3,159.0,428.6,3647.167,-1398.667,795.0,-1154.167
348,3021.7467,683.7965,622.9633,1083.24,-0.54,19650,3787.0,3,194.0,589.48,4987.5,-1935.067,970.0,-1590.167
349,2413.24,641.2069,527.0517,761.13,-0.1067,14879,3247.5,3,162.66666666666666,446.34,3808.0,-1452.6,813.333,-1201.833
350,3173.7667,554.2727,132.455,1120.99,-0.7667,21118,779.3,3,208.0,633.5,5311.167,-2099.067,1040.0,-1711.833
351,2210.13,516.0825,354.3733,1111.6167,-0.54,14159,2098.7,3,146.66666666666666,424.73,3592.833,-1394.6,733.333,-1146.167
352,4724.07,596.2981,443.545,615.355,-0.54,27040,2728.5,3,337.3333333333333,811.17,6999.333,-2608.267,1686.667,-2164.833
353,3890.6333,856.4513,354.2583,1264.1817,-0.9033,22221,2118.5,5,272.6666666666667,666.6,5776.833,-2133.467,1363.333,-1782.667
354,4675.6867,895.6661,706.24,817.285,-0.54,26275,4198.3,3,335.0,788.22,6837.0,-2520.2,1675.0,-2104.333
355,3401.47,681.719,133.4583,1066.6283,-0.7933,18903,876.8,3,249.0,567.07,4916.0,-1814.267,1245.0,-1512.333
356,4149.9767,622.5459,265.27,1111.54,-0.54,24205,1608.3,3,287.6666666666667,726.11,6263.667,-2335.467,1438.333,-1942.667
357,4317.09,797.6867,460.685,1242.485,-0.54,24631,2695.5,3,306.3333333333333,738.89,6390.833,-2369.8,1531.667,-1974.5
358,4276.6367,707.5057,501.9567,1041.15,-0.6533,24687,3114.0,3,298.6666666666667,740.57,6401.833,-2376.6,1493.333,-1982.5
359,2466.7167,701.9573,557.12,1295.75,0.8033,15216,3104.3,10,170.66666666666666,456.45,3877.833,-1492.067,853.333,-1228.833
360,3108.27,903.4761,857.6117,1399.5533,-0.54,17917,5132.2,3,214.0,537.47,4658.667,-1719.867,1070.0,-1438.0
361,3908.0033,823.4841,621.3,1079.8417,-0.54,21947,3722.3,3,282.0,658.37,5704.5,-2107.533,1410.0,-1757.333
362,3964.5233,644.9479,234.9767,1060.445,-0.9367,21304,1386.3,3,295.3333333333333,639.09,5576.833,-2030.067,1476.667,-1698.0
363,3500.2767,709.6693,322.4183,738.3783,-0.3067,19221,1843.8,3,253.0,576.61,5025.667,-1834.0,1265.0,-1533.0
364,2473.1433,663.9174,578.3533,996.9633,-0.54,15571,3298.3,3,163.0,467.11,3973.667,-1524.8,815.0,-1257.833
365,2174.6233,435.1712,50.5,881.4717,-0.54,12417,287.7,3,147.33333333333334,372.49,3247.333,-1184.533,736.667,-997.333
366,3274.66,686.0008,524.295,1068.63,-0.54,19448,3155.3,3,238.33333333333334,553.76,4784.167,-1778.267,1191.667,-1476.667
367,6040.1333,1024.7301,581.5683,1408.3183,1.1633,34721,3463.0,5,414.6666666666667,1041.6,9039.333,-3328.467,2073.333,-2785.667
368,4109.1,903.8684,646.3683,973.9283,-0.71,22991,3862.3,3,296.6666666666667,689.7,5980.667,-2205.933,1483.333,-1838.667
369,3986.4767,1033.9519,870.4217,1229.145,-0.54,23218,4986.2,3,275.3333333333333,696.51,6014.333,-2237.867,1376.667,-1863.167
370,4233.1033,1143.6914,919.6633,908.8617,1.85,24920,5758.5,6,287.3333333333333,747.57,6454.667,-2402.133,1436.667,-2003.667
371,2919.7267,710.4561,470.4883,1143.1567,-0.3067,16366,2682.8,3,209.33333333333334,490.96,4261.333,-1568.733,1046.667,-1310.5
372,4997.5967,800.5482,349.09,1049.5383,0.1233,27972,2030.7,6,366.3333333333333,839.13,7257.167,-2691.533,1831.667,-2238.833
373,4179.2633,736.0909,432.3217,992.7833,-0.4133,23945,2539.2,3,298.3333333333333,718.33,6198.333,-2309.733,1491.667,-1919.333
374,3869.6467,778.3353,457.655,862.8183,-0.63,22204,2599.5,3,273.3333333333333,666.08,5753.667,-2139.267,1366.667,-1777.5
375,3434.6867,713.8631,362.38,1157.885,-0.0667,19655,2032.0,3,242.33333333333334,589.62,5100.167,-1890.933,1211.667,-1575.833
376,3598.8,1203.4759,940.4933,1295.3367,-0.5567,20804,5414.7,3,255.0,624.1,5376.833,-2010.133,1275.0,-1667.0
377,3547.1433,933.4049,337.045,879.1867,-1.3233,20368,2040.8,3,248.0,611.01,5289.333,-1957.867,1240.0,-1635.333
378,4768.1867,829.287,503.2967,1460.24,-0.9533,27522,2830.3,3,320.0,825.62,7184.333,-2630.6,1600.0,-2211.167
379,4673.6233,901.299,523.8267,815.065,-0.4133,27491,3193.2,5,317.6666666666667,824.69,7120.167,-2650.067,1588.333,-2209.5
380,5461.35,1018.6408,620.5217,1588.6233,-0.0733,31419,3790.0,3,374.6666666666667,942.55,8181.667,-3011.2,1873.333,-2525.0
381,4865.24,1127.5659,640.5483,1119.2967,-0.88,27169,4092.0,3,351.3333333333333,815.04,7071.667,-2605.133,1756.667,-2173.0
382,6434.9333,1153.0167,779.405,1744.2717,-0.2833,38224,4689.5,5,436.6666666666667,1146.7,9875.667,-3694.6,2183.333,-3076.167
383,3862.45,778.8853,154.855,1486.4033,-0.3067,21186,962.5,3,282.3333333333333,635.55,5531.5,-2024.6,1411.667,-1691.667
384,3872.3533,619.7643,92.745,1019.9067,-0.54,22148,466.0,3,270.0,664.42,5759.0,-2126.067,1350.0,-1775.0
385,4144.9,976.3861,598.6433,1649.79,-0.54,22928,3124.7,3,295.6666666666667,687.8,5997.833,-2186.4,1478.333,-1832.667
386,4615.73,894.8315,470.185,1673.795,-0.6167,25739,3138.2,3,333.0,772.13,6703.333,-2466.4,1665.0,-2058.333
387,4772.7233,922.1839,93.1567,1457.045,-0.7667,26241,478.0,3,343.6666666666667,787.19,6865.833,-2501.8,1718.333,-2096.833
388,4769.9567,976.0165,386.195,1972.3733,-0.54,26447,2102.5,3,346.6666666666667,793.39,6891.333,-2532.933,1733.333,-2115.167
389,4749.0233,1064.7409,618.7767,1243.2817,-0.54,28574,3591.3,3,318.0,857.19,7369.5,-2767.0,1590.0,-2300.667
390,2747.07,894.9346,667.07,1514.1517,-0.54,16340,3635.0,3,193.66666666666666,485.47,4164.0,-1571.067,968.333,-1299.667
391,4166.1067,1131.5113,902.9583,1719.655,-0.54,24572,5077.5,3,285.6666666666667,737.14,6349.0,-2374.867,1428.333,-1973.5
392,4418.7,1381.0023,1144.055,1757.81,-0.54,26778,6836.2,3,305.6666666666667,790.5,6778.5,-2558.8,1528.333,-2119.833
393,5498.0733,924.2591,776.43,1037.0767,-0.5733,32289,4512.2,3,385.6666666666667,968.64,8323.5,-3128.4,1928.333,-2594.0
394,3804.8433,1012.2491,799.33,1040.9017,-0.54,21915,4661.3,3,275.0,657.41,5649.667,-2123.067,1375.0,-1754.167
395,4462.7233,1127.6397,944.3033,1676.6467,-0.54,25187,5530.3,3,312.6666666666667,755.59,6570.667,-2409.2,1563.333,-2017.667
396,4487.5767,1166.0535,1029.8733,1238.565,-0.3567,26318,5840.7,3,318.6666666666667,789.51,6771.667,-2554.933,1593.333,-2112.0
397,5647.33,973.0839,441.0633,1539.405,-0.54,33672,2552.0,3,388.6666666666667,1010.13,8669.833,-3266.467,1943.333,-2709.5
398,4321.19,1090.9931,718.765,1616.7767,0.16,24991,4293.2,3,306.6666666666667,749.69,6457.0,-2415.333,1533.333,-2003.5
399,7723.5333,920.8749,447.13,1496.1267,-0.4133,45351,2586.7,3,538.0,1360.5,11704.333,-4388.467,2690.0,-3642.833
400,7384.0367,1827.0303,1286.5867,1182.5967,-0.54,43550,7678.3,3,517.3333333333334,1305.37,11210.0,-4218.667,2586.667,-3499.333
401,6851.1233,1472.9912,1019.0517,1314.6433,-0.54,37497,5717.2,3,503.0,1124.89,9789.667,-3583.6,2515.0,-2994.833
402,4314.52,1158.7641,882.4917,1163.52,-0.54,25372,5253.5,3,301.3333333333333,761.12,6544.333,-2456.6,1506.667,-2041.0
403,6021.0533,1178.1974,738.2817,1255.9417,-0.4233,33248,4308.2,3,444.3333333333333,997.42,8650.333,-3189.533,2221.667,-2658.833
404,5070.21,1066.3989,892.95,1664.3267,-0.54,30138,4955.0,3,349.3333333333333,904.11,7765.5,-2921.4,1746.667,-2424.667
405,3881.4167,995.5143,526.455,1680.6883,-0.69,23193,3073.3,3,263.0,695.75,5982.167,-2245.667,1315.0,-1865.833
406,4431.1267,1066.0208,859.5583,1858.745,-0.54,26413,4846.0,3,307.3333333333333,792.36,6793.0,-2565.4,1536.667,-2125.5
407,3795.4967,1136.2821,1020.4083,1533.9617,-1.32,23066,6003.5,7,266.6666666666667,677.33,5797.667,-2196.667,1333.333,-1816.167
408,5398.3467,1076.9061,490.1267,1671.6283,-0.6467,31764,2679.7,3,372.0,952.88,8208.0,-3069.533,1860.0,-2553.0
409,7203.1867,1315.356,1084.0383,2153.215,0.4567,42512,6592.5,3,497.0,1275.32,10973.833,-4112.8,2485.0,-3418.167
410,5640.8133,1378.9597,1029.755,800.24,-1.0,33460,5972.7,3,386.0,1003.78,8634.833,-3238.133,1930.0,-2689.667
411,6207.89,1436.2988,978.5183,824.1583,0.0367,35717,5572.2,3,429.6666666666667,1071.49,9283.833,-3429.933,2148.333,-2865.833
412,4421.0633,1360.0613,1382.955,2514.1167,0.3933,25849,8187.2,3,308.0,775.43,6680.5,-2497.533,1540.0,-2077.333
413,5443.71,1379.6628,1185.565,1690.8683,-0.3067,31225,7146.8,3,378.3333333333333,936.71,8119.0,-2997.333,1891.667,-2506.333
414,5356.8433,956.6633,512.885,1142.305,-0.54,32868,2932.2,3,360.3333333333333,986.01,8424.0,-3204.0,1801.667,-2650.833
415,7268.2567,1264.5176,748.895,2436.72,-0.3467,44747,4099.2,4,478.6666666666667,1342.39,11494.167,-4351.8,2393.333,-3609.833
416,6506.8833,1405.5675,1069.975,1260.7917,-0.0733,39203,6083.2,3,444.3333333333333,1176.05,10076.333,-3810.0,2221.667,-3157.167
417,6216.82,1602.2561,1203.7517,2584.7367,-0.54,37072,7078.8,3,435.3333333333333,1112.12,9517.167,-3607.467,2176.667,-2981.667
418,5876.4567,1431.4239,1278.3067,1808.33,-0.71,35931,7536.3,4,390.6666666666667,1077.89,9235.5,-3491.933,1953.333,-2898.333
419,5681.3633,1462.4089,1307.4067,2037.1383,-0.54,33549,7698.0,3,397.6666666666667,1006.43,8635.833,-3255.4,1988.333,-2693.833
420,8031.4433,1644.7899,1456.8133,2654.7267,-0.54,53128,8652.0,3,493.0,1593.81,13514.333,-5219.867,2465.0,-4321.833
421,6293.3733,1579.7941,1411.6717,1991.2717,-0.71,41599,8259.0,3,385.3333333333333,1247.94,10587.667,-4084.733,1926.667,-3384.167
422,10925.8733,1907.8671,1376.6117,1762.5017,-1.0233,71029,8823.8,8,689.0,2130.84,18093.333,-6968.467,3445.0,-5774.833
423,9759.7167,1611.3811,1332.1117,1472.2033,1.5367,64889,8166.5,3,603.0,1946.65,16468.167,-6390.6,3015.0,-5279.5
424,7181.6533,1516.4858,763.5183,1340.5933,-0.0733,47662,4414.3,3,443.3333333333333,1429.82,12105.0,-4690.333,2216.667,-3879.5
425,11987.8533,1963.7409,1144.9267,1812.1367,-0.54,78652,6888.0,3,760.3333333333334,2359.52,19963.333,-7745.0,3801.667,-6391.667
426,15147.44,2486.4887,1477.7017,2099.0883,-0.0733,98882,8852.2,3,964.6666666666666,2966.44,25122.0,-9727.667,4823.333,-8036.667
427,7982.0333,2333.7845,1942.9833,2082.22,-0.54,52804,11327.3,3,489.0,1584.1,13436.167,-5186.4,2445.0,-4296.833
428,16268.56,1988.1359,1111.7483,1436.1767,-0.54,107550,7033.0,3,1016.3333333333334,3226.46,27297.167,-10591.067,5081.667,-8745.667
429,9467.1933,2541.876,1865.9533,2168.4083,-0.54,62596,10933.3,3,592.0,1877.86,15884.0,-6165.667,2960.0,-5089.0
430,11757.78,2806.8181,1743.8383,1493.0783,-0.54,77460,10815.5,3,737.6666666666666,2323.78,19668.5,-7624.667,3688.333,-6298.167
431,12674.5633,1770.5896,507.6767,2221.1183,-0.54,83522,3269.7,3,783.6666666666666,2505.63,21248.333,-8205.067,3918.333,-6792.667
432,8482.6933,1740.5922,639.5,2247.3483,-0.54,55780,3846.0,3,524.6666666666666,1673.36,14200.667,-5475.667,2623.333,-4539.0
433,8485.9767,1637.122,846.2217,1302.015,-0.54,56988,5077.8,3,511.3333333333333,1709.61,14471.167,-5609.133,2556.667,-4642.333
434,9951.1633,1864.3926,738.4917,2808.9467,0.4567,66349,4486.8,7,607.0,1990.43,16853.667,-6528.267,3035.0,-5399.667
435,9903.4067,1923.4161,1160.6967,2216.275,-0.54,67042,6909.2,3,586.6666666666666,2011.24,17021.167,-6600.0,2933.333,-5462.333
436,22867.8533,2839.2571,1875.6783,2632.265,-0.0733,152022,12058.0,3,1407.3333333333333,4560.62,38607.667,-14961.267,7036.667,-12375.833
437,19829.4733,2490.9953,1015.5717,3269.08,-0.54,131279,6434.5,3,1219.0,3938.34,33385.667,-12901.533,6095.0,-10688.0
438,21186.9133,2279.4097,177.37,2392.2167,-0.71,140240,1321.7,3,1304.6666666666667,4207.18,35652.833,-13786.933,6523.333,-11409.5
439,8028.3967,2266.3845,1661.9317,2628.51,-1.2033,53159,9832.0,3,496.0,1594.73,13507.667,-5228.667,2480.0,-4325.333
440,11254.0467,2096.3599,1155.5933,4233.3017,-0.54,74650,7280.2,3,691.0,2239.48,18976.167,-7339.6,3455.0,-6077.0
441,14602.6867,2402.567,1551.76,3351.985,-0.3067,97458,9749.7,3,906.6666666666666,2923.72,24693.667,-9614.2,4533.333,-7933.833
442,12217.8767,1802.8071,672.2683,2449.68,-0.54,80231,4257.2,3,769.3333333333334,2406.91,20382.667,-7893.2,3846.667,-6525.167
443,12504.33,1965.4151,697.755,4268.575,-0.54,83265,4041.2,3,769.6666666666666,2497.93,21135.333,-8198.933,3848.333,-6778.333
444,11247.6233,2235.4522,870.7983,2279.985,-0.54,74197,5771.5,3,707.6666666666666,2225.89,18827.167,-7308.6,3538.333,-6035.167
445,10657.2867,1948.8974,266.4183,2436.255,-0.0733,70928,1708.8,3,654.0,2127.82,18012.0,-6980.867,3270.0,-5771.667
446,10108.6367,2619.3818,979.0383,2813.4867,-0.54,67060,6089.0,3,623.0,2011.77,17038.0,-6596.8,3115.0,-5459.333
447,12250.6333,2715.2177,1768.4683,3845.415,-0.7667,79998,11418.8,3,778.3333333333334,2399.9,20329.0,-7867.933,3891.667,-6502.0
448,14547.7467,3014.5787,1731.7133,4361.905,-0.54,96410,11148.7,3,908.3333333333334,2892.28,24455.5,-9499.867,4541.667,-7841.833
449,13539.8933,2512.936,1362.25,3706.5017,0.4567,90560,8531.0,4,833.6666666666666,2716.76,22958.5,-8928.533,4168.333,-7375.167
450,12995.58,2879.5233,1547.4667,2264.0783,0.9867,86874,9799.3,3,796.3333333333334,2606.18,22039.5,-8558.933,3981.667,-7072.833
451,17829.7633,2609.9754,175.7133,4385.8367,-0.54,117022,1168.7,3,1100.0,3510.63,29816.333,-11477.867,5500.0,-9519.333
452,13940.69,2858.2329,816.46,5554.4,-0.54,93714,4921.3,3,852.6666666666666,2811.39,23744.0,-9245.2,4263.333,-7632.833
453,8730.86,2502.0285,2262.6283,5584.8383,-0.0333,57683,14100.8,3,547.6666666666666,1730.46,14636.667,-5681.933,2738.333,-4692.667
454,12845.5233,3344.2889,2380.3967,4309.5167,-0.9367,85857,15423.7,3,789.6666666666666,2575.69,21772.833,-8462.333,3948.333,-6989.0
455,12460.3,2786.7469,2188.4233,4993.4617,0.3733,83381,14469.0,9,764.0,2501.4,21144.833,-8218.267,3820.0,-6787.667
456,12263.97,2372.721,313.0517,2952.11,-0.54,80350,2107.5,3,768.3333333333334,2410.47,20439.167,-7894.333,3841.667,-6533.0
457,9390.3633,2746.2022,2584.835,4154.0683,-0.6533,61675,17033.8,3,587.3333333333334,1850.23,15679.667,-6063.2,2936.667,-5013.0
458,15894.1133,2478.6083,1086.8833,5863.2483,-0.54,104414,7239.0,3,985.6666666666666,3132.38,26577.0,-10251.933,4928.333,-8491.667
459,11239.83,2597.0476,829.8517,4987.125,-0.4767,74882,5338.8,4,693.3333333333334,2246.43,18999.5,-7376.6,3466.667,-6096.167
460,9466.71,1934.2099,220.5917,4664.2683,-0.54,61875,1463.5,3,593.6666666666666,1856.21,15749.0,-6075.333,2968.333,-5031.5
461,7823.1933,2258.6463,582.4067,5692.12,0.0,52230,3684.0,6,485.3333333333333,1566.86,13234.833,-5152.0,2426.667,-4253.167
462,11175.1967,2697.5187,858.0733,4972.29,-0.71,73862,5584.0,3,688.6666666666666,2215.83,18783.167,-7259.133,3443.333,-6008.0
463,10039.5567,2177.6763,1100.7683,3245.255,-0.3,65227,7305.5,3,632.0,1956.79,16619.333,-6397.733,3160.0,-5298.833
464,20514.7067,3363.411,2227.315,6114.9433,-0.0733,137279,14629.8,3,1246.3333333333333,4118.34,34856.667,-13513.133,6231.667,-11178.833
465,15023.9833,3559.8365,3818.2383,4656.815,-0.9833,99439,25299.5,6,929.3333333333334,2983.15,25268.0,-9780.667,4646.667,-8093.167
466,12749.8167,4301.1926,3795.805,4960.77,-0.01,84679,24406.2,4,776.0,2540.35,21542.5,-8318.867,3880.0,-6894.167
467,11506.43,2622.3262,1529.3733,4304.9533,-0.54,76492,10340.7,3,704.0,2294.73,19442.333,-7521.467,3520.0,-6229.167
468,13482.6133,2979.2533,1297.685,6172.405,-0.54,90330,8275.5,3,806.0,2709.88,22977.833,-8874.933,4030.0,-7360.167
469,10264.68,2604.0365,1660.6217,5114.9917,-0.54,68204,10742.8,3,638.0,2046.08,17299.167,-6721.067,3190.0,-5549.5
470,15181.81,2673.6539,1922.2,4267.235,-0.2433,100868,12957.7,4,925.0,3026.01,25653.5,-9912.2,4625.0,-8210.5
471,10523.33,2437.7978,1609.7267,3670.8667,-0.54,69165,10703.0,3,652.3333333333334,2074.93,17607.0,-6790.267,3261.667,-5630.0
472,13259.9,3021.1981,2578.86,3648.3467,-0.54,86334,16628.5,3,839.6666666666666,2590.0,21964.0,-8481.267,4198.333,-7011.167
473,14457.08,2631.4322,162.085,5373.73,-0.3067,94927,1037.2,3,888.3333333333334,2847.78,24194.667,-9307.533,4441.667,-7719.5
474,12135.7333,2010.6107,290.7217,5324.8783,-0.54,79581,1905.7,3,754.0,2387.4,20262.167,-7811.333,3770.0,-6472.5
475,8375.8767,2645.0438,1852.4617,5202.6883,-0.54,56495,12162.5,3,500.6666666666667,1694.81,14342.5,-5561.933,2503.333,-4602.833
476,10163.72,2891.2398,2298.905,4155.16,-0.54,67285,15064.5,3,633.3333333333334,2018.52,17078.0,-6625.8,3166.667,-5473.667
477,16790.43,2595.23,1393.0667,5287.1017,-0.0733,107122,9240.3,3,1076.0,3213.63,27372.167,-10475.533,5380.0,-8699.833
478,11813.5767,2502.4798,1281.0033,5928.6917,-0.17,77328,8224.0,3,735.6666666666666,2319.81,19690.5,-7589.4,3678.333,-6285.667
479,13789.3067,2995.0383,2635.1483,3633.9167,0.0667,90792,17238.3,6,863.6666666666666,2723.74,23063.0,-8933.267,4318.333,-7382.5
480,13427.97,2598.6032,1084.2867,4340.6383,1.1167,88643,7233.3,6,842.0,2659.27,22498.0,-8729.467,4210.0,-7209.833
481,11831.9233,2124.4105,1178.7367,3938.2417,-0.3067,78271,7555.0,3,729.0,2348.09,19900.333,-7694.0,3645.0,-6367.5
482,13231.99,2463.5497,755.1483,6095.1017,-0.54,86401,4879.8,3,828.3333333333334,2591.99,22001.167,-8479.667,4141.667,-7023.167
483,19049.8233,2741.5443,902.5933,5118.9367,-0.76,126154,5509.7,3,1180.0,3784.59,32047.167,-12411.933,5900.0,-10270.0
484,7852.3733,1667.0969,371.3683,2883.9433,-0.54,50946,2337.2,3,495.3333333333333,1528.34,12983.333,-4995.8,2476.667,-4140.167
485,15350.0933,2281.6705,841.7467,4060.64,-0.0033,101306,5308.7,3,951.0,3039.16,25758.0,-9958.067,4755.0,-8244.0
486,11639.5033,3034.1581,1627.94,5462.235,-0.0733,76740,10659.0,3,719.0,2302.17,19521.667,-7539.333,3595.0,-6240.0
487,12783.22,2776.0927,1628.4283,3491.5883,-0.54,83198,10759.2,3,800.3333333333334,2495.92,21207.833,-8156.533,4001.667,-6765.667
488,11276.6033,2926.9004,2044.62,6172.8933,-0.3067,73530,13534.0,3,717.0,2205.87,18691.0,-7229.6,3585.0,-5975.667
489,12794.9667,2870.3504,1648.015,3437.8233,-1.39,84721,10448.7,3,791.3333333333334,2541.6,21522.667,-8335.133,3956.667,-6890.833
490,13819.4967,2933.8145,1672.72,5449.14,-0.71,89692,11040.0,3,885.0,2690.73,22806.667,-8815.733,4425.0,-7287.167
491,11743.7767,2621.1093,667.4017,7232.2733,-0.54,76651,4148.8,3,736.6666666666666,2299.51,19517.167,-7523.4,3683.333,-6232.833
492,11008.3433,2740.3409,1032.71,6925.9767,-0.54,71428,6871.3,3,691.0,2142.81,18213.667,-7000.133,3455.0,-5803.0
493,9419.9267,1966.7677,708.5367,4167.8583,-0.59,62036,4195.0,5,579.6666666666666,1861.06,15796.167,-6088.8,2898.333,-5046.833
494,11095.8967,2399.9407,194.8283,4648.495,-0.54,73882,1319.2,3,679.6666666666666,2216.43,18765.5,-7270.2,3398.333,-6014.167
495,7915.1833,1770.6149,1256.9917,3873.3483,-0.0733,51439,8056.8,3,506.6666666666667,1543.15,13076.0,-5057.467,2533.333,-4179.833
496,6047.9867,1585.7177,1089.2133,2716.515,-0.54,40088,7074.5,3,377.0,1202.62,10170.5,-3949.467,1885.0,-3260.667
497,9177.7433,2438.2355,329.13,4821.7917,-0.64,61191,2192.0,3,568.3333333333334,1835.71,15514.5,-6032.467,2841.667,-4981.667
498,9211.7167,1900.5168,182.115,4736.5267,-0.6467,59936,1168.2,3,578.0,1798.05,15273.0,-5878.0,2890.0,-4871.333
499,10930.14,1981.7765,763.3667,4971.5133,-0.88,72066,4934.3,3,679.0,2161.94,18320.833,-7084.8,3395.0,-5862.833
500,11549.6867,2031.7858,42.79,5194.51,-0.22,75478,245.7,6,723.0,2264.32,19217.167,-7408.8,3615.0,-6138.0
501,13112.8367,2632.2707,1581.1483,3454.1633,-0.54,85440,9959.8,3,826.3333333333334,2563.17,21751.667,-8387.333,4131.667,-6946.333
502,9623.1733,2651.0526,1743.895,5071.7683,-0.54,62522,11423.7,3,607.6666666666666,1875.64,15926.667,-6133.8,3038.333,-5083.667
503,17566.9133,2936.2047,697.145,4528.865,-0.54,114304,4379.2,3,1109.0,3429.08,29100.167,-11220.667,5545.0,-9286.667
504,13352.04,3196.0528,1956.6333,5578.49,-0.54,87618,12891.3,3,845.6666666666666,2616.84,22175.0,-8575.8,4228.333,-7092.333
505,11765.1533,1975.0539,957.2683,3238.2633,-0.71,75505,6011.5,3,753.6666666666666,2265.12,19259.667,-7397.133,3768.333,-6130.833
506,14110.7633,2980.9861,1862.8317,7774.19,-0.3,93182,12514.8,4,862.3333333333334,2795.43,23728.5,-9145.0,4311.667,-7579.833
507,9706.6,1966.9685,584.9383,4581.1333,-0.54,64138,3804.5,3,600.3333333333334,1924.1,16304.667,-6305.667,3001.667,-5218.167
508,12616.71,1842.5241,224.275,5132.1983,-0.54,82411,1296.8,3,787.6666666666666,2472.31,20991.667,-8085.6,3938.333,-6700.0
509,10205.9833,2168.2194,528.2733,4617.84,-0.54,67126,3499.0,3,631.6666666666666,2013.75,17083.167,-6591.933,3158.333,-5457.333
510,21401.3167,3006.5427,769.765,2994.7733,-0.0733,142269,5024.8,3,1330.0,4268.05,36079.5,-14022.067,6650.0,-11574.167
511,12297.68,2394.6597,122.6383,4475.7833,-0.54,80564,777.8,3,760.6666666666666,2416.88,20531.333,-7900.2,3803.333,-6553.667
512,11053.5733,1486.5675,13.365,2038.895,-0.8233,71559,80.7,3,694.3333333333334,2146.74,18257.833,-7008.667,3471.667,-5814.0
513,10303.8467,2461.3791,792.7133,5284.485,-0.54,65907,5037.8,3,661.3333333333334,1977.18,16825.167,-6451.333,3306.667,-5353.833
514,14566.3333,2791.7726,1232.7067,3901.0817,-0.54,96038,8060.7,3,899.6666666666666,2881.1,24432.333,-9434.6,4498.333,-7810.833
515,13954.1367,2781.3389,895.0117,5294.1883,-0.54,90767,5840.8,3,871.6666666666666,2722.97,23145.0,-8895.333,4358.333,-7376.833
516,13211.3533,3116.3117,1283.5917,5585.5583,-0.5833,85838,8345.2,3,821.6666666666666,2575.12,21911.0,-8403.267,4108.333,-6979.833
517,10727.5067,3006.5035,2917.175,5405.37,-0.54,69572,19403.5,3,676.0,2087.14,17735.0,-6820.467,3380.0,-5654.167
518,15552.7633,2908.5347,1854.1533,3985.1167,-0.8233,100662,11848.0,5,974.0,3019.83,25696.667,-9853.733,4870.0,-8180.0
519,11371.11,2708.4649,1543.6817,6084.7833,-1.67,74165,9793.2,3,730.0,2224.91,18825.333,-7302.8,3650.0,-6026.333
520,10396.18,2319.7614,1687.315,4090.185,-0.54,67757,10841.5,3,650.0,2032.68,17266.0,-6645.0,3250.0,-5507.5
521,14152.1933,3469.5493,3317.7867,5279.0383,-0.3633,93146,21471.7,3,881.6666666666666,2794.36,23682.333,-9156.333,4408.333,-7576.5
522,13668.6633,2439.5817,1392.5567,3607.3283,-0.8,89099,9424.0,3,848.3333333333334,2672.93,22727.833,-8728.6,4241.667,-7245.167
523,13128.79,3139.2551,2311.6067,3717.6483,-0.54,87277,15178.8,3,808.3333333333334,2618.29,22162.833,-8590.333,4041.667,-7103.667
524,10239.83,2954.4019,1900.0583,2983.5667,-0.4133,67135,12819.7,3,637.3333333333334,2014.03,17088.0,-6591.867,3186.667,-5457.0
525,13010.1967,2897.5357,1477.455,5131.8533,-0.54,85599,9114.5,3,808.0,2567.93,21774.167,-8410.067,4040.0,-6961.833
526,10518.5533,2319.9318,1143.5183,4823.9533,-0.17,67916,7249.5,3,677.6666666666666,1975.62,16904.0,-6409.4,3388.333,-5340.0
527,13671.04,2669.7899,2220.645,4962.6683,-0.3067,88649,14467.5,3,859.0,2659.44,22606.0,-8687.4,4295.0,-7202.0
528,7889.2367,2234.327,1762.9083,5204.7917,-0.54,51623,11443.5,3,485.3333333333333,1548.67,13168.5,-5057.267,2426.667,-4197.333
529,14380.2567,2279.413,1502.04,3845.7917,-0.3067,93534,9540.7,3,910.0,2805.99,23806.0,-9184.4,4550.0,-7597.333
530,17677.1,2555.1238,492.175,6463.535,-0.54,116224,2920.2,3,1102.3333333333333,3486.7,29554.0,-11423.267,5511.667,-9452.0
531,7400.9033,1900.3413,377.3083,3073.59,-0.6467,48417,2203.5,3,460.0,1452.47,12333.167,-4750.067,2300.0,-3934.667
532,12058.6767,2153.132,48.0667,4396.4117,0.7167,78471,359.3,3,757.6666666666666,2354.11,19990.0,-7698.267,3788.333,-6375.5
533,12583.7833,2677.6365,395.745,4530.3383,-0.54,81846,2760.8,3,791.0,2455.35,20853.667,-8027.733,3955.0,-6652.5
534,13057.9933,3349.6129,3087.1217,4978.7867,-0.0733,86850,19951.2,3,805.3333333333334,2605.46,22045.333,-8551.8,4026.667,-7067.667
535,10161.1867,2162.7011,186.2517,3970.9717,-0.54,66318,1159.7,3,647.3333333333334,1989.52,16850.0,-6523.667,3236.667,-5391.333
536,10459.0333,2325.8014,499.255,5334.84,-0.3067,68881,2841.2,3,643.0,2066.4,17539.167,-6760.533,3215.0,-5601.0
537,13321.0867,2743.0447,783.4383,5706.425,0.16,87778,5231.2,3,819.3333333333334,2633.32,22349.0,-8616.067,4096.667,-7141.833
538,12436.6767,2795.0431,2368.8,4619.1333,-0.7667,81588,15501.0,3,772.3333333333334,2447.61,20770.833,-8009.267,3861.667,-6634.167
539,12124.3167,2808.1378,1236.7767,6657.6333,-0.54,79869,7973.0,3,757.6666666666666,2396.05,20292.833,-7856.733,3788.333,-6496.167
540,12561.15,2466.8242,1135.885,5063.85,-0.3333,82349,7247.2,3,782.6666666666666,2470.45,20960.167,-8085.8,3913.333,-6697.0
541,8053.7033,2174.7431,644.43,3967.0017,-0.54,50607,4100.3,3,520.0,1518.17,12968.833,-4933.8,2600.0,-4099.5
542,11671.6333,2622.9079,408.9033,5701.0933,-0.54,74441,2485.0,3,751.6666666666666,2233.2,19003.667,-7286.733,3758.333,-6036.833
543,10572.19,2183.4889,866.7983,4460.7633,-0.88,68764,5534.8,3,668.0,2062.89,17507.333,-6749.867,3340.0,-5588.167
544,11636.6067,2080.5255,186.1767,4793.7167,-0.54,74629,1213.0,3,750.3333333333334,2238.84,19020.167,-7317.733,3751.667,-6056.333
545,11891.0,2872.2609,1587.625,5781.86,-0.54,77211,11045.2,3,753.3333333333334,2316.3,19661.0,-7577.8,3766.667,-6275.167
546,14270.5467,2630.1369,362.3567,6142.295,-0.54,92960,2412.3,3,885.6666666666666,2788.78,23714.167,-9106.4,4428.333,-7554.333
547,9664.84,2920.3673,2404.7283,5326.3117,-0.1733,64269,15725.8,6,595.6666666666666,1928.04,16314.833,-6327.867,2978.333,-5228.5
548,11013.1333,3123.8783,2548.1517,3927.285,-1.0867,71158,16653.8,3,687.3333333333334,2134.7,18182.0,-6958.733,3436.667,-5781.5
549,10928.89,2172.5491,876.3117,4782.1083,-0.54,72944,5749.2,3,668.0,2188.29,18520.167,-7180.733,3340.0,-5938.833
550,12892.0433,2679.9682,401.7833,4779.9617,-0.54,83788,2531.0,3,819.6666666666666,2513.61,21318.833,-8230.067,4098.333,-6808.667
551,12239.6567,2476.0937,624.17,5631.9533,-0.0733,80357,4180.0,3,765.3333333333334,2410.69,20432.333,-7898.533,3826.667,-6531.5
552,12798.2267,1703.3666,131.3433,3048.85,-0.6467,84566,869.7,3,793.0,2536.96,21493.833,-8315.733,3965.0,-6881.833
553,9336.17,2382.2541,796.7583,4762.08,-0.54,61207,5208.0,3,578.0,1836.17,15594.167,-6003.667,2890.0,-4980.5
554,13954.9233,2379.629,1646.22,3645.995,0.35,92687,10825.0,6,857.6666666666666,2780.59,23547.0,-9118.667,4288.333,-7542.333
555,15885.2867,2208.2391,105.495,5319.0167,-0.8967,102862,510.3,3,995.3333333333334,3085.82,26255.333,-10070.2,4976.667,-8362.333
556,13269.14,3419.8969,2088.2017,4552.7983,-0.54,85886,13468.8,3,845.3333333333334,2576.54,21872.667,-8428.067,4226.667,-6978.667
557,13312.8967,2991.4553,3140.5417,5140.89,-0.5167,86662,20506.8,3,823.3333333333334,2599.83,22122.833,-8483.267,4116.667,-7043.167
558,11848.5967,2697.4695,1478.83,4465.2367,-0.58,79222,9837.0,3,716.6666666666666,2376.63,20130.5,-7792.2,3583.333,-6449.667
559,9000.39,1588.0309,57.3117,6039.7467,-0.54,58671,369.8,3,572.6666666666666,1760.09,14914.833,-5768.2,2863.333,-4769.667
560,13636.6767,2571.6593,608.9167,5165.8,-0.54,89665,4021.0,3,854.0,2689.91,22787.167,-8818.067,4270.0,-7292.333
561,9848.3367,2594.1155,1765.67,2818.04,-0.0733,65440,11633.3,3,599.6666666666666,1963.17,16644.167,-6430.333,2998.333,-5327.0
562,10628.6067,1665.5908,32.085,2994.5683,-0.0733,70432,198.8,3,650.0,2112.94,17915.333,-6920.333,3250.0,-5729.333
563,10007.5467,1491.7938,74.9283,4194.185,-0.3067,64724,486.3,3,627.6666666666666,1941.68,16524.0,-6335.133,3138.333,-5261.333
564,8299.32,1726.4323,105.4933,3834.2217,-0.54,53888,781.3,3,524.6666666666666,1616.62,13727.167,-5286.8,2623.333,-4381.0
565,12093.8133,2702.8958,1402.4717,5962.9683,-0.0667,79184,8843.0,4,754.3333333333334,2375.48,20156.833,-7774.0,3771.667,-6436.167
566,10727.2,3047.4352,1309.4433,6419.3767,-1.3767,71414,7858.0,3,665.3333333333334,2142.4,18107.5,-7039.867,3326.667,-5809.5
567,9908.33,2149.7031,1286.0383,6002.0567,0.08,65209,8032.8,3,611.6666666666666,1956.23,16600.833,-6401.4,3058.333,-5305.667
568,10661.6733,1978.9253,197.1383,5559.2467,-0.54,68872,1134.5,3,676.6666666666666,2066.14,17556.667,-6751.8,3383.333,-5592.667
569,10990.24,2240.0494,144.185,6098.3417,-0.88,71426,918.8,3,688.0,2142.74,18212.0,-7000.333,3440.0,-5804.167
570,12761.2133,2374.6146,221.92,5661.7967,-0.54,83094,1403.3,3,793.0,2492.78,21197.5,-8139.733,3965.0,-6754.333
571,11435.9167,2444.5073,933.9517,5340.0467,-0.8633,76063,6125.5,3,706.6666666666666,2281.85,19301.5,-7491.933,3533.333,-6188.833
572,13942.66,2870.0509,457.61,5885.2583,-0.0733,91096,2733.3,3,874.0,2732.86,23189.333,-8943.533,4370.0,-7406.0
573,9520.9667,2327.5282,946.0767,5488.3583,-0.54,63418,6121.3,3,587.3333333333334,1902.5,16090.0,-6247.533,2936.667,-5160.667
574,20009.5033,2490.9916,1049.2317,4204.7433,-0.54,130917,6763.2,3,1264.0,3927.47,33279.667,-12871.467,6320.0,-10646.167
575,12850.5733,2333.1773,1032.8883,4242.0833,-0.1333,84299,6679.5,3,799.6666666666666,2528.94,21456.5,-8277.2,3998.333,-6856.0
576,13271.85,2539.0689,1483.9683,4050.5883,-0.54,87846,9738.8,3,807.6666666666666,2635.35,22368.0,-8622.0,4038.333,-7147.833
577,13561.7433,2231.0704,1384.0533,3834.905,-0.3067,88618,8893.3,3,848.6666666666666,2658.51,22564.167,-8697.933,4243.333,-7206.333
578,11664.1433,2487.0467,1310.0,4114.5633,-0.7667,77015,8614.3,3,731.6666666666666,2310.41,19545.0,-7584.933,3658.333,-6264.667
579,16634.0633,2417.9723,520.5967,4953.5333,-0.18,108555,3097.0,5,1054.6666666666667,3256.63,27600.0,-10671.067,5273.333,-8824.833
580,22906.27,3104.318,1307.6567,6821.1,-0.3067,152807,8154.0,3,1396.6666666666667,4584.17,38813.167,-15036.067,6983.333,-12438.333
581,13084.8233,2474.4667,891.8017,5646.1883,-0.54,85834,5827.2,3,816.3333333333334,2574.99,21837.0,-8432.0,4081.667,-6976.833
582,9342.6267,1667.4627,25.2467,5602.19,-0.54,60540,206.7,3,590.0,1816.16,15431.833,-5935.2,2950.0,-4920.167
583,9959.99,1760.8525,81.4817,4199.3033,-0.64,65417,554.8,3,614.3333333333334,1962.49,16666.167,-6417.0,3071.667,-5323.333
584,15925.7033,2747.5853,769.1433,4674.1033,-0.13,104033,4938.8,3,996.6666666666666,3120.97,26487.667,-10211.6,4983.333,-8454.667
585,12255.77,2478.9258,751.8,4703.2967,-0.54,78457,4886.0,3,783.6666666666666,2353.67,20031.5,-7678.733,3918.333,-6369.0
586,16145.0567,2722.3929,1899.3833,4860.3667,-0.8233,105157,12656.0,3,998.3333333333334,3154.69,26840.833,-10295.133,4991.667,-8547.0
587,15844.59,1996.404,36.8817,4210.8483,-0.59,102587,238.5,3,1002.0,3077.59,26150.333,-10057.333,5010.0,-8336.0
588,5966.66,1362.724,17.46,4059.8117,-0.71,39973,124.7,3,365.0,1199.16,10135.667,-3940.333,1825.0,-3252.833
589,12052.4433,2256.6813,890.9333,5358.3833,-0.54,80451,5247.7,3,737.6666666666666,2413.51,20423.0,-7921.067,3688.333,-6551.333
590,8300.9433,2610.17,2046.95,5768.8633,-0.69,54525,13031.0,3,507.0,1635.71,13907.5,-5341.933,2535.0,-4435.333
591,16151.4533,2500.3168,224.3433,4331.6417,-0.54,106512,1498.0,3,992.3333333333334,3195.32,27117.833,-10455.2,4961.667,-8668.167
592,14000.7967,2875.6496,1671.825,3662.04,0.16,90395,10703.5,3,885.0,2711.83,23063.0,-8853.867,4425.0,-7345.167
593,9340.14,2028.4472,640.9483,5421.375,-0.6467,61189,3944.8,3,574.6666666666666,1835.64,15604.5,-5996.0,2873.333,-4977.333
594,14023.4567,1872.8753,87.9183,5440.095,-0.54,92401,463.8,3,859.6666666666666,2771.99,23537.333,-9065.2,4298.333,-7519.0
595,17705.98,2198.4618,219.57,4541.5533,-0.54,115527,1368.3,3,1102.0,3465.78,29450.667,-11325.133,5510.0,-9395.333
596,14065.9333,2409.2469,397.8833,5463.6217,-0.0733,91498,2427.7,3,886.6666666666666,2744.9,23300.167,-8979.467,4433.333,-7433.0
597,13795.3267,2337.6011,213.6083,3562.2217,-0.64,90693,1306.8,3,850.0,2720.76,23099.167,-8898.933,4250.0,-7375.667
598,8216.72,1773.1045,993.3083,4225.98,-0.54,53808,6571.5,3,513.3333333333334,1614.22,13696.667,-5283.0,2566.667,-4377.833
599,8879.1133,2063.4693,215.9683,4371.1617,-0.54,57580,1407.0,3,563.3333333333334,1727.38,14662.833,-5650.933,2816.667,-4676.833
600,10561.72,2452.7843,1432.77,3620.6483,1.6733,69440,9201.7,3,659.0,2082.22,17650.833,-6821.333,3295.0,-5645.0
601,12095.2833,3462.5191,3063.5917,9482.4633,-0.54,79106,19706.8,3,765.3333333333334,2373.15,20106.667,-7778.533,3826.667,-6432.667
602,14783.7067,3120.567,1700.475,6060.545,-0.88,97816,11101.8,4,907.6666666666666,2934.44,24882.667,-9610.067,4538.333,-7961.667
603,12361.8033,2643.429,1372.06,3977.08,-0.8233,79790,8644.8,3,773.0,2393.67,20391.167,-7801.533,3865.0,-6486.5
604,9089.2433,2735.2358,1942.2167,3691.365,-0.3067,59567,12856.0,3,569.3333333333334,1756.51,14965.833,-5723.933,2846.667,-4755.833
605,9443.9067,2186.5436,1373.4133,3885.125,-0.0733,62506,8935.3,3,587.3333333333334,1875.14,15869.333,-6153.4,2936.667,-5083.833
606,14491.1333,2961.2636,1631.51,6979.96,-0.6467,95094,10303.0,3,892.6666666666666,2852.8,24238.0,-9323.667,4463.333,-7739.333
607,12636.4267,2378.9629,735.275,3445.7983,-0.54,82323,4743.8,3,787.3333333333334,2469.66,20988.833,-8069.067,3936.667,-6689.667
608,11262.2933,2123.3673,152.2333,4007.165,-0.54,74190,1031.0,3,706.0,2225.66,18840.167,-7301.867,3530.0,-6031.667
609,9265.3633,1789.2222,999.9633,4021.7933,-0.5967,61562,6663.7,3,570.6666666666666,1846.83,15634.0,-6058.8,2853.333,-5010.0
610,10721.69,2223.5296,1047.9283,3989.0483,-0.7667,69004,6887.5,3,688.0,2070.09,17584.333,-6767.067,3440.0,-5605.667
611,8803.0233,2075.8478,677.55,4911.6167,0.0367,57741,4444.3,3,551.6666666666666,1732.19,14682.833,-5675.0,2758.333,-4695.333
612,8038.5767,1680.8097,80.54,3245.815,-0.71,52338,578.3,3,509.6666666666667,1570.11,13315.167,-5141.533,2548.333,-4253.5
613,9231.09,1853.9939,784.065,3066.3167,-0.3067,61647,5071.3,3,568.0,1849.39,15634.167,-6075.8,2840.0,-5016.667
614,27377.31,3292.9413,1880.1833,5178.3533,-0.54,179381,11406.0,3,1717.0,5381.41,45620.0,-17628.267,8585.0,-14580.833
615,10357.9733,2464.0869,1005.5333,4457.0567,-0.54,68316,6651.0,3,641.3333333333334,2049.44,17372.5,-6714.133,3206.667,-5556.5
616,12461.1733,2563.6859,1026.435,5184.515,-0.54,82879,6603.8,3,760.0,2486.34,21070.333,-8147.667,3800.0,-6747.833
617,12314.9833,2091.5032,1127.735,3390.1433,-0.54,79129,7327.2,3,778.6666666666666,2373.85,20214.167,-7740.2,3893.333,-6426.167
618,9908.66,2088.4314,135.01,5473.3033,-0.54,64386,818.0,3,625.3333333333334,1931.56,16398.0,-6318.067,3126.667,-5229.5
619,8977.9567,2825.1041,2409.1467,3911.165,-0.54,58144,15880.3,3,570.3333333333334,1744.29,14811.167,-5704.333,2851.667,-4724.833
620,8987.23,2499.3235,1270.1617,4902.2833,0.1,57992,8244.2,8,566.3333333333334,1739.73,14804.333,-5676.667,2831.667,-4711.833
621,13081.1,2815.7516,1504.4383,4652.2983,-0.54,86111,9876.2,3,814.6666666666666,2583.3,21894.167,-8464.533,4073.333,-7005.167
622,7804.13,1940.5533,849.0833,4275.7583,-0.54,51002,5487.7,3,496.3333333333333,1530.03,12957.5,-5017.4,2481.667,-4147.667
623,10547.9867,2930.2446,1748.4017,5700.6583,0.36,68762,11508.8,6,660.3333333333334,2062.82,17518.333,-6745.0,3301.667,-5589.833
624,8807.85,2261.4609,785.9967,4615.4517,0.16,58376,5077.0,3,542.0,1751.25,14839.5,-5739.4,2710.0,-4753.5
625,12704.2867,2334.0989,808.2783,5423.055,-0.3067,84930,5344.3,3,809.3333333333334,2450.92,20845.5,-8001.467,4046.667,-6637.333
626,9546.32,2217.6553,519.0917,5186.0533,-0.6533,61908,3240.2,3,605.0,1857.22,15768.167,-6074.4,3025.0,-5029.667
627,9636.4933,2789.6073,1840.195,4331.2217,-0.54,63530,12162.2,3,599.6666666666666,1905.86,16147.667,-6246.867,2998.333,-5168.5
628,12355.0933,2666.2735,1953.0817,5193.8717,-0.54,80496,12739.8,3,774.6666666666666,2414.86,20504.167,-7897.6,3873.333,-6539.667
629,9707.1233,2064.4037,1296.7117,4013.5133,0.3933,63001,8584.2,3,614.3333333333334,1889.99,16044.833,-6182.2,3071.667,-5117.167
630,13950.9233,3322.0304,3082.94,6301.7883,-0.54,91191,20065.7,3,883.3333333333334,2735.69,23175.5,-8967.933,4416.667,-7409.0
631,10332.5433,3188.4355,2608.09,4051.7833,-0.4467,67035,17222.3,3,636.3333333333334,2011.01,17140.333,-6550.8,3181.667,-5449.667
632,12408.5,2805.7591,1873.5817,3879.8067,0.08,80511,12181.5,3,771.0,2415.3,20558.5,-7878.8,3855.0,-6541.5
633,11854.19,3580.5173,2973.475,6535.055,1.5933,76991,19308.2,3,741.0,2309.69,19638.667,-7542.667,3705.0,-6256.5
634,14842.2567,3758.6045,2644.68,3993.8917,-0.54,96777,17143.7,3,931.3333333333334,2903.29,24644.833,-9497.533,4656.667,-7865.0
635,11093.9033,3492.3155,2746.6983,4315.0517,-0.69,71870,17693.8,3,693.0,2156.07,18346.667,-7035.333,3465.0,-5838.5
636,16816.4667,3362.5839,2448.34,5509.2517,-0.54,109684,16232.3,3,1050.3333333333333,3290.5,27946.667,-10758.2,5251.667,-8914.167
637,10967.1633,3717.4019,3339.4667,5396.085,-0.5733,73392,21711.0,3,667.6666666666666,2201.73,18629.167,-7226.733,3338.333,-5975.333
638,13594.0433,3629.2668,3328.2867,5050.295,2.0367,89208,21673.5,23,838.0,2676.21,22731.5,-8749.0,4190.0,-7254.667
639,11452.9267,2525.7507,1711.9867,3359.2667,-0.39,72140,11416.7,3,727.0,2164.16,18515.5,-7021.733,3635.0,-5840.0
640,19430.75,3049.2039,2681.52,4673.1833,-0.54,129373,17095.2,3,1184.3333333333333,3881.15,32882.833,-12721.4,5921.667,-10533.5
641,9372.0233,1874.6847,414.23,4656.9383,-0.3067,61674,2673.7,3,582.0,1850.19,15685.333,-6060.667,2910.0,-5012.833
642,10573.4367,2459.8744,1098.9317,3954.5483,-0.54,66837,7069.8,3,681.0,2005.07,17109.667,-6523.467,3405.0,-5422.833
643,11683.9033,2728.6791,1797.325,4452.7883,-0.54,75367,11148.5,3,747.0,2260.97,19200.667,-7393.067,3735.0,-6119.667
644,12343.86,3235.9265,1868.2883,5338.095,-0.71,80566,12057.8,3,768.6666666666666,2416.96,20533.333,-7899.933,3843.333,-6549.833
645,10029.9933,2754.8809,2312.91,4629.565,0.1733,65246,15183.0,6,638.0,1957.36,16594.333,-6411.533,3190.0,-5300.167
646,10241.93,2920.0289,2617.7483,4471.8567,-0.8233,66979,17416.5,3,640.6666666666666,2009.33,17047.5,-6576.733,3203.333,-5441.5
647,13086.7533,2314.6671,309.39,5202.435,-0.6467,85065,2069.0,3,814.0,2551.92,21708.333,-8329.667,4070.0,-6913.833
648,11623.35,3369.5973,2102.84,7051.19,-0.69,74699,13842.3,3,737.0,2240.95,19071.5,-7311.267,3685.0,-6062.833
649,16582.8667,3367.8753,1859.8333,6418.945,-0.54,107014,12382.7,3,1059.6666666666667,3210.4,27262.5,-10497.867,5298.333,-8690.5
650,12179.6667,2575.9706,2146.8317,4413.5383,-0.54,78441,14381.5,3,778.0,2353.2,19997.5,-7689.2,3890.0,-6371.833
651,16017.32,2944.0102,1656.7633,4410.7633,-0.3067,104122,10870.3,3,1004.6666666666666,3123.62,26535.5,-10210.133,5023.333,-8455.0
652,7702.9867,2555.462,1771.6517,3611.125,-0.54,50928,11676.2,3,470.6666666666667,1527.82,12962.5,-5000.667,2353.333,-4140.0
653,12611.5967,3030.1368,550.2933,5094.8567,-0.54,83009,3614.7,3,791.6666666666666,2490.23,21086.5,-8167.133,3958.333,-6756.333
654,10882.56,2374.2926,1424.7883,4581.0333,-1.39,71470,9337.8,3,667.3333333333334,2144.06,18223.167,-7004.667,3336.667,-5816.667
655,9631.74,3158.1368,2977.4483,4600.4433,-0.2367,62322,19595.0,5,616.0,1869.64,15863.5,-6119.067,3080.0,-5062.333
656,16122.76,3232.7371,2781.4233,5005.5817,-0.3067,102973,18004.0,3,1023.3333333333334,3089.16,26337.167,-10059.733,5116.667,-8360.5
657,16247.5067,3280.7399,2251.5117,7661.915,-0.54,108056,14375.8,3,995.0,3241.64,27454.167,-10629.467,4975.0,-8793.833
658,11616.2367,2485.8036,1858.8983,3752.615,1.69,75540,12424.2,3,727.0,2266.17,19261.0,-7403.6,3635.0,-6142.333
659,12065.31,2684.7597,1034.7417,4402.7267,-0.5333,78165,6725.2,4,759.0,2344.91,19935.0,-7658.933,3795.0,-6350.667
660,9767.76,1889.2695,35.5317,4240.2783,-0.3067,62950,192.8,3,615.3333333333334,1888.46,16075.167,-6159.867,3076.667,-5112.667
661,10478.89,2019.5809,78.69,3709.9667,-0.54,68664,543.8,3,660.0,2059.89,17451.167,-6752.333,3300.0,-5579.833
662,14262.5667,3872.7403,3582.41,5788.2517,-0.0733,92651,23319.5,3,897.6666666666666,2779.5,23610.667,-9085.933,4488.333,-7530.0
663,12596.0567,2205.6459,889.6383,4383.79,-0.2433,83777,6046.2,4,770.6666666666666,2513.29,21290.167,-8239.4,3853.333,-6821.333
664,10715.2867,2627.6275,1681.6967,4823.2867,-0.3067,68122,11290.3,3,694.6666666666666,2043.62,17392.5,-6667.333,3473.333,-5526.833
665,12908.59,3097.936,2483.0017,4256.7983,-0.88,84514,16368.8,3,812.0,2535.39,21493.333,-8305.467,4060.0,-6874.667
666,9191.27,2484.3958,1729.0167,3836.5517,-0.54,60030,11496.3,3,579.6666666666666,1800.87,15268.5,-5898.6,2898.333,-4877.833
667,11520.4767,2432.3839,465.1467,5408.905,-0.6767,76281,2715.3,3,713.3333333333334,2288.41,19375.0,-7506.267,3566.667,-6203.333
668,13437.8267,2797.8419,1445.9617,3950.5233,0.0467,87690,9312.5,4,837.6666666666666,2630.66,22345.667,-8599.667,4188.333,-7127.167
669,12397.1167,2611.0054,1565.1717,4212.39,0.28,80893,10109.5,4,782.0,2426.75,20580.167,-7946.467,3910.0,-6573.333
670,14730.1667,3104.6797,1017.5183,6774.06,-0.3067,94824,6817.2,3,937.3333333333334,2844.7,24190.833,-9288.533,4686.667,-7703.5
671,9807.3333,2555.8819,1411.88,5669.8233,-0.0733,62888,9250.3,3,619.0,1886.6,16079.0,-6145.933,3095.0,-5107.333
672,14021.7,3373.437,2747.0967,4778.5067,-0.54,92334,17803.7,3,867.0,2770.0,23495.167,-9068.8,4335.0,-7509.667
673,8056.0967,2202.1492,1050.2267,5337.92,-0.3067,52372,7059.7,3,504.0,1571.13,13353.0,-5133.2,2520.0,-4254.833
674,14166.2233,2474.1815,1752.7867,3882.805,-0.0733,92561,11173.3,3,885.6666666666666,2776.79,23569.333,-9084.4,4428.333,-7523.833
675,10155.77,2070.0054,224.7317,3468.8767,-0.7567,66647,1329.8,3,629.0,1999.37,16968.5,-6541.933,3145.0,-5415.167
676,14219.11,2197.9705,212.9,3368.9783,-0.3567,92215,1372.7,3,890.3333333333334,2766.41,23525.333,-9032.8,4451.667,-7491.5
677,14827.8133,2500.6608,1253.8917,3070.5367,-0.5967,96420,8436.8,3,932.3333333333334,2892.58,24567.833,-9456.933,4661.667,-7837.333
678,14269.9533,2503.4605,1588.5667,5082.1983,-0.54,92942,10739.3,3,896.6666666666666,2788.22,23672.667,-9119.267,4483.333,-7555.0
679,13200.9367,2647.2373,1253.2567,6318.2333,-0.3067,86163,8162.3,3,824.6666666666666,2584.87,21950.167,-8452.6,4123.333,-7004.833
680,13456.61,2217.2024,615.995,5377.3217,-0.3067,88008,4165.8,3,839.3333333333334,2640.21,22409.167,-8637.933,4196.667,-7151.5
681,13773.5433,2877.4928,158.645,6190.3467,-0.34,89125,972.5,3,876.0,2673.71,22702.333,-8744.0,4380.0,-7238.5
682,15829.5733,3170.8195,1779.6383,5528.9567,-0.54,103682,11632.8,3,994.6666666666666,3110.44,26365.667,-10190.2,4973.333,-8429.667
683,12371.9033,3085.5341,1775.6667,4373.035,-0.2333,81837,11336.0,3,760.0,2455.07,20814.167,-8041.667,3800.0,-6655.667
684,10171.36,2028.7199,1129.5317,3753.9367,-0.46,65633,7254.8,6,640.6666666666666,1968.96,16756.667,-6423.933,3203.333,-5333.667
685,22491.35,3980.2035,2823.0567,5779.255,-0.59,146883,18270.7,3,1408.3333333333333,4406.45,37396.5,-14417.933,7041.667,-11935.333
686,23293.32,2964.3048,2120.825,4812.8667,0.07,151825,13558.5,7,1452.6666666666667,4554.72,38704.833,-14883.067,7263.333,-12346.5
687,10632.5267,2368.6217,1080.8567,4574.6717,-0.54,69756,6740.7,3,663.3333333333334,2092.66,17748.667,-6851.8,3316.667,-5673.667
688,15481.94,2939.7044,2004.3983,4082.72,-0.54,100686,12776.5,3,977.0,3020.54,25639.667,-9881.267,4885.0,-8182.0
689,11182.43,2562.4209,2110.265,4771.5983,-0.54,72502,13744.8,3,694.0,2175.03,18523.667,-7090.933,3470.0,-5895.333
690,13871.6067,3777.3961,2929.9483,5317.3533,-0.54,89819,18366.5,3,869.3333333333334,2694.54,22923.0,-8794.6,4346.667,-7298.0
691,13985.17,4257.5505,5223.6567,5439.7583,-0.3067,89140,34163.7,3,885.0,2674.17,22820.833,-8699.667,4425.0,-7235.167
692,12054.0367,3160.4411,2621.9233,3713.8367,-0.54,78183,17509.0,3,761.6666666666666,2345.47,19920.167,-7668.6,3808.333,-6351.333
693,11763.8567,2656.3992,1546.585,5217.475,-0.54,75711,10100.5,3,751.0,2271.29,19304.667,-7420.267,3755.0,-6146.833
694,11710.5467,2908.9435,1442.2967,4827.5317,-0.54,76544,9590.3,3,732.3333333333334,2296.28,19488.333,-7513.4,3661.667,-6222.333
695,18882.6833,2885.5314,1897.7733,5183.6183,-0.3067,123556,12348.7,3,1175.0,3706.65,31467.667,-12124.133,5875.0,-10042.5
696,12033.5533,2557.2736,210.1217,6196.8883,-1.1067,77495,1391.2,3,762.3333333333334,2324.82,19781.0,-7586.6,3811.667,-6297.333
697,9482.7633,2861.6179,2082.55,6201.8467,0.69,62112,13504.3,17,595.6666666666666,1863.33,15796.667,-6103.733,2978.333,-5051.833
698,12975.61,3858.6923,2891.0167,6454.81,-0.0733,83678,18721.5,3,831.6666666666666,2510.31,21312.667,-8210.533,4158.333,-6795.167
699,10996.6633,3052.3525,2559.0317,4746.8517,-0.54,71920,16419.8,3,702.6666666666666,2121.93,18036.167,-6931.933,3513.333,-5742.833
700,6575.06,1664.6487,367.0033,3373.3933,-0.54,42573,2333.3,3,411.3333333333333,1277.16,10868.333,-4167.267,2056.667,-3459.833
701,14959.0167,2729.0384,1345.0533,4241.3733,-0.8,97319,8508.3,3,927.0,2919.55,24841.667,-9527.2,4635.0,-7910.0
702,18965.3067,4186.687,2398.4417,6933.715,-0.54,121952,15870.2,3,1201.3333333333333,3658.54,31140.167,-11934.4,6006.667,-9905.667
703,15017.3933,3020.7661,2654.135,4348.8633,-0.3067,97660,17306.0,3,947.3333333333334,2929.76,24871.0,-9583.533,4736.667,-7936.5
704,13470.5233,2760.551,766.595,6135.6717,-0.54,89127,5120.8,3,826.6666666666666,2673.79,22671.333,-8756.933,4133.333,-7251.0
705,12735.3967,3120.2602,2344.88,6039.3683,-0.5267,83135,15148.7,3,793.6666666666666,2494.03,21184.0,-8153.467,3968.333,-6757.5
706,10058.68,2769.2268,1942.1183,5650.7833,-0.54,60537,12676.8,3,659.0,1816.08,15682.5,-5834.4,3295.0,-4900.5
707,15072.0033,2692.6556,1528.7917,5381.6567,-0.0733,96737,10119.5,3,967.6666666666666,2902.07,24667.333,-9480.4,4838.333,-7855.333
708,12121.6,3094.9311,2405.1283,4438.3783,1.17,79948,15797.5,7,748.6666666666666,2398.4,20334.333,-7855.8,3743.333,-6498.667
709,17314.15,3471.1875,1862.2417,4958.1067,-0.3067,113343,11861.8,3,1078.0,3400.25,28862.333,-11123.6,5390.0,-9214.833
710,17042.0433,2661.3267,2083.46,4343.6517,-0.54,110058,13241.3,3,1065.3333333333333,3301.71,28119.833,-10763.667,5326.667,-8942.5
711,12957.9933,3087.2519,2097.6617,4490.5333,-0.54,83376,13855.8,3,819.3333333333334,2501.26,21290.0,-8159.267,4096.667,-6770.667
712,16569.6433,3774.5274,2887.705,3938.37,-0.3067,109461,18564.2,3,1025.0,3283.81,27828.167,-10761.0,5125.0,-8906.333
713,10835.5033,3235.1905,2257.6883,5948.1267,-0.3067,70577,14814.5,3,673.0,2117.27,18001.833,-6914.6,3365.0,-5734.0
714,12123.6533,3022.4415,2382.0767,5781.54,-0.3067,78382,15751.3,3,772.3333333333334,2351.42,19966.833,-7689.6,3861.667,-6366.667
715,11533.37,2356.0203,1352.98,4803.5633,-0.54,75103,8530.3,3,717.3333333333334,2253.07,19157.0,-7357.867,3586.667,-6105.5
716,13718.0567,2929.9853,1904.405,4128.03,-0.3067,86911,12516.2,3,889.3333333333334,2607.29,22212.667,-8497.067,4446.667,-7051.5
717,14002.4833,2875.592,776.5417,4683.8267,-0.54,90833,4938.8,3,869.6666666666666,2724.95,23200.167,-8886.467,4348.333,-7384.5
718,16947.2367,3145.8019,1593.6117,5279.365,-0.54,109600,10150.3,3,1080.3333333333333,3287.97,27914.0,-10754.4,5401.667,-8902.0
719,12716.7667,3055.6704,2183.83,4851.2767,0.4067,81038,14090.3,6,810.3333333333334,2431.1,20727.167,-7916.667,4051.667,-6576.5
720,17833.0567,3099.9064,2045.0967,3175.3867,-0.54,115751,13138.7,3,1132.6666666666667,3472.49,29463.833,-11364.6,5663.333,-9402.0
721,15242.4867,3045.6728,1377.88,2934.6583,-0.54,99398,8865.3,3,951.3333333333334,2981.92,25328.5,-9748.267,4756.667,-8076.333
722,14853.1667,2647.4117,1534.2233,3914.8383,-0.0733,97034,10285.7,3,928.6666666666666,2911.0,24708.833,-9523.333,4643.333,-7886.667
723,12431.1867,3082.4205,1859.085,6519.6,-0.54,81135,12007.2,3,772.6666666666666,2434.02,20684.167,-7953.333,3863.333,-6597.0
724,17001.3933,3840.9415,2727.8583,5321.1583,-0.54,111486,17347.5,3,1072.3333333333333,3344.56,28326.5,-10966.667,5361.667,-9064.667
725,9962.3767,2943.4797,1949.1767,6685.675,-0.54,64711,12754.7,3,634.0,1941.31,16465.833,-6355.933,3170.0,-5258.833
726,13498.81,3288.8858,2664.46,4190.1433,-0.54,88888,17469.7,3,834.0,2666.61,22618.667,-8730.133,4170.0,-7226.333
727,15996.5767,2839.2897,1929.6733,4424.16,-0.54,103688,12607.8,3,1022.3333333333334,3110.61,26381.833,-10184.867,5111.667,-8422.667
728,18708.3833,3807.8589,2455.4433,6247.1517,2.8267,121053,15569.7,12,1185.6666666666667,3631.55,30852.167,-11869.667,5928.333,-9834.0
729,14945.7967,3320.5134,1804.885,7010.875,-0.7933,97845,11993.8,3,940.6666666666666,2935.33,24878.0,-9617.867,4703.333,-7953.0
730,11232.4367,2475.3381,1372.2483,4358.0883,0.3933,71643,8182.2,3,723.0,2149.27,18292.5,-7011.667,3615.0,-5812.667
731,17962.3767,2571.1384,1609.5833,3982.3167,-0.54,116068,10101.0,3,1142.3333333333333,3482.01,29578.667,-11382.133,5711.667,-9427.833
732,15983.88,3217.8894,2889.9983,4360.8567,-0.6867,103834,19098.2,3,1004.6666666666666,3114.98,26462.833,-10181.6,5023.333,-8435.667
733,9553.1033,2347.7154,719.1683,4701.7,-0.54,61477,4650.5,3,605.0,1844.27,15694.167,-6017.667,3025.0,-4992.667
734,18870.8067,3686.2691,2357.6333,7824.355,-0.3067,122382,15341.0,3,1183.0,3671.44,31219.167,-11988.8,5915.0,-9946.0
735,16553.1667,2831.5773,1947.6133,5486.5667,-0.5333,107561,12498.7,4,1043.3333333333333,3226.8,27398.5,-10552.8,5216.667,-8736.0
736,12822.3467,2782.7221,2243.5917,4618.1917,-0.54,82050,14581.8,3,811.6666666666666,2461.48,20982.333,-8017.133,4058.333,-6662.667
737,11245.07,2645.2635,1598.0717,4224.8617,-0.71,73183,10241.2,3,692.3333333333334,2195.47,18696.5,-7158.067,3461.667,-5950.5
738,14293.6267,2782.7714,2332.9533,3236.845,-0.54,91206,15116.7,3,899.6666666666666,2736.16,23364.333,-8895.533,4498.333,-7409.667
739,11881.9533,3599.7707,2303.9883,6526.3767,-0.3,78735,13582.8,3,738.6666666666666,2362.02,19984.0,-7753.4,3693.333,-6404.0
740,10943.86,2910.4403,1268.2667,5041.1733,-0.54,72630,8102.7,3,680.6666666666666,2178.86,18426.5,-7155.333,3403.333,-5909.5
741,10742.14,2547.5076,2397.92,3497.8417,-0.54,69532,15635.0,3,690.0,2085.94,17685.833,-6832.133,3450.0,-5647.5
742,13372.4,3261.7749,1228.2983,5306.065,-0.54,86948,7954.8,3,845.3333333333334,2608.4,22135.5,-8535.333,4226.667,-7062.833
743,17318.0,3414.264,2225.765,6554.2183,0.16,112484,14543.2,3,1090.6666666666667,3374.5,28663.0,-11031.667,5453.333,-9141.167
744,10800.3433,3260.2447,2715.4267,5059.59,-0.54,68821,17558.0,3,705.3333333333334,2064.61,17539.167,-6748.6,3526.667,-5581.5
745,10962.9633,2561.4039,1342.5333,4243.3817,-0.88,72515,8686.3,5,674.0,2175.43,18439.833,-7127.133,3370.0,-5895.167
746,22561.2833,3484.3145,2387.91,8014.515,-0.3067,147806,15709.7,3,1404.6666666666667,4434.15,37630.0,-14509.2,7023.333,-12017.0
747,10083.8733,3756.9405,3221.7717,4797.38,-0.54,64546,21256.2,3,640.3333333333334,1936.34,16498.333,-6309.8,3201.667,-5242.667
748,10292.13,3690.7659,3321.2,6376.0933,-0.54,67099,21529.3,3,642.0,2012.93,17103.167,-6578.467,3210.0,-5455.5
749,17335.3433,4680.0194,4086.3967,5395.2183,-0.88,113401,26788.0,3,1078.3333333333333,3402.01,28888.167,-11125.0,5391.667,-9221.5
750,12596.2133,3360.0563,2891.7483,5937.535,-0.54,81857,18681.5,3,785.0,2455.68,20885.667,-8017.133,3925.0,-6653.0
751,19713.2667,3640.203,2278.2383,4573.9133,0.3933,127734,14881.2,3,1242.6666666666667,3832.0,32567.833,-12519.733,6213.333,-10380.167
752,9276.7,2967.6686,2757.7333,4194.8917,0.5133,59951,17280.7,3,590.3333333333334,1798.5,15275.167,-5880.133,2951.667,-4868.5
753,13953.9333,2990.8483,1728.28,4330.4517,-0.3067,90658,11182.0,3,865.3333333333334,2719.7,23148.167,-8872.267,4326.667,-7368.333
754,14816.6333,2603.6099,979.735,4182.0317,-0.9367,97028,6590.5,3,935.0,2910.8,24660.5,-9541.333,4675.0,-7888.333
755,12770.18,3227.8071,2493.3567,4780.87,-0.54,84280,16134.8,3,799.3333333333334,2528.38,21395.5,-8297.867,3996.667,-6852.5
756,14876.0533,3022.342,2401.7983,5389.9117,-0.54,94535,15858.2,3,951.3333333333334,2836.02,24183.833,-9233.467,4756.667,-7667.0
757,12694.3033,2932.5941,1862.5217,5553.7567,-0.3,81147,11809.7,3,817.3333333333334,2434.37,20704.0,-7947.733,4086.667,-6583.0
758,15052.3733,3700.5032,2440.225,5933.3083,-0.0733,98546,15761.8,3,936.0,2956.34,25097.5,-9670.133,4680.0,-8011.333
759,13957.5333,2742.1269,1008.74,5066.3967,-0.71,90458,6614.0,3,878.0,2713.7,23064.667,-8865.667,4390.0,-7345.167
760,15157.48,3016.3854,2282.4533,5576.635,-0.71,97294,15116.7,11,958.0,2918.78,24862.333,-9513.8,4790.0,-7899.833
761,8036.0567,2995.8718,3183.5833,3897.5583,-0.54,51584,20855.8,3,519.3333333333334,1547.49,13141.333,-5060.267,2596.667,-4189.167
762,11794.6467,3119.5057,2234.8133,5915.43,-0.54,77827,14707.0,3,735.3333333333334,2334.78,19773.167,-7656.133,3676.667,-6333.833
763,13902.9567,2636.7551,1400.9717,4548.9933,-0.3,90937,8946.2,4,866.0,2728.09,23160.0,-8923.467,4330.0,-7391.667
764,14460.79,2236.4397,1077.1767,3168.7583,-0.7667,93417,6919.7,3,908.0,2802.49,23852.333,-9142.533,4540.0,-7591.5
765,15715.2367,3607.6875,2754.6317,3899.2,-0.0733,101390,17914.8,3,989.6666666666666,3039.77,25875.333,-9915.2,4948.333,-8233.0
766,17673.13,3657.2032,3379.1483,5078.9917,0.0133,114302,22046.3,7,1137.0,3429.03,29070.833,-11232.067,5685.0,-9279.667
767,10963.4367,2935.0363,2453.075,4480.675,-1.3067,71747,16169.8,3,694.0,2152.37,18227.667,-7058.267,3470.0,-5828.333
768,10934.8667,3450.6016,3518.0617,3874.7967,-0.54,71594,23164.2,3,689.0,2147.8,18198.167,-7039.6,3445.0,-5816.5
769,13427.6633,2899.38,2237.63,4866.2783,-0.54,86112,14272.0,3,858.6666666666666,2583.33,21973.5,-8433.0,4293.333,-6989.5
770,18942.29,3308.2429,1736.9517,7661.8933,-0.54,124484,11017.2,3,1177.6666666666667,3734.49,31670.667,-12228.533,5888.333,-10122.667
771,10429.4933,2934.0563,1795.17,5495.7883,-0.0433,67853,11468.3,3,659.3333333333334,2035.56,17273.0,-6661.4,3296.667,-5514.333
772,14692.2633,3345.9201,2917.245,4434.2833,-0.7667,94889,18741.2,3,928.0,2846.63,24207.167,-9294.867,4640.0,-7706.667
773,9764.7267,3216.544,2637.2283,2772.545,-0.54,64620,16815.8,3,604.0,1938.56,16422.333,-6355.0,3020.0,-5261.167
774,14148.0033,3655.2554,3346.5333,5499.7567,-0.54,90713,21686.0,3,901.6666666666666,2721.37,23162.833,-8877.533,4508.333,-7367.0
775,16814.6167,3266.0831,2038.4583,4528.0917,-0.54,108466,13331.8,3,1073.0,3253.95,27636.333,-10638.667,5365.0,-8802.0
776,12515.3633,2987.7443,2323.3417,4545.6633,-0.54,78789,14546.8,3,789.0,2363.63,20258.667,-7654.267,3945.0,-6397.667
777,16002.4733,3708.4793,2259.1433,4396.305,-0.02,103302,14479.7,7,1007.0,3099.04,26370.167,-10112.4,5035.0,-8389.333
778,17224.6733,2570.7617,1224.535,3676.1067,-0.3,113429,7913.8,3,1072.6666666666667,3402.84,28835.333,-11151.667,5363.333,-9225.167
779,12795.99,2570.8363,1185.0617,5359.8417,-0.46,82824,7879.2,3,809.0,2484.69,21114.833,-8118.867,4045.0,-6729.667
780,11280.9033,2164.6127,476.2433,5120.25,-0.3067,73247,3091.3,3,700.6666666666666,2197.37,18700.5,-7169.133,3503.333,-5951.167
781,14915.2033,3017.5679,1703.2017,5614.1967,-0.54,96083,11080.5,3,956.3333333333334,2882.47,24476.0,-9426.267,4781.667,-7798.667
782,15945.9767,3313.5607,1841.5717,6200.775,-0.54,102715,11831.2,3,1011.6666666666666,3081.41,26210.0,-10058.933,5058.333,-8344.833
783,11279.4233,2658.4807,902.5883,6241.035,1.5267,71824,5942.8,4,737.6666666666666,2154.69,18303.833,-7043.267,3688.333,-5824.167
784,18839.4767,3144.3355,1147.2583,5704.005,-0.54,122238,6714.3,3,1193.3333333333333,3667.11,31132.0,-11994.8,5966.667,-9931.5
785,12484.16,2500.9601,1599.5133,3728.33,-0.54,81463,10285.3,3,793.3333333333334,2443.86,20705.167,-8010.533,3966.667,-6621.0
786,13019.7533,2611.6764,220.4417,3526.7417,-0.3067,85332,1461.8,3,820.3333333333334,2559.92,21685.0,-8392.333,4101.667,-6934.5
787,15558.7467,2640.4349,972.2867,3441.91,-1.1533,101100,6225.0,3,982.0,3032.98,25744.167,-9922.4,4910.0,-8206.0
788,11927.34,2914.0517,1676.8067,5445.2333,-0.5967,77232,10847.3,4,755.0,2316.94,19683.833,-7572.933,3775.0,-6275.5
789,13413.38,3481.0175,2867.395,5549.0167,-0.54,86300,19435.0,3,855.0,2588.98,22010.333,-8455.933,4275.0,-7005.0
790,14599.07,4094.8443,3623.705,3965.135,0.8533,93627,22272.3,11,934.6666666666666,2808.77,23886.167,-9170.867,4673.333,-7598.333
791,14119.2833,3529.2248,2630.75,3969.98,-0.71,90869,16888.7,3,897.0,2726.05,23183.167,-8900.6,4485.0,-7374.333
792,14865.98,3413.5415,2647.3033,5957.7633,-0.0733,94650,16713.3,3,967.0,2839.48,24143.5,-9272.667,4835.0,-7679.333
793,12863.7467,3248.7652,1741.505,5114.235,-0.54,84087,11681.2,3,808.3333333333334,2522.58,21395.167,-8259.333,4041.667,-6836.333
794,14124.0633,2765.1233,695.6433,5493.31,-0.54,91475,4571.0,3,890.0,2744.23,23323.5,-8965.667,4450.0,-7428.0
795,16087.7067,2780.7601,760.7433,5227.4783,-0.54,103489,5196.3,3,1034.3333333333333,3104.64,26369.667,-10149.933,5171.667,-8408.333
796,15900.6167,3840.8841,2707.465,7245.3783,-0.54,102136,17949.2,3,1017.3333333333334,3064.05,26045.667,-10008.933,5086.667,-8286.833
797,14870.0167,2352.7377,302.1117,4566.86,-0.9367,95216,1532.5,3,946.3333333333334,2856.45,24328.167,-9311.933,4731.667,-7734.333
798,16357.74,2396.1979,550.5383,6017.9817,-0.59,104639,3629.5,3,1049.6666666666667,3139.14,26708.5,-10244.4,5248.333,-8493.833
799,15241.6467,3690.1942,2570.5133,6574.8433,-0.54,99450,16019.5,3,954.3333333333334,2983.48,25326.0,-9759.667,4771.667,-8079.833
800,14401.86,3952.5871,2873.4167,3803.1033,-0.54,93683,18516.0,3,905.6666666666666,2810.46,23863.333,-9191.267,4528.333,-7609.0
801,20542.16,3812.8791,2247.5133,4241.17,-0.54,132446,14414.2,3,1301.0,3973.36,33788.5,-12973.867,6505.0,-10750.833
802,14200.6667,3865.5683,2938.915,6956.4233,-0.54,93758,19094.8,3,876.3333333333334,2812.7,23846.667,-9212.867,4381.667,-7627.5
803,16730.5767,3451.914,2056.3783,5610.11,-0.54,107625,13265.8,3,1068.3333333333333,3228.71,27445.333,-10546.8,5341.667,-8738.333
804,16307.9733,3685.5382,1972.0883,6475.8017,-0.69,105986,12776.2,3,1023.6666666666666,3179.54,27011.0,-10392.733,5118.333,-8608.167
805,16155.02,2561.0409,950.6717,3484.725,-0.8133,104402,5976.2,3,1037.0,3132.02,26565.833,-10254.0,5185.0,-8473.833
806,10852.9133,2281.6777,246.44,4983.7067,-0.3067,70130,1594.0,3,688.0,2103.88,17879.0,-6874.467,3440.0,-5695.5
807,16121.6,3191.4005,492.02,5886.01,-0.54,104108,2612.7,3,1028.6666666666667,3123.2,26519.833,-10213.6,5143.333,-8451.167
808,20957.27,3137.3691,974.3683,8785.3283,-0.0733,135963,6108.8,3,1324.6666666666667,4078.87,34637.667,-13337.6,6623.333,-11045.0
809,16858.7467,3432.8993,1525.05,8920.92,-0.1633,110887,9736.0,3,1040.3333333333333,3326.58,28231.0,-10885.0,5201.667,-9015.5
810,12904.8233,2972.2973,1333.0817,2869.5483,0.4967,83787,8594.8,13,816.0,2513.59,21340.5,-8221.267,4080.0,-6808.0
811,19369.7033,3218.0375,940.3217,7706.1567,-0.54,126913,6422.8,3,1210.6666666666667,3807.37,32291.667,-12466.0,6053.333,-10316.667
812,13370.9733,3571.4011,2388.8783,6940.8917,-0.54,85859,15455.3,3,846.3333333333334,2575.74,21932.167,-8398.933,4231.667,-6969.667
813,15218.98,2623.2857,678.2117,5012.7183,-0.18,100170,4090.8,5,952.6666666666666,3005.08,25444.5,-9856.267,4763.333,-8137.667
814,15823.5133,3393.2425,1192.6117,7775.9517,-0.54,104307,6874.2,3,995.0,3129.18,26472.667,-10272.333,4975.0,-8481.0
815,11759.2633,2752.3489,1945.0083,4701.4033,-0.54,76675,12455.2,3,750.6666666666666,2300.23,19476.5,-7544.467,3753.333,-6226.333
816,11501.3967,2315.1123,135.885,6742.5917,-0.59,74782,845.5,3,730.6666666666666,2243.43,19024.667,-7346.533,3653.333,-6073.5
817,27859.21,3736.7219,1574.53,7734.3033,-0.9133,180001,10158.7,3,1776.3333333333333,5400.01,45852.0,-17659.467,8881.667,-14615.0
818,15200.25,3375.0566,1244.045,4058.3333,0.8767,98103,7710.8,3,969.6666666666666,2943.05,24994.333,-9622.8,4848.333,-7962.667
819,16305.95,3698.5288,1321.955,5082.3717,-0.3067,105896,8637.8,3,1018.0,3176.85,27018.667,-10371.733,5090.0,-8607.833
820,12650.2467,3295.0583,1427.0533,7350.93,-0.54,79407,8680.8,3,838.3333333333334,2382.18,20278.667,-7769.933,4191.667,-6432.333
821,15326.0667,3596.3886,1534.8833,6612.2633,-0.54,96628,8957.7,3,982.6666666666666,2898.8,24771.167,-9417.067,4913.333,-7840.167
822,11790.1733,3458.7568,2524.42,4529.02,-0.3067,76580,15978.3,3,766.0,2216.34,18934.5,-7202.0,3830.0,-5988.667
823,13017.79,4371.8896,3951.2733,6680.9583,-0.54,84721,25527.3,3,821.3333333333334,2518.79,21429.5,-8220.333,4106.667,-6816.833
824,13742.13,3015.6393,1793.6667,5642.5133,-1.1067,87059,11846.0,3,893.3333333333334,2611.73,22238.667,-8516.267,4466.667,-7058.667
825,16081.5733,3492.581,2569.175,6207.86,-0.0733,103402,16633.5,3,1029.6666666666667,3102.04,26357.5,-10137.467,5148.333,-8388.833
826,18079.1833,3666.6817,2648.7533,3501.8767,-0.54,116739,16738.3,3,1130.3333333333333,3502.15,29826.833,-11417.133,5651.667,-9484.333
827,12904.86,3350.1584,2384.5567,4520.6817,-0.54,81360,15539.0,3,840.0,2440.76,20806.333,-7949.4,4200.0,-6592.833
828,16776.9167,3477.2543,3016.155,5465.2083,-0.71,109199,19489.5,3,1056.6666666666667,3275.95,27807.5,-10716.867,5283.333,-8873.0
829,13859.4167,3683.5963,2530.8767,5951.815,-0.54,91036,16160.2,3,870.6666666666666,2731.05,23129.333,-8955.467,4353.333,-7398.833
830,29455.7467,3851.5881,1359.025,7288.9483,-0.54,192497,8621.8,3,1846.0,5774.88,48999.0,-18899.8,9230.0,-15648.333
831,18135.8033,3318.5283,2289.4717,7474.13,-0.7667,119347,14560.7,3,1145.0,3580.37,30284.0,-11755.733,5725.0,-9697.833
832,17032.3267,4058.519,3042.4717,6187.8383,-0.6533,109486,19146.8,3,1096.0,3284.56,27891.333,-10740.733,5480.0,-8882.833
833,14662.2967,3400.8269,2548.3033,4640.53,-0.0733,95019,16125.0,3,922.0,2850.53,24232.5,-9310.733,4610.0,-7720.0
834,16836.5133,3643.2304,3448.8833,5283.79,-0.0933,109284,21719.7,5,1073.3333333333333,3278.48,27801.5,-10736.133,5366.667,-8874.0
835,10932.6267,3478.4303,2893.765,6021.67,-0.54,71945,18334.8,3,707.6666666666666,2106.46,17875.667,-6893.0,3538.333,-5694.833
836,14949.6533,2676.1307,1100.3333,4348.4267,-0.88,95248,7299.3,5,958.3333333333334,2857.42,24342.667,-9312.6,4791.667,-7729.5
837,11301.21,2540.3046,305.5233,5963.03,-0.54,70988,1895.7,3,736.0,2129.61,18171.333,-6929.067,3680.0,-5750.667
838,12702.52,2585.4685,628.3767,4557.8783,-0.59,83562,4034.7,3,805.3333333333334,2506.82,21192.167,-8235.467,4026.667,-6787.667
839,14254.2733,3313.8471,1673.3017,5307.2417,-0.54,93282,10958.8,3,896.6666666666666,2798.44,23722.833,-9167.333,4483.333,-7583.0
840,14721.7667,2612.4215,129.9267,7423.1833,-0.64,96461,873.0,3,933.6666666666666,2893.8,24490.833,-9495.867,4668.333,-7835.333
841,9232.8967,2548.5172,1257.3717,5505.4733,-0.6333,59799,7881.2,3,588.3333333333334,1793.93,15222.167,-5870.867,2941.667,-4854.0
842,14064.03,3372.1095,2074.025,5896.6767,-0.54,91692,13285.2,3,899.6666666666666,2750.73,23284.667,-9024.533,4498.333,-7445.167
843,17803.0267,3864.8786,1202.0567,7402.08,-0.3967,114056,7650.7,6,1145.0,3421.66,29087.833,-11176.133,5725.0,-9255.333
844,17410.17,3563.7797,1947.5683,5889.6567,-0.54,113917,12444.2,3,1103.0,3417.47,28943.0,-11206.133,5515.0,-9259.167
845,20849.7567,5016.7169,4682.3767,6073.8867,-0.54,135234,30121.7,3,1308.6666666666667,4056.99,34486.0,-13252.4,6543.333,-10984.167
846,13593.72,3033.3113,2224.28,4626.97,-0.54,86212,14104.3,3,875.6666666666666,2586.32,22044.333,-8424.6,4378.333,-6990.667
847,21337.8733,3697.7163,958.15,5250.995,-0.6533,139259,5366.0,3,1355.6666666666667,4177.74,35394.0,-13694.2,6778.333,-11318.0
848,15769.2,2391.4084,106.8433,5165.6533,-0.54,103114,768.0,3,983.6666666666666,3093.4,26258.333,-10119.533,4918.333,-8381.333
849,16094.6633,3801.7009,2673.4633,4144.7733,-0.54,102665,16997.0,3,1028.6666666666667,3079.93,26237.833,-10037.933,5143.333,-8328.5
850,12952.2033,2713.5695,92.6033,7533.565,-0.3067,82820,521.2,3,825.0,2484.57,21159.5,-8100.2,4125.0,-6716.667
851,17567.54,3131.4673,248.9383,7118.4483,-0.3067,113016,1522.8,3,1111.3333333333333,3390.44,28853.5,-11061.733,5556.667,-9171.333
852,10991.6833,2598.4521,281.13,5005.6067,-0.54,71626,1708.7,3,700.3333333333334,2127.95,18077.333,-6955.6,3501.667,-5759.667
853,17305.2667,2945.228,228.785,6824.3217,-0.3067,112448,1465.5,3,1088.0,3373.4,28653.5,-11028.133,5440.0,-9133.5
854,16526.7133,2830.4379,80.3633,9633.3,-0.3067,105877,594.0,3,1060.0,3176.28,27013.333,-10370.067,5300.0,-8592.833
855,14370.81,2482.3818,604.1183,4430.3367,-0.54,93588,3612.2,3,917.6666666666666,2807.61,23779.5,-9205.8,4588.333,-7598.833
856,14916.34,2360.983,20.2867,8163.9983,-0.54,96062,135.3,3,960.6666666666666,2881.84,24456.167,-9430.0,4803.333,-7795.0
857,13674.7167,2030.7648,31.8033,7506.3933,-0.0733,90006,200.0,3,857.0,2700.15,22860.667,-8856.933,4285.0,-7314.167
858,10765.82,2676.5399,236.1483,7235.8983,-0.4767,69462,1484.8,3,683.3333333333334,2083.82,17715.0,-6806.333,3416.667,-5643.333
859,13121.8633,3682.0055,3155.9033,6201.9367,-0.54,85629,20363.3,3,823.6666666666666,2568.83,21798.167,-8406.467,4118.333,-6957.0
860,13795.8267,2617.9843,109.6233,4273.0967,-1.1067,89356,659.0,3,869.3333333333334,2680.66,22780.667,-8759.0,4346.667,-7253.167
861,13363.6167,3580.1507,2173.05,3819.41,-0.3067,87659,14151.0,3,842.3333333333334,2629.75,22268.5,-8624.467,4211.667,-7121.833
862,11807.05,2330.2252,273.57,3832.455,-0.54,76613,1581.7,3,739.0,2298.35,19542.667,-7505.467,3695.0,-6223.5
863,17808.75,3374.2955,878.185,6212.25,-0.88,114863,5645.5,3,1118.3333333333333,3445.85,29337.333,-11237.6,5591.667,-9328.5
864,19093.5667,3062.3503,1541.355,5711.315,-0.54,121381,9851.2,3,1223.6666666666667,3641.4,31040.5,-11860.0,6118.333,-9846.667
865,15227.67,2834.7979,1309.3183,3528.3667,-0.71,97283,8495.5,3,977.3333333333334,2918.47,24835.5,-9522.467,4886.667,-7890.5
866,12679.6367,3044.3325,2480.915,4389.795,0.4967,79791,15973.2,6,864.3333333333334,2294.17,19667.833,-7427.533,4321.667,-6176.5
867,13557.77,3201.2568,1845.205,5588.3333,-0.3067,88963,11814.5,3,850.6666666666666,2668.87,22614.333,-8746.933,4253.333,-7231.833
868,15326.0633,4076.9897,2827.9933,9740.68,-0.54,100699,17791.3,3,956.0,3020.93,25608.0,-9896.533,4780.0,-8186.333
869,18424.56,3075.5466,2355.8417,4396.2833,-0.9233,119560,15289.5,8,1167.6666666666667,3586.76,30445.167,-11733.867,5838.333,-9711.833
870,10898.7333,2564.7423,1483.0133,5779.4117,-0.3067,71354,9872.3,3,693.6666666666666,2140.6,18112.5,-7025.867,3468.333,-5796.833
871,21134.1033,3975.4168,2537.02,8066.7433,-0.54,137177,16446.7,3,1334.0,4115.27,34947.5,-13456.333,6670.0,-11142.333
872,16852.9833,3908.2189,3074.69,5089.7,0.1667,111173,20132.3,10,1048.0,3335.15,28255.5,-10932.333,5240.0,-9045.333
873,16195.26,3712.4197,2418.3367,4966.7683,1.65,107556,14821.7,8,1006.6666666666666,3226.66,27283.0,-10598.067,5033.333,-8749.667
874,19220.3367,3693.8565,2669.51,4874.0,-1.08,123690,17141.3,3,1221.0,3710.67,31562.5,-12113.0,6105.0,-10044.833
875,24060.7767,3515.4781,1922.5383,5828.77,0.16,159721,11496.2,3,1471.6666666666667,4791.61,40608.167,-15701.0,7358.333,-12996.333
876,21591.1233,4270.2744,3387.71,4537.5367,-0.8233,141984,22003.0,3,1350.0,4259.49,36086.5,-13962.2,6750.0,-11542.667
877,14523.0567,4177.9386,2528.475,8805.0133,-0.59,95034,15789.3,3,912.3333333333334,2850.99,24169.667,-9338.933,4561.667,-7720.333
878,11321.36,3592.6453,2688.3067,7587.65,0.2967,74456,16564.0,5,717.3333333333334,2233.66,18886.167,-7336.8,3586.667,-6048.333
879,11279.2067,3152.934,2838.8183,4958.8967,-0.6467,73072,17369.5,3,719.3333333333334,2192.14,18600.5,-7174.267,3596.667,-5935.833
880,18745.4533,3139.2867,1377.1633,7270.1383,-0.54,120298,9145.3,3,1197.3333333333333,3608.92,30698.833,-11780.133,5986.667,-9768.833
881,10843.9367,3401.7015,3055.7617,6158.99,-0.3067,68883,20517.5,3,698.3333333333334,2066.47,17606.167,-6734.2,3491.667,-5586.167
882,13656.9767,2781.648,1142.7467,6177.89,-0.54,88724,7322.0,3,862.6666666666666,2654.51,22550.167,-8676.867,4313.333,-7184.167
883,11615.17,3030.8609,596.4717,6465.0367,-0.54,75813,3319.5,3,724.6666666666666,2274.37,19315.333,-7436.533,3623.333,-6161.333
884,18524.3433,3793.9867,2249.9467,6122.6317,-0.0733,119625,14737.0,3,1170.6666666666667,3588.71,30517.667,-11717.867,5853.333,-9717.5
885,10639.4733,2586.3848,74.1533,5926.7233,-0.4767,69214,473.3,3,680.0,2076.24,17588.833,-6806.267,3400.0,-5619.333
886,14739.44,3788.7773,2300.495,6640.7017,-0.54,96029,15086.2,3,938.6666666666666,2880.84,24404.333,-9444.067,4693.333,-7795.0
887,16272.7733,2902.2273,1919.38,3826.8933,-0.54,102896,11825.3,3,1064.0,3086.84,26272.667,-10070.067,5320.0,-8336.667
888,14034.5067,3419.8018,3407.3867,5690.2333,-0.54,91372,21991.7,3,878.6666666666666,2741.14,23280.833,-8962.133,4393.333,-7418.667
889,15002.0233,2474.0849,78.74,4886.9683,-0.54,99161,505.7,3,921.0,2974.79,25229.667,-9740.267,4605.0,-8067.167
890,15686.58,3317.2474,1377.3417,5957.875,-0.1233,100927,8811.2,3,1002.6666666666666,3027.78,25728.833,-9893.867,5013.333,-8189.5
891,13898.1633,2980.0136,195.8033,6406.6533,-0.54,87269,1236.3,3,906.6666666666666,2618.03,22334.667,-8519.867,4533.333,-7068.0
892,15822.3833,2081.4397,167.0817,4362.6133,-0.13,101163,921.5,3,1009.6666666666666,3034.85,25841.0,-9896.133,5048.333,-8205.667
893,15428.3733,3290.0409,1688.5233,5046.4817,-0.6467,97232,10120.0,3,997.3333333333334,2916.94,24895.167,-9488.4,4986.667,-7882.0
894,11890.3433,2433.9426,642.0417,5772.6767,-0.54,77235,4435.2,3,747.6666666666666,2317.01,19683.167,-7573.667,3738.333,-6274.5
895,12725.0133,3586.3502,3259.4383,4242.46,-0.54,81077,20821.0,3,820.0,2382.98,20407.333,-7723.8,4100.0,-6441.5
896,14162.7433,3079.3963,1992.045,4752.6833,-0.71,92168,12829.2,3,888.6666666666666,2765.01,23484.167,-9039.933,4443.333,-7489.833
897,12626.1333,2368.3889,488.6683,6370.2583,-0.54,81434,2885.0,3,790.6666666666666,2443.0,20805.833,-7964.533,3953.333,-6611.5
898,19949.9,3516.0107,2432.4483,5177.8533,0.2467,128424,15619.8,7,1271.0,3852.7,32751.0,-12584.467,6355.0,-10424.333
899,8716.7133,2538.8378,1510.0667,2899.6833,-0.7667,55264,9857.7,3,566.0,1657.88,14116.833,-5406.0,2830.0,-4482.0
900,16101.8467,4294.6527,3018.8517,6149.8383,-0.54,102920,19580.5,3,1023.6666666666666,3087.58,26310.833,-10059.733,5118.333,-8355.167
901,20255.9233,4314.4729,4394.3333,9258.1083,-0.54,129687,27959.3,3,1287.0,3890.59,33140.333,-12681.333,6435.0,-10528.667
902,8090.2367,2284.1856,1107.365,4698.0467,-0.54,51957,7439.8,3,519.6666666666666,1558.67,13245.167,-5093.267,2598.333,-4218.667
903,13307.0733,2714.5487,358.7417,7946.31,-0.71,86342,2308.5,3,834.6666666666666,2590.24,22021.167,-8460.0,4173.333,-7017.667
904,12476.84,2913.6678,374.2217,7179.0533,-0.54,80889,2397.8,3,793.0,2426.64,20593.333,-7940.467,3965.0,-6567.667
905,18271.0867,2933.0108,1161.7817,8431.15,-0.0733,116068,6901.5,3,1183.3333333333333,3482.02,29643.5,-11356.267,5916.667,-9414.833
906,10922.99,1894.708,119.64,5099.7467,-0.6633,69531,660.0,3,697.6666666666666,2085.89,17785.167,-6792.067,3488.333,-5644.333
907,12531.5367,2713.03,886.85,6275.61,-0.54,80747,5309.3,3,787.0,2422.37,20627.5,-7898.333,3935.0,-6555.0
908,15910.51,3075.1138,975.1267,5861.835,-0.54,102138,4956.3,3,1017.6666666666666,3064.11,26055.0,-10005.6,5088.333,-8291.333
909,16382.61,4441.7807,4137.4583,4704.5317,-0.54,107688,26613.8,3,1015.6666666666666,3230.61,27407.333,-10574.667,5078.333,-8759.0
910,15861.13,2693.6507,1310.24,4021.2533,-0.54,103952,8450.7,3,988.0,3118.53,26462.5,-10205.4,4940.0,-8454.5
911,12199.74,2424.0497,198.4967,4023.4683,0.0667,78762,1285.3,6,779.0,2362.84,20063.833,-7726.933,3895.0,-6395.0
912,11165.7667,2439.1057,522.24,5052.2133,0.0533,73598,3434.0,12,688.3333333333334,2207.9,18731.0,-7227.133,3441.667,-5987.667
913,12232.9,2476.9247,60.835,4456.9683,-0.1233,80958,375.5,3,738.6666666666666,2428.7,20637.667,-7936.467,3693.333,-6590.333
914,13347.6833,2747.8971,1412.0933,5076.2983,-0.3067,86649,9294.7,3,839.3333333333334,2599.45,22087.333,-8494.933,4196.667,-7040.833
915,15173.97,2538.9538,1062.9833,3653.4967,-0.0733,97223,6756.0,3,989.0,2916.67,24747.833,-9545.533,4945.0,-7890.0
916,12612.5633,2950.7649,778.8517,7121.9917,-0.0733,81099,4869.7,3,796.3333333333334,2432.93,20716.333,-7933.2,3981.667,-6585.167
917,15175.9033,3260.8949,2132.9917,6965.34,-0.9233,96830,13990.2,3,980.3333333333334,2904.87,24708.0,-9482.8,4901.667,-7855.833
918,10467.99,2969.0155,2383.4283,5077.0917,-0.2267,67091,15520.8,3,665.0,2012.69,17141.5,-6561.533,3325.0,-5449.667
919,11117.8867,2586.9825,1121.3333,4731.15,-0.88,71605,7189.3,3,708.6666666666666,2148.12,18259.0,-7017.4,3543.333,-5815.167
920,14633.2033,2996.1328,130.515,7221.3433,-0.88,95187,796.5,3,911.0,2855.57,24286.167,-9322.867,4555.0,-7740.667
921,11073.77,2940.4095,1495.1133,5766.505,-0.8233,71603,9432.0,3,704.0,2148.07,18243.0,-7023.467,3520.0,-5813.833
922,13244.2067,3273.4665,2491.72,5784.9783,-0.54,87419,16511.7,3,818.0,2622.54,22232.833,-8590.667,4090.0,-7110.5
923,12760.8067,3848.7597,2553.3867,5834.7917,-0.54,80792,16108.3,3,821.0,2423.74,20673.833,-7888.933,4105.0,-6552.833
924,12986.22,3249.0419,2435.2,5353.085,0.9167,83862,15772.7,3,810.6666666666666,2515.82,21431.833,-8199.6,4053.333,-6815.167
925,20196.5533,4518.2675,3197.1533,5746.6933,-0.0733,126545,20490.0,3,1330.3333333333333,3796.32,32359.333,-12365.267,6651.667,-10245.5
926,16205.6833,3372.8737,1720.9883,5049.2167,0.78,105043,10986.2,10,1021.3333333333334,3151.25,26779.5,-10296.733,5106.667,-8535.0
927,14081.3467,3852.7546,2141.9433,5276.1667,-0.5733,91610,14218.0,3,886.3333333333334,2748.28,23331.167,-8989.6,4431.667,-7440.167
928,19233.4067,4783.1573,4567.3783,6587.8533,-0.3067,124006,29610.8,3,1225.6666666666667,3720.14,31611.0,-12156.733,6128.333,-10069.333
929,10651.3167,2795.0385,1995.4083,5188.845,-0.59,67529,12938.5,3,688.0,2025.85,17261.667,-6601.2,3440.0,-5475.0
930,11738.6967,2287.3127,373.7333,5409.7467,-0.54,74735,2319.3,3,748.3333333333334,2242.03,19119.333,-7299.333,3741.667,-6065.0
931,12740.48,2564.2949,765.64,4774.0817,-1.1567,81144,4707.3,3,823.0,2434.28,20717.333,-7941.8,4115.0,-6584.333
932,15518.1433,3228.2929,2771.855,5775.6917,-0.1167,100185,17512.8,3,975.6666666666666,3005.51,25576.833,-9806.2,4878.333,-8136.333
933,15026.8033,3202.09,219.8133,7498.945,-0.3067,97490,1398.7,3,937.6666666666666,2924.67,24879.5,-9546.2,4688.333,-7919.5
934,15402.6667,3566.8027,1070.0717,8522.2267,1.2,100568,6761.2,3,954.0,3017.0,25648.833,-9854.0,4770.0,-8179.167
935,17709.49,2598.1615,64.375,5843.67,-0.7033,113277,366.8,3,1124.0,3398.29,28960.0,-11071.467,5620.0,-9197.333
936,17165.95,2975.2361,1228.7667,5776.035,-0.54,110453,7451.0,3,1079.3333333333333,3313.55,28229.833,-10798.6,5396.667,-8975.5
937,14036.2867,2964.4911,2178.2883,5405.5317,-0.54,91198,13872.8,3,896.0,2735.92,23194.667,-8961.8,4480.0,-7412.5
938,12744.73,3301.8219,1786.5383,5086.7517,-0.54,80249,11791.2,3,819.0,2407.43,20571.333,-7821.2,4095.0,-6507.833
939,15216.6633,2592.6653,371.8833,5692.245,-0.54,98979,2272.7,3,942.0,2969.33,25272.667,-9686.667,4710.0,-8048.667
940,11831.11,3072.0135,1687.39,5257.815,-0.62,77085,11329.0,3,736.3333333333334,2312.51,19657.167,-7554.067,3681.667,-6266.167
941,19488.0267,2996.0111,579.0667,4491.3233,-0.0667,126796,3842.7,3,1210.3333333333333,3803.86,32356.5,-12416.667,6051.667,-10307.333
942,14212.8433,2886.2541,1067.6683,5523.3583,-0.3067,92221,6740.5,3,881.3333333333334,2766.61,23557.5,-9021.267,4406.667,-7496.667
943,18204.2633,4048.2226,2458.9617,6885.4417,-0.0733,116435,15609.2,3,1157.6666666666667,3493.03,29757.0,-11384.267,5788.333,-9449.833
944,17913.5,2850.452,759.3333,4248.59,-0.8233,115691,4892.7,3,1121.0,3470.7,29553.333,-11316.867,5605.0,-9398.667
945,13729.3233,3677.0961,3281.3483,6497.6267,-0.54,87364,20386.5,3,884.6666666666666,2620.89,22321.0,-8544.4,4423.333,-7091.5
946,11937.5967,2734.9773,1691.2183,6295.5017,-0.3067,75095,10780.5,3,774.0,2252.83,19229.167,-7327.4,3870.0,-6087.0
947,17651.86,2727.6141,444.37,5342.4183,-0.54,112900,2795.0,3,1120.0,3386.96,28863.333,-11034.6,5600.0,-9163.833
948,16608.0367,2633.6867,49.5833,5732.4533,-0.54,108367,282.7,3,1043.3333333333333,3250.97,27590.167,-10637.267,5216.667,-8812.5
949,11297.6233,2540.4436,231.0933,4722.3333,-0.3067,73501,1159.7,3,711.6666666666666,2204.99,18719.0,-7212.533,3558.333,-5972.167
950,14523.8633,1960.6055,75.4917,4899.0267,-0.54,92645,525.2,3,931.0,2779.33,23671.5,-9060.467,4655.0,-7521.5
951,16961.3733,3241.9045,1084.4033,6842.6817,-0.54,108976,7078.3,3,1061.3333333333333,3269.24,27881.5,-10642.533,5306.667,-8853.5
952,13735.1433,2695.1853,1736.6067,3101.1917,-0.76,88458,11127.3,3,883.6666666666666,2653.71,22528.0,-8680.4,4418.333,-7184.5
953,10625.64,3109.7136,1989.7917,6568.07,-0.0733,69026,12800.2,3,660.6666666666666,2070.74,17619.667,-6757.267,3303.333,-5610.833
954,13823.0867,3195.3846,1621.3183,6599.4333,-0.3067,88015,10365.5,3,882.3333333333334,2640.42,22512.5,-8598.0,4411.667,-7143.5
955,12256.7133,3037.1349,1894.2467,5753.67,-0.3067,79192,11883.7,3,797.0,2307.28,19700.833,-7501.733,3985.0,-6234.667
956,17923.1533,3321.5795,2174.6733,5461.9317,-0.54,111935,14233.7,3,1183.3333333333333,3358.02,28640.333,-10930.867,5916.667,-9061.0
957,13287.94,2876.9381,1984.3933,5168.5083,-0.3067,82692,12846.2,3,878.0,2480.74,21176.667,-8067.8,4390.0,-6691.667
958,13516.2867,3336.1769,1310.7917,7873.305,-0.54,87722,8215.2,3,857.0,2631.62,22331.667,-8611.667,4285.0,-7120.333
959,13404.1133,2739.1853,2037.81,3758.745,-0.3067,85770,12733.0,3,863.6666666666666,2573.08,21874.0,-8404.467,4318.333,-6956.833
960,16434.3933,3651.0131,1461.1767,6609.145,-0.54,104600,9604.7,3,1050.3333333333333,3137.96,26749.667,-10220.067,5251.667,-8484.833
961,10599.7133,3106.2905,2132.2567,6116.3233,-0.6467,68804,13980.5,3,669.0,2064.08,17530.5,-6748.533,3345.0,-5591.333
962,13667.1333,3808.6801,2731.4683,5274.5733,-0.54,89181,17725.5,3,851.6666666666666,2675.4,22724.833,-8746.267,4258.333,-7245.167
963,15413.3733,3281.1081,3083.42,3415.6533,-0.0733,99269,20016.5,3,973.6666666666666,2978.04,25346.167,-9715.333,4868.333,-8063.833
964,15018.13,3703.8681,2944.8717,5940.66,-0.59,96382,18949.5,3,961.3333333333334,2891.43,24586.5,-9441.8,4806.667,-7824.667
965,14471.13,3076.8265,2555.28,5143.705,-0.54,95852,16583.7,3,892.6666666666666,2875.53,24360.0,-9426.4,4463.333,-7801.333
966,13898.4033,3672.3754,2630.085,8365.325,-0.54,91310,17128.0,3,873.6666666666666,2739.27,23197.0,-8983.2,4368.333,-7423.0
967,25153.0367,4022.1205,2419.9633,6295.7667,1.3033,161613,15708.7,13,1586.0,4848.37,41302.5,-15801.667,7930.0,-13126.167
968,11315.6567,3889.6227,3443.1783,7331.4017,-0.3067,73174,21894.2,3,713.6666666666666,2195.19,18666.5,-7168.2,3568.333,-5946.167
969,9967.7933,2178.5524,1311.4283,4332.4233,-0.7667,64863,8794.2,3,629.6666666666666,1945.86,16508.0,-6369.4,3148.333,-5265.0
970,12617.57,3410.2204,2738.8117,5501.0617,-0.54,81370,17510.8,3,810.3333333333334,2441.07,20715.0,-7988.0,4051.667,-6602.167
971,23346.5567,3726.6212,2780.71,6149.1617,-0.3067,151801,17522.8,3,1469.6666666666667,4553.99,38671.333,-14891.6,7348.333,-12335.5
972,16823.2133,3941.3785,2444.5033,5848.365,-0.54,109067,15959.2,3,1071.0,3271.98,27763.667,-10707.933,5355.0,-8859.5
973,16991.2867,4071.8241,3408.1767,6480.3083,-0.54,108718,21816.3,3,1074.3333333333333,3261.52,27805.667,-10621.4,5371.667,-8826.167
974,12154.7833,3643.7836,3468.9983,5068.7,-0.81,77333,21939.8,3,792.6666666666666,2319.95,19722.167,-7577.667,3963.333,-6273.0
975,17108.0467,3468.2141,2402.6333,3966.585,0.7067,109450,15442.7,4,1094.0,3283.48,27948.667,-10710.6,5470.0,-8883.5
976,13507.61,3179.0366,1023.1183,4065.4633,-0.54,88811,6550.5,3,845.3333333333334,2664.31,22574.333,-8732.533,4226.667,-7225.167
977,18240.7133,2825.4855,399.4717,5091.8883,-0.0733,120050,2444.2,3,1130.6666666666667,3601.48,30545.333,-11791.933,5653.333,-9767.5
978,11794.1833,3361.0261,1601.1567,7143.5333,-0.6467,76143,10812.5,3,756.0,2284.25,19386.167,-7474.067,3780.0,-6182.167
979,18486.7833,3216.3863,954.4117,6810.5067,-0.54,121229,6170.8,3,1136.6666666666667,3636.85,30909.5,-11882.067,5683.333,-9860.833
980,17817.7467,2647.4595,103.125,4126.9233,-0.54,116557,498.5,3,1109.3333333333333,3496.68,29687.0,-11436.6,5546.667,-9476.0
981,12438.67,2786.3136,643.5867,5586.22,-0.54,79543,4298.3,3,799.3333333333334,2386.27,20296.833,-7789.933,3996.667,-6451.167
982,22840.8133,4463.2137,3384.5867,7995.4,-0.54,144664,20800.0,3,1470.3333333333333,4339.88,37012.5,-14127.733,7351.667,-11735.5
983,17979.0067,4039.9685,2732.1717,4864.7983,-0.54,114382,17664.5,3,1144.3333333333333,3431.44,29275.5,-11166.267,5721.667,-9283.333
984,17378.53,3765.8705,2648.46,3637.745,-0.3067,111735,16774.7,3,1127.0,3352.03,28432.667,-10974.0,5635.0,-9067.167
985,15770.0133,2914.0959,1554.6517,5389.3967,-0.54,103417,9952.2,3,980.3333333333334,3102.48,26326.5,-10152.8,4901.667,-8407.833
986,17165.1333,3621.7663,2729.1117,5932.3033,-0.9533,110781,17592.5,3,1089.3333333333333,3323.4,28249.833,-10856.267,5446.667,-8998.5
987,10771.1233,2546.4905,1294.445,4980.3783,0.08,68721,8544.2,8,693.3333333333334,2061.59,17544.167,-6726.467,3466.667,-5574.833
988,13950.1733,3525.4519,2044.2967,7394.5883,-0.1133,91702,13188.7,3,864.0,2751.04,23341.5,-9003.867,4320.0,-7458.5
989,12413.7333,2420.1482,202.09,5262.6017,-0.54,78818,1057.0,3,804.0,2364.5,20132.333,-7710.6,4020.0,-6392.5
990,11903.0433,2574.1995,1165.8317,4011.1583,-0.54,77538,7258.2,3,745.0,2326.11,19759.667,-7603.733,3725.0,-6304.0
991,16232.23,2716.6957,491.2833,5293.4367,-0.54,106882,3111.0,3,1009.3333333333334,3206.43,27178.833,-10504.867,5046.667,-8694.833
992,14507.05,2604.6625,166.5017,6454.2233,-0.4067,92293,955.2,6,929.0,2768.75,23598.333,-9019.2,4645.0,-7485.833
993,14043.23,2946.402,577.9433,8970.9267,-0.3067,89759,3625.2,3,902.6666666666666,2692.73,22907.667,-8788.667,4513.333,-7281.833
994,12792.1933,2126.9189,66.2583,5530.555,-0.0733,83710,439.5,3,807.0,2511.26,21279.667,-8230.067,4035.0,-6803.667
995,14088.5367,2108.6229,44.7067,7361.2033,-0.54,93197,280.3,3,870.6666666666666,2795.87,23685.0,-9165.333,4353.333,-7580.333
996,15527.4167,2854.5428,222.0183,5986.895,-0.5633,101986,1427.2,3,970.6666666666666,3059.55,25931.833,-10024.467,4853.333,-8292.833
997,12885.0333,2856.2307,759.205,5588.1817,-0.54,83978,4907.8,3,796.0,2519.3,21438.167,-8220.267,3980.0,-6832.167
998,14646.97,3587.315,2704.7517,6202.18,-0.3067,95270,17112.2,3,921.0,2858.07,24273.5,-9344.6,4605.0,-7745.0
999,17908.02,3085.6034,643.175,6440.1067,-0.54,118142,4031.8,3,1099.3333333333333,3544.22,30076.167,-11597.867,5496.667,-9611.167
1000,22073.9467,3108.3728,610.3033,4710.23,-0.54,142437,3981.7,3,1396.3333333333333,4273.08,36336.5,-13952.8,6981.667,-11564.5
1001,16934.06,3039.8127,1533.11,5003.5283,-0.54,108370,10218.0,3,1076.0,3251.06,27695.667,-10595.667,5380.0,-8797.0
1002,17682.2533,3083.0022,46.0667,5333.8483,-0.54,112128,323.8,3,1159.0,3363.82,28599.0,-10986.067,5795.0,-9089.5
1003,15045.09,3566.3583,2509.6333,6402.025,-0.0733,100014,15776.0,3,923.0,3000.39,25409.167,-9839.133,4615.0,-8140.333
1004,14200.24,3376.0799,2564.6817,3339.8033,-0.54,91579,16444.8,3,890.0,2747.34,23400.5,-8955.6,4450.0,-7442.0
1005,17786.2367,3430.1591,2194.7133,7238.165,0.2733,113780,14150.3,3,1144.6666666666667,3413.37,29023.833,-11146.467,5723.333,-9227.833
1006,19482.16,2867.7861,1090.6767,3860.465,-0.54,123593,6988.0,3,1262.6666666666667,3707.76,31570.0,-12090.6,6313.333,-10018.333
1007,9674.0133,2710.1163,854.6167,6114.2733,-0.54,63680,5439.3,3,599.0,1910.38,16205.5,-6253.867,2995.0,-5183.0
1008,15076.4267,2700.5521,700.0633,5988.46,-0.0733,98370,4712.0,3,938.6666666666666,2951.06,25074.5,-9644.133,4693.333,-7998.333
1009,17130.9833,3154.6821,1263.7417,4605.6567,-1.05,110419,8138.5,3,1091.6666666666667,3312.55,28149.5,-10824.067,5458.333,-8965.333
1010,23970.9933,4041.2227,2555.9683,4411.8667,-0.9633,156936,16802.2,3,1479.3333333333333,4708.06,40011.333,-15382.733,7396.667,-12762.333
1011,16703.84,3316.2404,1658.145,5280.87,-0.54,105006,9925.8,3,1086.0,3150.14,26882.5,-10248.133,5430.0,-8510.667
1012,14184.3333,3660.0559,3022.2683,8571.7267,-0.3067,92021,18989.0,3,888.0,2760.6,23474.0,-9014.6,4440.0,-7475.667
1013,19308.54,3501.7522,2252.1017,5519.295,-0.54,127176,14300.5,3,1197.3333333333333,3815.24,32349.0,-12495.533,5986.667,-10346.833
1014,15254.79,3345.689,1881.94,4492.3767,-0.59,100451,12040.7,3,932.6666666666666,3013.49,25598.167,-9850.867,4663.333,-8169.333
1015,16962.1367,3144.132,756.48,7543.0067,-0.54,111317,4805.3,3,1050.3333333333333,3339.47,28348.333,-10924.0,5251.667,-9053.333
1016,13459.3633,3431.6734,526.0267,7425.855,-0.71,87177,3486.3,3,866.0,2605.83,22110.667,-8528.133,4330.0,-7059.0
1017,12554.38,2772.9462,698.6233,4917.8833,0.16,82564,4487.3,3,780.0,2476.88,21004.333,-8111.0,3900.0,-6715.833
1018,22502.24,3593.3343,935.315,7289.58,-1.39,145889,5921.5,3,1424.6666666666667,4376.64,37170.167,-14309.733,7123.333,-11858.167
1019,22638.77,4598.42,2918.65,6080.2783,-0.54,147950,18551.0,3,1421.0,4438.47,37650.333,-14529.867,7105.0,-12025.167
1020,15840.7233,2445.7759,732.0467,4249.5633,-0.54,102604,4817.0,3,1001.3333333333334,3078.09,26155.667,-10058.533,5006.667,-8341.167
1021,19810.1333,3051.2432,807.1317,6639.655,-0.71,128261,5016.5,3,1266.0,3847.8,32639.667,-12596.333,6330.0,-10411.0
1022,18735.33,3423.2503,116.025,9495.8417,0.02,122235,765.2,3,1182.6666666666667,3667.03,31098.833,-12007.533,5913.333,-9936.333
1023,17294.3733,2509.0453,193.33,4903.4467,-0.54,113226,1275.3,3,1064.0,3396.74,28881.5,-11092.533,5320.0,-9211.333
1024,22811.8867,3430.6635,43.7383,8512.725,-0.4033,149098,247.8,3,1432.0,4472.92,37946.167,-14641.2,7160.0,-12126.0
1025,16992.6533,3403.5282,565.4133,10107.2167,-0.54,108008,3563.7,3,1106.6666666666667,3240.22,27558.167,-10578.4,5533.333,-8760.667
1026,10363.98,2414.9703,935.4217,5238.3783,-0.3067,67790,5669.5,3,648.0,2033.68,17257.167,-6655.2,3240.0,-5511.667
1027,16247.7,2480.3512,1022.9433,5372.98,-0.54,105844,6784.7,3,1018.0,3175.3,26969.0,-10381.267,5090.0,-8605.333
1028,14976.2033,2353.8953,167.815,4732.2967,-0.71,99223,1103.2,3,920.3333333333334,2976.67,25227.167,-9753.8,4601.667,-8075.5
1029,20159.7833,2895.2956,932.3083,6108.39,-0.0733,132986,5440.2,3,1245.0,3989.55,33829.833,-13065.267,6225.0,-10819.333
1030,13628.8067,3554.1669,1829.3183,8816.4283,-0.54,87389,12230.5,3,882.6666666666666,2621.64,22262.0,-8573.0,4413.333,-7095.167
1031,16482.38,4021.9272,2531.44,5116.5217,-0.46,107674,16217.2,6,1025.0,3230.18,27437.333,-10559.8,5125.0,-8750.333
1032,15066.4533,3606.8995,1648.4667,7855.3067,-0.3067,97415,10506.0,3,958.0,2922.42,24818.833,-9555.467,4790.0,-7909.333
1033,18350.15,3314.0987,406.5633,7636.9517,-0.3067,117886,2472.3,3,1164.3333333333333,3536.55,30099.5,-11537.4,5821.667,-9570.167
1034,17860.1733,2236.9255,119.5617,2494.5333,-0.54,117342,718.2,3,1104.0,3520.24,29881.833,-11515.733,5520.0,-9546.167
1035,11457.94,2482.6807,61.0967,6009.0017,-0.54,74710,407.0,3,743.3333333333334,2190.74,18627.5,-7154.133,3716.667,-5922.833
1036,18283.5333,3681.6597,859.795,8017.315,-0.0733,116214,5112.7,3,1177.3333333333333,3486.4,29700.0,-11362.867,5886.667,-9426.667
1037,19954.7733,3789.2511,2961.7567,6507.0833,-0.54,129786,19544.0,3,1253.6666666666667,3893.54,33072.167,-12728.267,6268.333,-10551.0
1038,12094.0633,3407.1789,513.9033,6253.315,-0.0733,79725,3455.0,3,749.3333333333334,2391.73,20278.5,-7833.667,3746.667,-6489.167
1039,14847.83,3114.4657,105.9533,5668.3567,-0.54,95845,685.0,3,942.0,2875.33,24441.833,-9392.333,4710.0,-7787.0
1040,14006.1,2760.514,132.8267,4577.7533,-0.4767,90811,758.0,3,878.6666666666666,2724.3,23166.667,-8895.533,4393.333,-7382.667
1041,16666.7133,3067.1311,639.9967,5971.78,-0.54,108800,4123.7,3,1038.3333333333333,3263.98,27729.5,-10668.267,5191.667,-8850.167
1042,14513.4433,2946.3179,1029.0083,6037.985,-0.54,95411,6786.8,3,899.6666666666666,2862.31,24282.667,-9369.2,4498.333,-7760.667
1043,16140.6233,3682.7552,1677.295,7735.5433,-0.3067,106227,10990.8,3,1005.0,3186.79,27012.0,-10440.667,5025.0,-8642.5
1044,16639.6,4608.3049,2897.965,6353.5917,-1.37,107554,19118.2,3,1037.3333333333333,3226.6,27483.833,-10517.333,5186.667,-8740.167
1045,35084.83,5057.5305,3321.1883,6234.2767,0.03,230519,22047.8,6,2170.3333333333335,6915.53,58697.167,-22624.867,10851.667,-18754.667
1046,12695.97,3174.0234,280.2867,7078.3383,-0.3067,81910,1940.0,3,808.0,2457.27,20878.833,-8030.467,4040.0,-6649.667
1047,15100.2333,2963.3193,1461.225,4789.0133,-0.3067,98201,9536.7,3,951.6666666666666,2946.0,25012.333,-9635.267,4758.333,-7981.167
1048,13232.99,2645.8213,341.7983,4905.7217,-0.54,85501,2006.5,3,844.6666666666666,2564.99,21776.167,-8389.667,4223.333,-6941.833
1049,25801.6967,3230.4575,239.455,6498.6833,-0.54,168452,1549.5,3,1613.3333333333333,5053.53,42906.833,-16527.667,8066.667,-13697.667
1050,24763.72,3450.1349,1790.1083,6237.57,-0.7033,161945,11171.8,5,1559.6666666666667,4858.32,41186.833,-15914.267,7798.333,-13165.5
1051,13833.0667,3721.386,1849.465,8218.24,-0.54,87308,11734.8,3,913.6666666666666,2619.2,22275.167,-8551.467,4568.333,-7078.167
1052,14540.42,3059.2245,113.68,6935.14,-0.54,94862,658.7,3,908.6666666666666,2845.82,24169.833,-9304.4,4543.333,-7714.167
1053,28448.9667,3374.2863,81.3417,8251.1767,-0.58,182308,495.8,3,1812.6666666666667,5469.2,46553.667,-17840.067,9063.333,-14797.167
1054,23287.6633,2742.7851,46.5967,6974.37,-0.2433,148042,334.7,3,1513.0,4441.23,37781.667,-14495.733,7565.0,-12004.5
1055,30760.6133,3320.2637,212.2467,6154.3733,-0.0733,199907,1323.7,3,1931.3333333333333,5997.18,50954.167,-19599.733,9656.667,-16247.667
1056,16298.7433,2238.078,250.5383,4749.5067,-0.54,105565,1686.2,3,1027.6666666666667,3166.91,26919.833,-10345.0,5138.333,-8581.333
1057,17047.1333,2481.6793,331.88,5494.2983,-0.54,110924,2064.2,3,1068.6666666666667,3327.7,28267.833,-10877.733,5343.333,-9014.0
1058,14638.45,2561.485,1092.885,6419.8717,0.0367,94359,7453.8,10,930.6666666666666,2830.75,24065.167,-9245.8,4653.333,-7665.0
1059,20270.8533,4253.0153,793.93,6918.105,-0.0733,131905,4958.7,3,1264.6666666666667,3957.12,33640.167,-12924.933,6323.333,-10724.833
1060,14786.84,2815.555,96.735,7224.8883,-0.54,94139,452.2,3,970.3333333333334,2824.14,23979.167,-9236.133,4851.667,-7632.0
1061,25429.9667,4242.3959,343.145,7909.515,-0.54,164578,2064.2,3,1602.3333333333333,4937.3,41983.0,-16122.333,8011.667,-13379.667
1062,13710.3267,3416.2929,967.0717,8211.275,-0.54,89133,6064.5,3,863.3333333333334,2673.96,22708.667,-8743.133,4316.667,-7245.833
1063,11841.1867,2834.0684,1685.4067,3467.4417,-0.54,77452,10547.3,3,730.3333333333334,2323.52,19752.5,-7589.333,3651.667,-6297.167
1064,17977.81,3122.6558,353.0233,7740.2917,-0.54,115138,2322.3,3,1158.0,3454.11,29359.5,-11283.8,5790.0,-9342.0
1065,11648.29,2160.3375,459.1467,4523.77,-0.8233,75194,2988.7,3,740.0,2255.79,19170.333,-7370.667,3700.0,-6107.167
1066,16887.4367,3118.6159,1264.55,6054.395,-0.54,109187,8147.7,3,1065.0,3275.57,27853.0,-10696.133,5325.0,-8870.0
1067,20130.1233,3330.2322,1171.2433,5688.735,-0.54,130287,7263.2,3,1250.6666666666667,3908.59,33300.833,-12737.133,6253.333,-10595.5
1068,19930.81,2880.3687,306.6367,7077.83,-0.54,128731,1953.3,3,1265.6666666666667,3861.91,32810.0,-12622.267,6328.333,-10447.167
1069,11061.3733,3488.7689,2026.81,6631.3133,-0.3067,72469,12996.3,3,694.0,2174.04,18431.167,-7121.333,3470.0,-5892.5
1070,18175.2233,4195.579,3065.445,8429.3633,0.12,116847,19497.5,5,1156.0,3505.39,29819.5,-11441.667,5780.0,-9488.0
1071,15223.8567,3809.2149,1535.97,6933.945,-0.6467,99514,9897.2,3,951.0,2985.39,25343.167,-9765.533,4755.0,-8094.167
1072,17965.8267,2863.1575,502.3417,7375.4983,-0.54,116050,3333.5,3,1126.3333333333333,3481.46,29637.833,-11354.8,5631.667,-9430.333
1073,10532.9867,2228.8451,89.8917,6101.2933,-0.5333,65862,585.5,4,686.6666666666666,1975.82,16877.5,-6421.333,3433.333,-5332.333
1074,13934.4167,2750.4823,317.6417,7461.6733,-0.59,91096,1880.2,5,875.6666666666666,2732.85,23178.167,-8947.933,4378.333,-7407.0
1075,19760.5233,3509.3177,1430.9767,6181.1117,-0.0733,126784,8816.8,3,1275.3333333333333,3803.49,32305.0,-12434.8,6376.667,-10289.833
1076,18207.65,3651.6745,244.2383,8470.6417,-0.54,118056,1485.7,3,1172.6666666666667,3541.65,29998.833,-11611.667,5863.333,-9584.5
1077,31755.1,4370.7671,2855.7067,7683.135,-0.54,203721,18300.7,3,2020.3333333333333,6111.6,52018.833,-19936.667,10101.667,-16540.333
1078,13435.58,3186.7285,707.0383,6712.9233,-0.8233,87480,4326.2,3,847.0,2624.38,22272.333,-8587.133,4235.0,-7109.0
1079,14028.4467,3354.3025,2184.4983,5643.2783,-0.54,90214,14108.2,3,890.0,2706.38,23027.833,-8831.6,4450.0,-7324.167
1080,17815.36,3059.7554,488.5867,8278.9483,0.16,115450,3100.0,3,1122.6666666666667,3463.46,29437.5,-11314.933,5613.333,-9384.0
1081,13177.3633,2932.7496,1572.4717,4911.0917,-0.8233,84942,10242.8,3,838.3333333333334,2548.23,21663.833,-8322.867,4191.667,-6903.5
1082,12787.4467,2939.7953,1726.44,6794.6333,-0.54,83097,11035.7,3,801.0,2492.88,21185.333,-8145.267,4005.0,-6750.5
1083,24620.2767,3305.7125,423.315,7056.9067,-0.54,159371,2763.2,3,1552.0,4781.11,40645.667,-15616.0,7760.0,-12950.5
1084,17134.2267,2517.3672,117.62,5287.4833,-0.88,111960,780.0,3,1063.6666666666667,3358.76,28541.0,-10975.533,5318.333,-9108.333
1085,22405.45,2745.6753,229.1783,5059.68,-0.1733,143136,1412.5,6,1450.6666666666667,4294.05,36496.5,-14028.6,7253.333,-11609.833
1086,21341.5333,2982.0393,28.32,6677.28,-1.3067,137934,196.7,3,1331.3333333333333,4138.0,35244.333,-13489.133,6656.667,-11208.333
1087,18072.2667,2903.0962,438.7233,7109.3483,-0.54,118961,2904.0,3,1120.3333333333333,3568.8,30262.5,-11687.2,5601.667,-9673.5
1088,15179.79,3226.9139,38.4583,7999.1267,-0.9833,98344,288.0,3,947.6666666666666,2950.29,25107.0,-9626.0,4738.333,-7989.833
1089,19479.41,3693.9086,1000.5867,7531.24,-0.54,127418,6596.7,3,1219.6666666666667,3822.51,32431.667,-12510.933,6098.333,-10362.167
1090,15238.25,3081.3441,877.335,6801.32,-0.3067,98296,5588.8,3,951.0,2948.85,25127.333,-9608.267,4755.0,-7984.667
1091,25587.6933,4481.3178,286.9133,9129.2933,-0.71,164260,1710.3,9,1638.6666666666667,4927.76,41896.333,-16093.4,8193.333,-13336.333
1092,12839.29,2699.4307,169.7967,5193.0633,-0.54,82224,1061.7,3,810.6666666666666,2466.69,21028.5,-8033.4,4053.333,-6675.833
1093,17537.7667,2583.3158,71.2733,4486.395,-0.3067,115071,377.3,3,1088.0,3452.1,29300.5,-11294.0,5440.0,-9360.833
1094,21776.0267,3857.7981,2383.3467,5797.1483,-0.6467,141806,15779.0,3,1355.6666666666667,4254.16,36162.833,-13896.133,6778.333,-11523.167
1095,16356.0333,3758.9279,1600.7283,7586.8517,-0.9233,105641,10156.7,3,1030.6666666666667,3169.2,26960.5,-10344.0,5153.333,-8583.0
1096,16187.8767,2929.7613,1069.78,5561.5267,-0.54,105258,6940.3,3,1006.6666666666666,3157.71,26859.833,-10307.667,5033.333,-8555.333
1097,14631.9967,3535.7995,842.7883,5637.495,-0.54,95662,5482.8,3,918.3333333333334,2869.83,24344.333,-9394.667,4591.667,-7779.167
1098,16690.0667,2771.3805,1582.9017,3860.2267,-0.3067,108261,9954.2,3,1040.3333333333333,3247.8,27637.833,-10597.067,5201.667,-8800.167
1099,13065.95,3368.7344,501.2333,6199.31,-0.9333,85499,3156.0,3,808.0,2564.95,21795.5,-8381.667,4040.0,-6952.833
1100,13060.7667,3080.4137,266.9167,7340.3117,0.8267,85024,1356.0,3,812.6666666666666,2550.7,21688.167,-8329.6,4063.333,-6911.833
1101,17825.9767,4685.3842,2610.2233,3992.105,-0.0733,110478,16941.5,3,1157.0,3314.31,28408.167,-10732.333,5785.0,-8949.167
1102,16031.88,3158.1885,544.21,3469.2117,-0.54,103610,3363.0,3,1016.0,3108.28,26412.5,-10157.067,5080.0,-8411.833
1103,20740.7467,3297.9255,136.775,10367.4217,-0.54,134850,938.5,3,1290.6666666666667,4045.48,34409.167,-13206.4,6453.333,-10960.833
1104,18038.5667,3055.1187,162.9267,7060.6567,-0.54,118754,1041.3,3,1115.3333333333333,3562.6,30220.833,-11662.533,5576.667,-9659.0
1105,13916.8433,3425.1899,1557.425,5745.9783,-0.54,91211,9926.8,3,872.3333333333334,2736.31,23197.833,-8963.133,4361.667,-7415.833
1106,25438.04,4775.151,2213.6467,9201.4217,-0.88,166346,14185.2,3,1569.6666666666667,4990.34,42425.833,-16298.8,7848.333,-13527.667
1107,14803.4633,3289.7404,1177.2817,6500.265,-0.54,94999,7383.2,3,939.3333333333334,2849.93,24263.167,-9294.467,4696.667,-7711.833
1108,20518.25,3922.4934,1696.2717,7521.925,-1.0833,133806,11072.8,3,1270.0,4014.15,34141.167,-13104.733,6350.0,-10882.333
1109,21574.4233,3642.3929,304.2617,9029.9967,0.5833,138497,2071.3,4,1369.3333333333333,4154.89,35369.167,-13551.8,6846.667,-11244.5
1110,26513.3,3376.4111,1908.8483,6473.3083,-0.54,172724,12331.5,3,1662.3333333333333,5181.7,44005.333,-16942.733,8311.667,-14042.667
1111,14582.17,2690.2423,85.895,6412.75,-0.4367,93827,555.8,3,922.3333333333334,2814.77,23959.333,-9181.6,4611.667,-7622.0
1112,16117.6733,3168.9067,185.39,7368.1933,-0.54,103709,1268.0,3,1017.6666666666666,3111.24,26488.5,-10146.4,5088.333,-8424.0
1113,16791.6867,3747.2248,1649.3217,6555.8667,-0.09,109079,10632.8,8,1058.3333333333333,3272.02,27789.167,-10698.0,5291.667,-8863.167
1114,17986.4333,3868.003,2021.5867,10309.2167,-0.54,118004,12981.7,3,1113.0,3540.1,30056.333,-11578.333,5565.0,-9596.667
1115,20663.28,3284.9463,354.555,4248.0067,-0.54,134037,2179.5,3,1300.6666666666667,4021.08,34173.167,-13138.133,6503.333,-10896.167
1116,25207.2533,3356.2255,340.495,6123.2883,-0.3067,164832,2114.2,3,1571.0,4944.92,41985.0,-16172.333,7855.0,-13405.333
1117,18943.4133,3005.0989,378.1617,6061.3883,-0.3067,122277,2474.2,3,1184.6666666666667,3668.28,31243.0,-11958.2,5923.333,-9933.0
1118,26443.3467,3032.7825,139.1317,5984.415,-0.54,170310,779.0,3,1661.6666666666667,5109.28,43514.5,-16656.267,8308.333,-13832.5
1119,20343.7467,3237.9793,456.1083,6091.7333,-0.69,132994,2975.2,3,1263.0,3989.78,33893.833,-13041.2,6315.0,-10813.667
1120,26934.24,4322.0371,1288.1767,6414.5867,-0.54,174712,7983.0,3,1695.0,5241.34,44546.333,-17123.933,8475.0,-14204.5
1121,23203.4967,5332.5733,3417.64,4621.1867,2.06,150852,22083.5,5,1456.3333333333333,4525.53,38448.833,-14790.867,7281.667,-12261.667
1122,21806.6067,6091.2081,5084.875,8092.915,-0.54,141759,32703.5,3,1386.0,4252.74,36067.5,-13924.8,6930.0,-11518.833
1123,15470.7033,3806.5189,2759.6633,5175.6783,-0.71,101547,18007.0,3,965.3333333333334,3046.37,25832.5,-9976.333,4826.667,-8258.5
1124,17932.2967,3623.5473,889.1183,8504.0483,-0.4133,118202,5955.5,5,1103.6666666666667,3546.03,30089.167,-11604.733,5518.333,-9616.5
1125,15731.03,3387.798,195.9633,8878.4267,-0.4933,100865,1348.7,3,1012.3333333333334,3025.93,25720.833,-9884.733,5061.667,-8192.667
1126,16232.2167,3377.3576,299.79,9970.2417,-0.0733,105693,1678.8,3,1013.3333333333334,3170.75,26945.0,-10360.533,5066.667,-8589.667
1127,19813.5467,3987.9824,50.91,10616.895,-0.54,128560,413.0,3,1256.6666666666667,3856.78,32736.667,-12617.4,6283.333,-10445.833
1128,18081.8933,4165.5304,217.6767,6990.8133,-1.05,117240,1011.3,3,1140.0,3517.16,29885.833,-11493.6,5700.0,-9527.5
1129,18572.4067,3030.7173,653.345,6082.12,-0.54,120006,4099.7,3,1181.3333333333333,3600.14,30584.333,-11767.4,5906.667,-9751.333
1130,14859.66,2597.6599,56.3483,6624.1033,-0.3067,97073,342.5,3,918.6666666666666,2912.16,24758.167,-9511.333,4593.333,-7892.667
1131,17562.6067,2531.1391,36.0267,6030.16,-0.6933,113409,239.7,3,1110.6666666666667,3402.24,28927.5,-11110.8,5553.333,-9209.667
1132,19586.0633,2756.5618,116.245,5295.7317,-0.13,129372,655.8,3,1212.3333333333333,3881.13,32885.833,-12720.067,6061.667,-10522.5
1133,23864.88,3599.8695,332.605,5720.6817,-0.54,155647,2214.5,3,1498.0,4669.38,39636.0,-15275.0,7490.0,-12655.5
1134,15833.9233,3667.2829,2315.7233,5734.7333,-0.54,104554,15000.7,3,975.0,3136.59,26598.667,-10271.333,4875.0,-8505.0
1135,22626.7233,4045.7995,2098.0267,7868.0783,-0.3067,147017,13959.7,3,1420.0,4410.49,37477.167,-14412.6,7100.0,-11948.333
1136,22650.56,4429.1071,2912.855,8612.4867,-0.3067,148246,19010.7,3,1422.0,4447.36,37711.167,-14564.8,7110.0,-12053.167
1137,24934.65,3734.0155,138.1433,7373.3033,-0.54,160433,837.5,3,1584.3333333333333,4812.95,40939.333,-15710.8,7921.667,-13028.5
1138,20256.2267,3769.2409,1584.835,6586.9583,-0.3067,131623,10298.8,3,1277.3333333333333,3948.66,33527.5,-12913.6,6386.667,-10693.0
1139,19609.7867,3719.6991,384.765,5485.585,-0.54,127528,2416.5,3,1226.3333333333333,3825.82,32518.667,-12498.2,6131.667,-10368.167
1140,35485.7467,4423.0509,1060.735,7499.395,-0.54,230030,7083.8,3,2233.3333333333335,6900.88,58659.0,-22542.467,11166.667,-18698.333
1141,18331.29,3343.3157,154.2817,6032.0683,-0.54,119487,1003.2,3,1141.0,3584.59,30472.5,-11708.467,5705.0,-9722.333
1142,15985.5267,3427.7333,1729.0167,4472.1983,0.4067,103463,11323.7,3,999.6666666666666,3103.86,26417.333,-10125.667,4998.333,-8408.333
1143,20851.2733,4657.1908,2902.9433,9833.955,-0.5733,134489,18821.3,3,1314.6666666666667,4034.64,34332.333,-13164.867,6573.333,-10924.167
1144,14405.47,3507.3825,716.5917,7419.335,-0.54,94593,4775.2,3,913.0,2791.87,23734.0,-9119.067,4565.0,-7566.333
1145,13319.11,2673.0655,31.8433,7258.6983,-0.54,86848,169.7,3,841.3333333333334,2605.41,22098.667,-8530.133,4206.667,-7061.5
1146,20065.24,3273.6849,20.3117,10721.5667,-0.0733,129572,149.2,3,1261.0,3887.14,33085.167,-12680.4,6305.0,-10531.667
1147,21774.56,3787.8118,171.3767,11227.7967,-0.54,142126,1111.3,3,1344.6666666666667,4263.76,36266.833,-13918.533,6723.333,-11560.833
1148,14286.94,2750.4809,39.3717,7442.9733,-0.54,92416,239.5,3,896.0,2772.44,23588.667,-9047.667,4480.0,-7506.5
1149,15399.0567,2461.934,27.1633,6366.0967,-0.54,99371,168.2,3,971.0,2981.09,25366.5,-9727.533,4855.0,-8076.0
1150,16253.5267,2874.2383,45.9267,4438.0033,-0.0733,107133,299.7,3,1001.0,3213.96,27267.5,-10519.6,5005.0,-8713.333
1151,14666.6733,3140.2225,1281.6967,6355.8233,-0.2867,97749,8305.3,5,887.6666666666666,2932.44,24860.5,-9605.6,4438.333,-7959.0
1152,16581.9567,3140.6123,284.025,7080.5167,-0.3067,107187,2030.2,3,1057.0,3215.59,27301.667,-10516.8,5285.0,-8703.5
1153,17174.8367,2747.4295,50.0233,6644.1783,-0.54,111303,377.3,3,1082.3333333333333,3339.07,28379.833,-10908.733,5411.667,-9047.0
1154,16602.3433,3355.6579,191.5383,9283.5433,-0.54,107361,1174.5,3,1035.3333333333333,3220.81,27429.5,-10500.467,5176.667,-8724.167
1155,19152.2533,4004.1701,723.07,9229.5583,-0.54,125328,4641.7,3,1199.3333333333333,3759.82,31894.0,-12308.067,5996.667,-10190.167
1156,16095.0533,3385.5784,226.5083,9558.7817,-0.54,103172,1395.2,3,1027.0,3095.12,26342.333,-10097.4,5135.0,-8380.0
1157,15276.8,3001.5349,46.9967,7736.5233,-0.54,98671,282.0,3,955.3333333333334,2960.1,25208.5,-9650.8,4776.667,-8017.667
1158,30719.0233,2763.9157,30.315,8566.58,-0.54,197907,208.0,3,1951.6666666666667,5937.19,50484.5,-19387.667,9758.333,-16073.333
1159,20980.12,3306.6412,48.3583,7872.8133,-0.54,136228,263.5,3,1314.0,4086.82,34745.333,-13347.533,6570.0,-11074.5
1160,18933.5633,2583.0997,35.9567,7607.2483,-0.54,124275,205.8,3,1172.3333333333333,3728.23,31650.167,-12195.0,5861.667,-10111.5
1161,18231.5933,2496.8681,75.995,5563.635,-0.54,116450,390.2,3,1165.3333333333333,3493.46,29751.833,-11389.2,5826.667,-9451.167
1162,19935.5767,2834.4791,1256.8167,5345.4417,-0.7667,127005,8627.7,3,1264.6666666666667,3810.11,32508.5,-12397.533,6323.333,-10308.833
1163,18980.0433,2802.6378,123.965,6508.0683,-0.54,122515,734.8,3,1196.3333333333333,3675.41,31271.0,-11994.533,5981.667,-9953.5
1164,16107.8233,2338.4249,34.53,6895.34,-0.3,105194,221.2,4,1010.6666666666666,3155.79,26778.333,-10327.467,5053.333,-8552.167
1165,22982.0533,3816.5863,1224.2433,6789.9317,-0.54,147738,7779.7,3,1447.3333333333333,4432.12,37753.167,-14446.4,7236.667,-11993.5
1166,14086.49,3693.7871,3232.8683,7256.505,-0.3067,89654,20392.7,3,906.3333333333334,2689.59,22908.833,-8767.267,4531.667,-7276.333
1167,19969.1467,4490.4215,475.165,8063.1833,-0.88,129604,2933.2,3,1253.3333333333333,3888.08,33050.333,-12700.6,6266.667,-10535.333
1168,17413.6233,4202.2328,1675.1283,6680.99,-0.0733,113571,10685.8,3,1094.6666666666667,3407.09,28915.0,-11148.133,5473.333,-9233.667
1169,15891.4433,2821.5513,375.745,4590.7867,-0.4567,102968,2550.8,3,1003.3333333333334,3089.01,26245.5,-10095.4,5016.667,-8364.333
1170,16120.98,3004.993,375.0767,7756.8783,-0.0733,100374,2353.0,3,1035.0,3011.18,25819.667,-9746.867,5175.0,-8138.0
1171,18113.0433,3476.6142,574.6883,8950.1217,0.0133,118141,3497.0,7,1136.6666666666667,3544.21,30085.667,-11594.0,5683.333,-9606.167
1172,12937.47,3413.9768,826.1033,8694.5983,-0.54,83857,4820.0,3,810.6666666666666,2515.67,21396.167,-8212.867,4053.333,-6814.833
1173,16338.5767,3619.9627,1860.2333,5852.2917,-0.54,106048,11694.3,3,1032.0,3181.41,27016.5,-10403.0,5160.0,-8616.333
1174,18312.3267,2890.46,70.525,7161.435,-0.54,116813,385.5,3,1174.6666666666667,3504.36,29842.667,-11425.533,5873.333,-9482.5
1175,24063.3167,4186.9085,1275.7717,10018.2483,-0.54,156803,8231.2,3,1510.0,4704.05,39940.333,-15384.4,7550.0,-12746.667
1176,17940.4533,3233.0995,2095.3933,6171.395,-0.0733,112365,13970.3,3,1154.6666666666667,3370.92,28840.5,-10936.8,5773.333,-9107.5
1177,22054.0367,4239.7759,1803.2683,8674.1517,-0.5833,143100,11292.5,3,1393.3333333333333,4292.97,36459.333,-14036.267,6966.667,-11628.667
1178,21199.8333,3163.2647,1049.2567,5945.0067,-0.8633,139448,6424.0,3,1317.3333333333333,4183.4,35472.0,-13700.733,6586.667,-11341.5
1179,22653.38,3620.0385,2135.7317,5026.1217,-0.2433,146744,13681.5,4,1433.3333333333333,4402.28,37395.833,-14390.4,7166.667,-11921.0
1180,20934.6067,4411.3733,2157.3117,8330.7383,-0.0733,136326,13510.8,3,1311.6666666666667,4089.74,34735.833,-13370.8,6558.333,-11078.5
1181,22737.0067,4020.6488,173.1683,6050.64,0.6333,147742,1183.8,9,1438.6666666666667,4432.24,37619.333,-14500.733,7193.333,-12007.167
1182,18774.7467,3192.0202,60.4217,6877.68,-0.54,122917,406.2,3,1177.3333333333333,3687.48,31264.167,-12077.733,5886.667,-9985.833
1183,15531.3467,2797.1865,157.2733,7650.8033,-0.54,99874,950.7,3,996.3333333333334,2996.18,25455.167,-9792.667,4981.667,-8109.0
1184,30603.56,4212.3349,277.1033,7794.5167,-0.54,201616,1831.7,3,1897.3333333333333,6048.46,51279.667,-19811.4,9486.667,-16399.833
1185,24562.81,2978.4293,79.8917,7355.0183,1.48,158381,538.5,3,1557.0,4751.41,40404.167,-15514.6,7785.0,-12863.167
1186,22806.49,3909.602,1236.7833,6007.5833,-0.54,148831,8262.7,3,1425.0,4464.89,37917.667,-14599.067,7125.0,-12102.0
1187,21317.79,4045.0459,1320.415,5155.9117,-0.54,138141,8430.2,3,1360.0,4144.19,35158.5,-13564.733,6800.0,-11220.167
1188,18530.7833,3351.082,62.8617,7995.5683,-0.54,119019,371.7,3,1182.3333333333333,3570.55,30369.0,-11656.267,5911.667,-9664.167
1189,17179.3467,3049.6793,142.7467,9247.0783,-0.3067,111780,893.7,3,1084.3333333333333,3353.38,28462.167,-10971.2,5421.667,-9086.667
1190,15178.2533,2749.4321,219.0467,6165.1183,0.16,100928,1378.7,3,925.3333333333334,3027.82,25659.833,-9921.733,4626.667,-8214.333
1191,21071.86,4732.8643,2786.2683,8894.2267,-0.88,133390,17360.5,3,1346.3333333333333,4001.66,34172.833,-13008.8,6731.667,-10825.5
1192,17876.3133,3387.6322,644.5117,4700.02,0.8767,115657,4150.8,3,1134.3333333333333,3469.68,29470.5,-11343.2,5671.667,-9392.333
1193,22762.52,4585.9852,3341.0917,4789.9483,-0.7667,148248,21695.2,3,1410.6666666666667,4447.42,37832.333,-14516.733,7053.333,-12053.833
1194,19334.3567,4346.6601,3297.2017,9447.0117,-0.67,124467,20737.2,3,1223.0,3733.99,31780.0,-12181.467,6115.0,-10113.167
1195,17446.53,3624.5973,1092.2017,5499.715,-0.2833,112155,7033.8,3,1114.0,3364.63,28607.0,-10988.267,5570.0,-9106.833
1196,17827.9933,4219.288,1663.07,8155.1217,0.6467,115323,10900.0,7,1124.0,3459.66,29415.667,-11298.333,5620.0,-9369.0
1197,21420.2667,4898.7325,3527.9717,10010.1917,1.0133,140674,22312.8,8,1322.6666666666667,4220.2,35825.667,-13804.6,6613.333,-11434.333
1198,12860.5633,2901.3949,258.935,6720.4867,-0.54,81615,1702.8,3,830.3333333333334,2448.43,20861.333,-7978.533,4151.667,-6622.333
1199,24649.1133,5417.6165,4098.52,7700.4217,-0.54,160407,26341.0,3,1538.6666666666667,4812.18,40903.333,-15720.067,7693.333,-13039.667
1200,17668.92,5789.4529,4786.625,7166.7333,-0.54,115992,31571.8,3,1112.3333333333333,3479.72,29472.167,-11409.467,5561.667,-9435.167
1201,11795.4333,4247.4203,4226.87,8973.5283,-0.0733,75974,27596.7,3,743.6666666666666,2279.2,19404.0,-7433.267,3718.333,-6172.833
1202,14518.4167,4187.9107,2929.135,5200.065,-0.68,92789,18662.2,3,924.3333333333334,2783.65,23716.167,-9071.4,4621.667,-7531.667
1203,22195.45,4202.3301,2112.7683,6544.8883,-0.3067,144286,13937.2,3,1388.6666666666667,4328.55,36792.333,-14140.267,6943.333,-11728.5
1204,15047.7933,4379.7271,3109.8683,8054.9483,-0.54,98583,20003.8,3,952.0,2910.66,24759.333,-9500.867,4760.0,-7881.333
1205,17275.7,3438.9867,1721.9717,5113.4717,-0.88,113571,11284.5,3,1071.6666666666667,3407.1,28900.333,-11154.067,5358.333,-9236.0
1206,16342.8867,4906.7857,5089.74,7687.3817,-0.0733,106652,32547.3,3,1013.3333333333334,3199.52,27196.333,-10451.8,5066.667,-8667.833
1207,19115.66,4845.2357,3927.64,6223.3967,-0.0733,122643,24239.3,3,1207.0,3679.26,31350.0,-11988.6,6035.0,-9960.0
1208,17707.8733,4594.4135,4274.595,7074.3,-0.54,113496,26832.5,3,1111.6666666666667,3404.84,29042.5,-11082.133,5558.333,-9215.667
1209,25961.7833,3986.4114,2379.0567,5675.455,-0.54,170139,15249.0,3,1616.6666666666667,5104.15,43310.833,-16703.533,8083.333,-13833.0
1210,34856.7267,4931.838,3369.3067,5044.3233,-0.54,222076,21822.3,3,2246.0,6662.26,56708.5,-21731.867,11230.0,-18012.167
1211,26558.7767,5287.2485,3146.54,7536.4633,-0.54,173568,20784.0,3,1664.3333333333333,5207.01,44185.5,-17039.4,8321.667,-14116.0
1212,23480.2133,4587.143,2949.5983,5128.9633,-0.3067,148820,18838.2,3,1513.6666666666667,4464.58,38059.667,-14540.2,7568.333,-12072.167
1213,19103.6033,3730.892,2185.6133,8557.12,-0.54,124043,13657.0,3,1205.6666666666667,3721.27,31598.333,-12169.333,6028.333,-10075.0
1214,23530.79,4818.6279,2414.2883,7784.21,-1.04,148114,15206.2,3,1533.6666666666667,4443.39,37886.333,-14468.267,7668.333,-11999.0
1215,22341.7867,4261.5097,1979.1033,6671.1433,-0.3067,146885,13128.3,3,1385.6666666666667,4406.52,37380.667,-14424.733,6928.333,-11949.0
1216,22024.08,3423.0335,999.125,7185.5983,-0.5967,143154,6418.5,3,1379.3333333333333,4294.58,36496.0,-14032.333,6896.667,-11630.833
1217,23059.5167,4550.7191,2253.9283,9341.2183,-0.54,149533,14675.8,3,1446.0,4485.95,38141.5,-14649.933,7230.0,-12148.0
1218,20528.4533,4007.6666,2658.6983,7741.74,-0.7667,134395,16923.2,4,1285.3333333333333,4031.82,34197.0,-13200.2,6426.667,-10926.833
1219,15086.1933,2926.8718,477.2233,5217.6233,-0.6933,97986,2822.3,3,944.0,2939.56,24995.167,-9599.2,4720.0,-7969.333
1220,28760.0367,3540.0195,582.62,6311.5617,-0.18,187813,3853.3,5,1792.3333333333333,5634.37,47854.167,-18421.0,8961.667,-15269.167
1221,21115.59,3862.8382,3199.36,4751.4583,-0.88,138051,20649.7,3,1335.6666666666667,4141.49,35095.167,-13572.067,6678.333,-11227.333
1222,19405.0067,4365.5671,3706.435,4853.83,-0.54,126036,24170.5,3,1219.3333333333333,3781.04,32126.5,-12356.533,6096.667,-10242.667
1223,34343.9667,5970.9156,2404.6317,6943.605,-0.54,221254,15636.5,3,2166.0,6637.6,56501.0,-21650.467,10830.0,-17974.167
1224,35184.03,6825.1991,4490.6983,12751.5433,-0.54,228549,28851.5,3,2206.6666666666665,6856.43,58270.833,-22401.4,11033.333,-18575.167
1225,18636.6233,4856.3537,3744.03,5156.155,-0.3067,121381,24232.7,3,1162.6666666666667,3641.39,30946.333,-11897.6,5813.333,-9866.833
1226,24383.9367,5163.6692,3609.1067,9694.8633,-0.4133,157133,23297.3,3,1550.6666666666667,4713.97,40075.333,-15396.533,7753.333,-12762.167
1227,27943.6667,6225.4083,5219.4667,7214.77,-0.54,181864,33539.3,3,1730.3333333333333,5455.9,46432.0,-17800.067,8651.667,-14795.833
1228,21237.5767,4072.2855,1964.4,9800.9117,-0.3067,139021,12817.7,3,1327.6666666666667,4170.61,35381.833,-13651.533,6638.333,-11301.667
1229,20484.1833,4524.8076,3225.9817,8015.3967,-0.54,134243,19791.5,3,1277.6666666666667,4027.25,34161.167,-13184.067,6388.333,-10908.5
1230,18325.3567,5190.8978,4436.885,9211.855,-0.54,116894,28978.8,3,1165.3333333333333,3506.79,29899.667,-11418.933,5826.667,-9488.833
1231,20085.6767,4621.4223,4182.455,8631.8433,-0.54,130445,26692.8,3,1267.6666666666667,3913.31,33232.833,-12795.8,6338.333,-10603.0
1232,18761.5833,5414.9949,5289.8567,7701.8433,-0.0733,122379,33880.7,3,1154.0,3671.35,31249.0,-11976.267,5770.0,-9952.5
1233,20116.22,4949.4783,3746.9817,6525.82,-0.54,132442,24918.2,3,1225.0,3973.22,33775.833,-12978.0,6125.0,-10779.833
1234,22045.6633,4319.1861,3156.9333,4957.5033,-1.22,139752,20594.3,3,1421.3333333333333,4192.53,35733.0,-13657.2,7106.667,-11329.333
1235,23138.59,5036.0635,2964.8433,4976.67,-0.54,150127,18209.7,3,1456.0,4503.79,38270.667,-14717.2,7280.0,-12198.667
1236,18549.6367,5162.1766,4494.9633,7922.4117,-0.54,122810,28097.0,3,1138.3333333333333,3684.27,31233.833,-12068.467,5691.667,-9991.667
1237,19215.76,4863.1185,3366.6917,7077.6533,-0.88,124759,22046.8,3,1216.6666666666667,3736.26,31730.667,-12216.333,6083.333,-10118.167
1238,23787.78,6412.4543,6297.985,7375.9117,0.37,153174,39877.2,13,1524.3333333333333,4595.18,39019.167,-15027.067,7621.667,-12421.167
1239,20039.04,4753.0183,3795.105,6957.18,-0.0733,131896,24497.2,3,1229.6666666666667,3956.84,33602.5,-12938.133,6148.333,-10730.5
1240,20899.2967,4130.2952,3279.4883,6712.9167,-0.0733,133685,20347.8,3,1337.0,4010.53,34136.667,-13082.4,6685.0,-10850.5
1241,15704.57,4842.6329,4047.1167,9791.5867,-0.54,102523,24889.3,3,979.0,3075.67,26121.833,-10055.933,4895.0,-8332.0
1242,26289.0133,5513.5565,3027.0583,9923.4417,-0.3067,169194,19211.0,3,1644.3333333333333,5075.78,43267.833,-16531.6,8221.667,-13744.667
1243,19463.5667,5039.7661,3563.805,7674.555,-0.54,125534,22951.2,3,1239.0,3766.0,32001.5,-12306.267,6195.0,-10192.667
1244,16827.01,4023.3517,3151.1417,6565.5417,-0.69,104925,20400.2,3,1104.3333333333333,3147.71,26887.667,-10229.867,5521.667,-8500.167
1245,19660.0533,4717.7597,3064.3917,9580.4733,-1.0567,123525,19344.0,3,1266.0,3705.72,31672.5,-12036.0,6330.0,-10012.167
1246,12417.17,3864.3641,3169.75,6566.24,-0.52,79687,20167.7,3,780.0,2390.57,20383.167,-7784.067,3900.0,-6472.5
1247,19456.05,4926.4146,3203.8817,5414.5,-0.3067,125789,19713.2,3,1227.0,3773.65,32089.0,-12322.267,6135.0,-10219.333
1248,24913.2767,4797.3739,4278.935,6903.385,-0.3067,160075,27272.2,3,1577.6666666666667,4802.21,40885.833,-15660.6,7888.333,-13002.5
1249,18905.3767,4032.0148,3038.8117,7613.295,-0.54,121258,19272.5,3,1204.0,3637.71,30964.0,-11866.0,6020.0,-9850.333
1250,21984.69,4310.271,3118.7033,8191.0733,-0.9367,140671,19701.7,3,1403.3333333333333,4220.09,35931.833,-13761.4,7016.667,-11422.5
1251,16646.8067,4108.6934,2792.395,5891.6417,-0.0733,109572,17615.8,3,1030.3333333333333,3287.14,27879.5,-10762.667,5151.667,-8908.833
1252,18755.85,5138.4577,4829.3733,10789.5683,-0.54,118143,29558.2,3,1241.3333333333333,3544.25,30142.833,-11571.4,6206.667,-9566.5
1253,26029.6367,5135.8139,3442.115,8045.065,-0.54,167660,21971.5,3,1675.3333333333333,5029.77,42686.333,-16457.467,8376.667,-13605.667
1254,17276.42,5988.2803,5095.8717,6074.2817,-0.71,112318,33081.2,3,1070.3333333333333,3369.52,28676.833,-10992.933,5351.667,-9128.667
1255,21574.5833,5123.3572,4268.355,8289.7867,-0.4267,135623,26837.8,3,1420.0,4068.65,34658.667,-13261.067,7100.0,-10991.667
1256,14874.5167,3256.0966,1440.315,6806.5433,0.0533,95186,8739.8,3,936.6666666666666,2855.55,24359.167,-9293.533,4683.333,-7730.0
1257,22373.77,4252.3019,1932.8383,6800.3083,-0.54,145177,12954.5,3,1413.3333333333333,4355.27,36986.667,-14240.667,7066.667,-11794.167
1258,19603.02,5495.3211,4863.295,7260.885,-0.54,125982,30665.0,3,1255.3333333333333,3779.42,32119.833,-12348.4,6276.667,-10224.5
1259,18539.1333,4297.0849,3347.175,8404.3183,0.08,119601,21735.2,14,1161.0,3588.0,30562.5,-11695.2,5805.0,-9721.167
1260,22969.6733,4321.785,2695.0983,6540.9467,-0.54,141832,17054.8,3,1541.0,4254.94,36323.0,-13837.267,7705.0,-11476.0
1261,19069.55,4072.2387,1224.045,10404.12,-0.54,124569,7349.2,3,1182.0,3737.05,31767.167,-12207.0,5910.0,-10137.667
1262,20730.7867,5285.6277,4898.3017,8087.43,1.5767,132272,31613.8,15,1316.0,3968.12,33835.0,-12920.333,6580.0,-10732.0
1263,15015.8633,4757.3508,3679.3317,7083.5867,-0.3067,95769,24281.5,3,953.6666666666666,2873.03,24502.667,-9352.667,4768.333,-7775.5
1264,18829.8033,4569.7402,2919.85,7336.525,-0.71,121573,18729.2,4,1195.0,3647.17,30999.5,-11914.867,5975.0,-9877.0
1265,15217.5233,3421.733,941.585,7222.94,-0.3567,98387,6220.5,3,962.3333333333334,2951.59,25086.833,-9642.733,4811.667,-7989.833
1266,18206.9467,3517.2623,2356.0333,3724.9683,1.5367,118974,14351.0,14,1146.0,3569.18,30268.333,-11687.4,5730.0,-9673.167
1267,27783.0767,4137.9919,1820.5733,5470.7067,-0.0733,181011,10839.0,3,1748.0,5430.31,46093.0,-17765.067,8740.0,-14715.167
1268,21283.9567,4810.7831,456.83,7246.69,-0.54,139304,2977.0,3,1339.3333333333333,4179.09,35423.333,-13691.467,6696.667,-11323.667
1269,28415.6533,4779.6403,2666.6967,8143.7233,-0.71,181852,17192.0,3,1829.0,5455.52,46381.167,-17817.867,9145.0,-14748.167
1270,14986.5633,4688.9492,3300.325,7919.4083,-0.18,96822,21050.2,3,952.0,2891.83,24602.833,-9437.933,4760.0,-7830.167
1271,18735.2967,4179.6259,2232.5467,8224.6267,-0.9933,118902,14213.7,3,1198.0,3567.03,30434.167,-11606.733,5990.0,-9649.167
1272,26047.13,3992.3961,2847.6717,6277.9883,-0.54,170369,18281.2,3,1628.3333333333333,5111.03,43371.667,-16725.067,8141.667,-13852.167
1273,21940.07,4406.8087,1942.04,8214.1633,-0.2433,142497,12417.3,4,1374.6666666666667,4274.87,36332.167,-13966.467,6873.333,-11573.833
1274,24645.1833,4410.0649,2922.2333,5408.6367,-0.54,159913,19077.7,3,1550.0,4797.35,40769.667,-15674.667,7750.0,-12997.167
1275,22328.9,4488.7875,2724.4817,5975.4617,-0.54,143511,17469.8,3,1441.0,4305.3,36547.0,-14083.4,7205.0,-11645.0
1276,20520.35,3971.8179,1313.1733,5761.7167,-0.5333,134296,8152.3,3,1274.3333333333333,4028.85,34213.0,-13174.0,6371.667,-10919.167
1277,24218.9667,4452.9788,2454.535,8545.4083,-0.54,158394,15240.5,3,1514.6666666666667,4751.8,40324.667,-15549.0,7573.333,-12881.833
1278,14989.2833,4091.9953,3540.6267,6050.7167,-0.54,95369,22776.3,3,975.0,2861.05,24330.667,-9341.6,4875.0,-7735.833
1279,30036.66,4867.9837,2651.2467,11715.02,-0.54,192796,16858.0,3,1889.3333333333333,5783.86,49303.5,-18837.867,9446.667,-15659.5
1280,16448.8233,3797.0411,1147.7233,8023.0467,-0.3333,107914,7277.3,3,1029.3333333333333,3237.39,27441.833,-10606.067,5146.667,-8771.0
1281,21139.04,4440.036,1528.745,7840.8467,-0.9233,134166,10104.2,3,1354.6666666666667,4024.94,34328.5,-13101.733,6773.333,-10886.0
1282,18676.0233,5331.8757,4306.2567,8310.595,-0.54,121241,27613.2,3,1183.6666666666667,3637.19,30872.0,-11899.333,5918.333,-9852.167
1283,23226.1867,5614.8577,5197.3,7741.9733,-0.54,149635,33934.3,3,1480.0,4489.02,38156.667,-14664.333,7400.0,-12155.167
1284,20531.94,5595.2101,4659.4133,9547.2133,-0.9367,131026,30484.8,3,1331.6666666666667,3930.74,33409.167,-12841.467,6658.333,-10624.833
1285,19350.69,3942.0321,1838.8983,10618.405,-0.71,127267,11773.0,3,1195.6666666666667,3817.99,32402.5,-12492.467,5978.333,-10355.667
1286,17092.68,4138.0481,3354.1083,8394.9967,-0.54,110254,20927.8,3,1082.6666666666667,3307.58,28129.167,-10799.067,5413.333,-8958.333
1287,31190.7067,5736.5989,4352.74,8989.3133,-0.54,201879,28034.0,3,1979.0,6056.34,51437.5,-19800.8,9895.0,-16397.333
1288,18708.3367,5553.6918,5615.8833,7504.535,-0.4767,120185,35348.7,4,1198.6666666666667,3599.97,30610.5,-11755.8,5993.333,-9739.667
1289,20685.22,4998.9897,4713.9483,7663.18,-0.71,134068,30283.2,3,1314.3333333333333,4022.02,34134.667,-13159.8,6571.667,-10883.333
1290,15668.6733,4467.2442,3894.8117,5713.905,-0.54,100402,25145.8,3,996.3333333333334,3012.04,25644.0,-9822.867,4981.667,-8146.167
1291,14545.2033,3709.1797,2692.5167,5222.31,-0.2233,93633,17682.7,8,919.0,2808.97,23910.167,-9162.6,4595.0,-7606.333
1292,20461.5167,4962.0767,587.825,11625.8483,-0.4567,130306,3815.2,3,1313.3333333333333,3909.15,33298.5,-12741.8,6566.667,-10571.0
1293,21783.1333,4190.4901,2346.7417,6509.02,-0.3067,140338,14991.7,3,1400.3333333333333,4210.1,35733.5,-13774.133,7001.667,-11388.0
1294,15609.6433,2974.2412,319.6183,6700.075,-0.54,100918,2027.2,3,987.0,3027.51,25739.333,-9887.867,4935.0,-8204.333
1295,22829.67,4118.9591,96.6467,9311.4167,-0.3067,149737,612.0,3,1424.0,4492.07,38101.5,-14706.733,7120.0,-12177.167
1296,20723.5967,5377.2852,4481.1533,8808.46,-0.3067,135892,27875.0,3,1292.3333333333333,4076.73,34582.333,-13345.467,6461.667,-11051.667
1297,20445.3,5222.1829,2503.7367,9739.3883,-0.54,121388,15759.7,3,1385.0,3641.6,31392.667,-11720.467,6925.0,-9793.5
1298,19411.1967,3260.4257,1857.2683,6646.3983,-0.54,127945,12170.5,3,1199.6666666666667,3838.33,32547.333,-12570.133,5998.333,-10402.667
1299,19797.5833,4665.0518,3762.9733,7838.25,-0.0733,128586,23972.7,3,1244.6666666666667,3857.55,32776.833,-12606.467,6223.333,-10453.667
1300,22408.7767,5490.8466,4388.56,8506.3083,-0.0733,146555,27983.0,3,1388.6666666666667,4396.61,37356.5,-14368.333,6943.333,-11919.333
1301,13619.5567,3824.6152,2497.1833,5665.925,-0.71,88831,16155.8,3,848.3333333333334,2664.89,22643.667,-8708.667,4241.667,-7222.0
1302,23093.3167,4142.831,1947.785,6853.8383,-0.0733,149623,12418.8,3,1451.3333333333333,4488.65,38165.5,-14658.333,7256.667,-12159.167
1303,12945.55,3867.6631,2499.5617,5936.335,-0.71,84299,16140.8,3,811.6666666666666,2528.95,21478.667,-8268.4,4058.333,-6852.0
1304,14539.1367,3833.2877,2204.43,8344.9,-0.54,94500,14315.3,3,916.6666666666666,2834.97,24073.333,-9270.667,4583.333,-7681.833
1305,15440.3433,3919.5253,1535.42,8075.0883,-0.6933,101265,9961.7,3,961.6666666666666,3037.91,25775.5,-9942.733,4808.333,-8238.667
1306,28925.2833,6040.7705,4833.6667,6348.335,-0.59,188943,30804.3,3,1807.0,5668.25,48121.833,-18539.8,9035.0,-15360.0
1307,18634.39,5556.7007,4273.5833,6298.6483,-0.54,119003,27176.8,3,1188.6666666666667,3565.59,30389.833,-11614.867,5943.333,-9649.5
1308,30672.5067,4526.6331,2100.4833,7595.0933,-1.09,199379,12477.7,8,1912.6666666666667,5981.34,50867.0,-19529.0,9563.333,-16210.167
1309,20299.49,4426.7009,2759.905,9078.41,-0.7967,131141,18257.8,3,1268.3333333333333,3934.19,33504.0,-12826.533,6341.667,-10653.833
1310,16041.7067,4324.1035,3970.6217,6106.0617,-0.71,105276,24897.8,3,993.6666666666666,3158.24,26810.667,-10330.867,4968.333,-8564.667
1311,14691.3,4115.0928,1127.035,10210.9017,-0.54,94624,7178.8,3,933.6666666666666,2838.7,24140.333,-9268.733,4668.333,-7687.333
1312,13060.5867,4010.248,3144.3767,4909.4167,-0.0733,85005,19423.0,3,824.6666666666666,2550.12,21642.833,-8343.867,4123.333,-6911.833
1313,17146.79,4582.718,3787.6417,6330.5483,-0.4767,111344,24460.2,4,1077.0,3340.29,28384.5,-10915.0,5385.0,-9048.0
1314,22138.97,5078.663,4889.7233,7530.0783,-0.26,144467,31115.7,3,1373.6666666666667,4333.97,36839.167,-14157.667,6868.333,-11744.833
1315,23135.6767,5482.8909,3278.01,8199.4667,-0.6467,151571,20752.8,3,1439.3333333333333,4547.11,38598.333,-14874.933,7196.667,-12331.5
1316,19232.4033,5074.2657,3314.8117,11507.0067,0.2867,125527,21714.2,5,1195.3333333333333,3765.77,32004.5,-12303.533,5976.667,-10211.0
1317,18915.2467,4222.4321,1577.8133,7325.815,-0.54,123667,9477.0,3,1175.0,3709.98,31512.5,-12128.4,5875.0,-10053.833
1318,15245.5267,4424.4244,2907.41,8285.7383,-0.3067,97894,18936.3,3,977.3333333333334,2936.36,24961.5,-9591.333,4886.667,-7947.667
1319,20819.2267,4109.5153,1814.455,7763.085,-0.54,134263,11354.5,3,1319.0,4027.86,34255.333,-13150.467,6595.0,-10908.5
1320,19948.53,5733.6541,4877.5,8690.1567,-0.4467,127572,31147.7,7,1268.6666666666667,3827.13,32604.5,-12472.6,6343.333,-10353.833
1321,29711.6033,5465.8015,4735.795,10940.6617,-0.4133,190340,30533.2,4,1893.3333333333333,5710.17,48612.333,-18623.067,9466.667,-15454.5
1322,16057.2867,5172.9749,4458.605,8778.2517,-0.0733,104228,28427.5,3,1014.3333333333334,3126.82,26554.5,-10223.867,5071.667,-8471.833
1323,21037.4367,5832.1811,5303.0967,9926.2233,-0.0733,137767,34410.3,3,1303.6666666666667,4132.97,35102.833,-13512.2,6518.333,-11204.5
1324,17275.8633,5148.1256,4286.1633,8119.3667,-0.54,109082,27575.3,3,1107.3333333333333,3272.43,27954.167,-10634.733,5536.667,-8852.667
1325,20831.4433,4412.1096,2105.3283,7977.1117,-0.54,132678,13470.8,3,1340.0,3980.31,33896.833,-12976.867,6700.0,-10768.833
1326,17459.11,5503.3613,4525.9933,10188.77,-0.54,113668,29189.5,3,1096.3333333333333,3410.01,28957.167,-11150.733,5481.667,-9239.0
1327,22834.9433,5076.8142,3930.55,5745.5883,-0.54,146548,24294.3,3,1442.3333333333333,4396.41,37455.333,-14327.467,7211.667,-11901.0
1328,23027.52,6724.2576,3565.775,13044.7383,-0.4133,149965,22226.8,3,1453.6666666666667,4498.92,38171.5,-14724.4,7268.333,-12186.833
1329,24924.7367,5387.9237,3807.1833,8638.0133,-0.54,161027,25093.7,3,1587.0,4830.77,41032.0,-15792.533,7935.0,-13080.5
1330,19448.1167,5030.3085,4288.2633,9380.81,0.0633,126016,27970.3,11,1233.3333333333333,3780.45,32100.5,-12363.0,6166.667,-10236.5
1331,16982.01,4882.4327,4692.1633,7275.0883,-0.54,108681,30641.0,3,1082.0,3260.41,27766.333,-10629.733,5410.0,-8825.0
1332,22775.6433,4966.2473,3442.7117,6526.4283,-0.54,149135,22542.5,3,1418.0,4474.01,37977.667,-14635.867,7090.0,-12130.167
1333,17982.0833,4316.0929,1719.5033,8278.1717,-0.88,116733,11263.3,3,1127.6666666666667,3501.95,29768.333,-11439.2,5638.333,-9487.333
1334,15056.0633,4084.1476,2126.6017,7192.665,0.48,98352,12832.2,5,930.6666666666666,2950.53,25084.833,-9636.467,4653.333,-7996.167
1335,27693.31,4971.1915,3302.7467,5186.75,-0.3067,179961,21397.5,3,1737.3333333333333,5398.81,45879.0,-17640.667,8686.667,-14630.5
1336,19726.6933,4838.5153,3571.8083,6525.305,-0.9367,128143,23031.8,3,1246.3333333333333,3844.26,32639.667,-12572.733,6231.667,-10416.167
1337,24615.2667,5704.2845,4782.995,5542.465,-0.6467,159498,31397.5,3,1541.0,4784.9,40706.833,-15616.8,7705.0,-12964.667
1338,19350.0167,3761.878,2045.5333,6789.7967,-0.54,126093,12976.0,3,1214.0,3782.75,32117.833,-12371.4,6070.0,-10249.167
1339,17361.7133,4661.4427,3471.2617,7438.835,-0.54,113197,22240.8,3,1090.3333333333333,3395.88,28826.0,-11109.0,5451.667,-9202.833
1340,25734.84,3441.152,2032.9583,5169.86,-1.5933,167599,12881.8,3,1605.6666666666667,5027.94,42731.333,-16427.267,8028.333,-13625.5
1341,14260.53,4202.3685,2750.9933,8031.6183,-1.05,93135,17851.3,5,910.6666666666666,2794.03,23650.167,-9167.0,4553.333,-7570.0
1342,18097.0167,4832.2221,1825.695,12509.4767,-0.0733,117773,12002.5,3,1132.0,3533.15,30022.667,-11545.467,5660.0,-9573.333
1343,23690.1567,5107.265,2446.9633,9339.1383,-0.6867,153597,15672.0,3,1497.0,4607.89,39136.0,-15065.067,7485.0,-12473.667
1344,19056.8967,4969.6246,3068.6133,10641.075,0.16,124605,19037.8,3,1172.6666666666667,3738.13,31794.167,-12203.4,5863.333,-10135.333
1345,31110.6033,4855.3485,3448.3083,7599.0683,0.03,200440,22966.8,9,1956.3333333333333,6013.17,51210.667,-19603.733,9781.667,-16291.167
1346,23642.15,4288.6144,1107.9217,6524.0167,-0.14,152019,7277.8,3,1503.3333333333333,4560.55,38797.833,-14884.733,7516.667,-12348.167
1347,19362.36,4117.3087,2274.9433,6022.915,-0.6467,120303,14398.0,3,1266.3333333333333,3609.06,30874.333,-11710.867,6331.667,-9741.833
1348,21866.09,4252.7001,2909.4817,9180.2483,-0.54,141917,18253.2,3,1368.0,4257.49,36207.667,-13900.4,6840.0,-11538.667
1349,24607.33,5807.8199,3815.9467,8080.515,-0.6467,160112,24610.3,3,1554.3333333333333,4803.33,40766.833,-15715.667,7771.667,-13018.833
1350,18901.7967,5295.0509,2785.34,10099.7717,-0.54,120345,18277.3,3,1213.6666666666667,3610.33,30749.667,-11769.2,6068.333,-9757.333
1351,24780.2667,4386.0723,280.29,9675.115,-0.54,158981,1884.0,3,1568.3333333333333,4769.4,40622.667,-15547.133,7841.667,-12906.333
1352,20120.95,5451.5933,4673.3917,6602.5667,0.2867,130659,29836.2,5,1264.6666666666667,3919.75,33307.667,-12808.8,6323.333,-10621.0
1353,18064.4233,4024.2669,3026.2767,6455.0833,-0.54,117071,19101.3,3,1137.0,3512.09,29855.333,-11472.0,5685.0,-9516.0
1354,30261.2633,5976.319,4981.1567,9530.16,-0.54,198012,32614.0,3,1896.6666666666667,5940.33,50382.5,-19449.4,9483.333,-16095.5
1355,23003.8467,4873.5066,4622.4067,7995.0417,-0.7667,149867,29719.0,3,1452.6666666666667,4495.98,38145.667,-14715.133,7263.333,-12186.0
1356,28066.9733,4870.3233,3147.5633,5814.575,-0.0733,182986,19603.7,3,1753.0,5489.54,46632.667,-17944.067,8765.0,-14876.167
1357,25378.1933,6291.8336,5266.6817,7115.9817,0.5867,163236,34411.5,5,1609.3333333333333,4897.06,41675.167,-15977.2,8046.667,-13263.5
1358,29449.9867,7151.1528,5502.3783,6781.5233,-0.3067,191575,35775.8,3,1844.3333333333333,5747.22,48838.167,-18779.733,9221.667,-15577.333
1359,20623.0,5390.7113,4646.5283,7868.7183,-0.54,134661,28710.8,3,1286.6666666666667,4039.8,34309.333,-13208.467,6433.333,-10951.0
1360,23529.1767,5725.1499,3592.765,4361.845,-0.54,153391,23097.2,3,1476.3333333333333,4601.71,39070.167,-15050.2,7381.667,-12474.167
1361,19830.6533,5262.4952,2682.8733,7393.0283,-0.71,128825,17289.7,3,1235.0,3864.72,32879.833,-12613.067,6175.0,-10475.833
1362,23369.8033,5143.9158,2489.7417,10609.0117,-0.0633,151260,15696.8,5,1462.3333333333333,4537.77,38616.333,-14805.467,7311.667,-12290.5
1363,17456.91,5148.1343,4026.6633,9292.2283,-0.3967,111938,26355.3,3,1109.0,3358.11,28591.833,-10950.867,5545.0,-9087.167
1364,25510.2367,4262.4956,2642.9983,5345.38,-0.0733,165493,16946.5,3,1596.3333333333333,4964.77,42222.0,-16209.867,7981.667,-13448.333
1365,19062.97,4957.1631,2647.9717,4080.745,-0.54,123687,16654.5,3,1191.0,3710.57,31566.0,-12110.933,5955.0,-10057.667
1366,22510.6267,5476.6502,3897.445,6593.0567,0.2533,147253,24865.8,3,1382.6666666666667,4417.56,37575.0,-14420.6,6913.333,-11974.667
1367,20559.89,4609.5835,1932.4033,7065.5117,-0.3067,132907,12356.7,3,1302.3333333333333,3987.19,33885.833,-13027.133,6511.667,-10797.667
1368,18721.8667,3469.0475,1859.7317,6585.8667,-0.54,123548,11796.5,3,1145.6666666666667,3706.4,31462.5,-12124.533,5728.333,-10050.833
1369,39049.3067,5033.2661,616.97,9664.0283,-0.4633,248322,3786.7,3,2509.6666666666665,7449.64,63476.167,-24274.0,12548.333,-20150.833
1370,22697.9933,4719.1181,2830.28,9080.2967,-1.0067,149183,17962.0,3,1392.6666666666667,4475.46,38026.167,-14626.133,6963.333,-12140.833
1371,23942.9,4569.49,487.3183,9106.42,-0.54,154311,2897.2,3,1513.6666666666667,4629.3,39391.167,-15105.733,7568.333,-12540.167
1372,21990.32,4635.1807,1034.2283,9437.99,-1.0733,141755,6715.8,3,1402.3333333333333,4252.62,36133.833,-13897.467,7011.667,-11510.333
1373,14632.29,4018.9611,3028.775,8372.065,-0.0733,95284,19535.2,3,914.0,2858.49,24288.167,-9341.533,4570.0,-7742.833
1374,29827.6567,5229.69,4828.9117,7679.5783,-0.54,193581,31252.5,3,1883.0,5807.39,49323.5,-18986.733,9415.0,-15731.5
1375,18115.27,5091.2953,3417.3267,10276.36,-0.18,116450,21838.0,3,1139.6666666666667,3493.47,29764.5,-11384.2,5698.333,-9456.833
1376,24137.4,5089.1053,3841.4133,8935.6483,-0.54,155758,24883.7,3,1528.6666666666667,4672.7,39731.833,-15258.8,7643.333,-12651.667
1377,13728.8467,4133.4849,3596.25,5748.555,0.1167,89324,23026.0,6,854.0,2679.68,22788.5,-8749.333,4270.0,-7260.0
1378,22537.8333,5508.9205,4492.38,5980.235,-0.3067,146944,28668.7,3,1419.0,4408.3,37407.667,-14425.8,7095.0,-11947.333
1379,16741.7367,2788.5831,134.73,6901.3667,-0.54,108280,802.0,3,1061.3333333333333,3248.37,27599.667,-10616.133,5306.667,-8796.833
1380,19126.0433,4700.2465,2894.1333,9862.18,-0.3067,123785,18103.0,3,1211.0,3713.51,31549.5,-12137.133,6055.0,-10054.833
1381,19458.9767,4944.6294,2622.895,10651.0333,-0.54,126095,16039.3,3,1224.6666666666667,3782.81,32154.833,-12357.0,6123.333,-10245.0
1382,19925.61,6565.6441,5765.62,13183.0467,-0.54,128331,37233.3,3,1268.0,3849.91,32734.5,-12572.467,6340.0,-10426.333
1383,14771.82,4220.8219,564.8117,9854.575,-0.54,95532,3526.3,3,926.0,2865.92,24388.5,-9350.933,4630.0,-7761.667
1384,25365.7967,4322.5651,1744.1033,9490.475,-0.3067,164175,11051.7,3,1590.0,4925.23,41907.0,-16072.267,7950.0,-13344.167
1385,21638.6533,4722.303,1646.8567,8338.3133,-0.54,137718,10609.0,3,1385.6666666666667,4131.52,35216.167,-13457.2,6928.333,-11180.167
1386,25938.9767,4346.276,176.185,6606.3783,-0.63,169115,1081.7,3,1617.6666666666667,5073.41,43107.5,-16579.933,8088.333,-13750.333
1387,21293.8367,5052.6161,232.6133,13181.4483,-0.54,135210,1498.7,3,1372.0,4056.27,34557.667,-13218.933,6860.0,-10961.167
1388,33839.23,5577.5032,3495.6917,8809.645,-0.54,221099,23011.8,3,2101.0,6632.93,56358.833,-21676.2,10505.0,-17981.333
1389,28572.9867,4890.7823,3078.065,12038.2383,-0.54,186168,19734.8,3,1794.6666666666667,5585.02,47415.333,-18267.533,8973.333,-15133.167
1390,21174.6167,4627.901,2957.355,5579.9833,-0.54,138979,18443.0,3,1309.0,4169.35,35396.167,-13637.4,6545.0,-11298.5
1391,24239.8967,5028.6717,3746.72,8717.39,-0.54,155599,24160.0,3,1534.3333333333333,4667.93,39752.167,-15218.867,7671.667,-12633.0
1392,21189.24,4267.4611,3100.7667,6518.505,-0.3067,134959,20171.0,3,1357.6666666666667,4048.74,34499.5,-13192.0,6788.333,-10955.333
1393,32337.0933,5358.9728,3062.7033,7232.955,-0.54,209603,19668.3,3,2033.6666666666667,6288.06,53454.5,-20538.8,10168.333,-17035.0
1394,16543.1367,4336.4493,1723.4217,9098.8983,-0.3067,108050,11069.5,3,1022.6666666666666,3241.47,27562.5,-10585.0,5113.333,-8789.167
1395,22021.6,4472.3423,3658.35,6039.5433,-0.88,142878,23766.0,3,1388.6666666666667,4286.3,36414.167,-14009.867,6943.333,-11612.333
1396,15916.42,3377.6363,1076.7,5864.6883,0.5267,101952,6671.0,6,1023.6666666666666,3058.52,25997.667,-9991.267,5118.333,-8266.833
1397,18409.19,3378.7493,319.4067,10346.9567,0.1167,119637,2079.0,3,1145.3333333333333,3589.09,30534.333,-11713.733,5726.667,-9727.167
1398,17079.1467,4220.189,2536.3567,7030.3367,-0.54,110294,15761.5,3,1082.6666666666667,3308.78,28127.333,-10807.8,5413.333,-8962.5
1399,23000.5967,5722.1539,4858.6417,9242.2067,-0.4767,147562,32205.0,3,1512.6666666666667,4320.83,36849.167,-14066.067,7563.333,-11666.667
1400,22472.6267,4650.9728,3681.1833,10171.1967,-0.54,146770,23744.8,3,1395.0,4403.06,37416.667,-14387.267,6975.0,-11934.833
1401,19697.92,3178.8464,67.835,5260.5367,-0.54,127745,370.5,3,1236.6666666666667,3832.32,32583.167,-12515.733,6183.333,-10385.167
1402,20450.9633,2733.6047,214.865,8405.2917,-0.54,131225,1285.7,3,1309.0,3936.73,33480.333,-12852.933,6545.0,-10658.167
1403,28637.9367,3413.1821,252.86,7331.215,-0.54,185640,1532.0,3,1797.3333333333333,5569.17,47352.333,-18187.067,8986.667,-15083.167
1404,19329.8033,3806.8946,264.5433,7779.6783,-0.54,125680,1694.7,3,1210.6666666666667,3770.37,32043.167,-12318.733,6053.333,-10218.333
1405,15943.5667,4052.4191,1398.89,8955.46,2.02,104818,9275.7,5,990.3333333333334,3144.5,26670.667,-10295.267,4951.667,-8528.0
1406,28230.1433,3765.0754,576.8683,11904.3233,-0.4133,184571,3668.8,5,1745.3333333333333,5537.11,47065.333,-18088.133,8726.667,-15010.833
1407,30079.0667,4598.6797,831.3017,10559.6683,-0.88,190824,5073.0,3,1935.3333333333333,5724.7,48805.167,-18642.8,9676.667,-15484.667
1408,19848.54,3685.9231,738.9933,12634.435,-0.54,128622,4704.7,3,1234.3333333333333,3858.64,32856.333,-12581.933,6171.667,-10456.167
1409,15141.9033,3854.7711,2214.8233,8116.0967,-0.0733,98293,14089.0,3,954.3333333333334,2948.77,25048.667,-9639.2,4771.667,-7988.0
1410,19781.2467,4260.9713,2129.235,7522.8633,-0.3567,127500,13743.8,5,1256.0,3824.98,32525.833,-12489.733,6280.0,-10359.833
1411,22082.7133,5942.1611,5770.35,7624.8867,1.0,143430,37334.3,3,1380.6666666666667,4302.88,36583.5,-14052.667,6903.333,-11654.333
1412,21373.3933,3169.4605,824.9133,4651.8967,-0.54,140113,5180.3,3,1323.6666666666667,4203.36,35695.333,-13744.467,6618.333,-11399.167
1413,18188.9633,4246.2545,2828.1233,7011.445,-0.76,118302,18050.7,3,1141.0,3549.03,30152.5,-11599.4,5705.0,-9618.167
1414,19334.8067,3212.7264,850.4483,7499.8233,-0.8233,126299,5619.8,3,1203.3333333333333,3788.94,32185.0,-12385.8,6016.667,-10270.0
1415,17088.0,3412.0343,917.8567,5333.0,-0.54,114144,5640.7,3,1048.3333333333333,3424.3,28960.167,-11244.8,5241.667,-9293.333
1416,18166.75,3144.6719,88.715,6293.7567,-0.54,117896,591.7,3,1138.6666666666667,3536.85,30068.167,-11551.933,5693.333,-9579.667
1417,19991.9,3614.5911,440.2783,5907.3633,-0.2433,129831,2822.5,3,1266.6666666666667,3894.9,33057.167,-12743.333,6333.333,-10550.167
1418,17881.9767,3330.9127,80.6417,8539.9083,-0.6533,114818,543.5,3,1133.0,3444.51,29330.167,-11231.533,5665.0,-9326.167
1419,18416.9233,4137.9209,820.43,6379.4717,-0.54,119071,5163.7,3,1170.0,3572.09,30346.167,-11675.667,5850.0,-9675.667
1420,17870.0733,3846.8249,1469.6933,7404.79,-0.63,115762,9446.3,3,1113.0,3472.84,29566.333,-11325.933,5565.0,-9408.167
1421,19805.5333,3675.0422,66.0467,5654.8683,-0.54,129364,415.5,3,1228.0,3880.9,32978.333,-12681.533,6140.0,-10512.167
1422,20349.0967,3090.8321,52.8417,11038.37,-0.54,129962,301.8,3,1296.0,3898.83,33223.333,-12703.067,6480.0,-10550.0
1423,13765.8167,2716.9038,19.89,8157.0017,-0.18,89329,124.7,3,867.6666666666666,2679.85,22766.667,-8759.2,4338.333,-7259.833
1424,22995.56,4321.0926,1134.6833,9161.95,-0.54,150073,7461.0,3,1445.3333333333333,4502.16,38200.833,-14734.267,7226.667,-12199.833
1425,21959.2167,4294.2042,372.6517,6849.1133,-0.54,140946,2113.8,3,1404.0,4228.35,35959.333,-13805.467,7020.0,-11443.0
1426,25716.98,4941.2883,3220.4467,10307.9867,-0.54,167064,20887.0,3,1594.6666666666667,5011.88,42662.5,-16347.733,7973.333,-13583.0
1427,15910.6,4119.3467,1120.26,8996.2617,-0.54,101661,6421.3,3,1010.6666666666666,3049.8,25995.0,-9934.2,5053.333,-8253.333
1428,13486.82,3165.2121,993.6717,5643.8767,-0.54,87058,5676.2,3,856.6666666666666,2611.72,22199.833,-8531.733,4283.333,-7076.333
1429,16547.2667,4020.087,658.0533,6199.2933,1.6233,107104,4200.0,9,1042.3333333333333,3213.1,27322.167,-10492.0,5211.667,-8707.667
1430,13382.5833,2927.6059,408.2267,6409.775,-0.54,86533,2403.0,3,843.6666666666666,2595.95,22074.167,-8476.867,4218.333,-7029.0
1431,19986.46,3746.9141,617.575,4566.2817,1.2233,128923,4086.8,11,1263.6666666666667,3867.66,32898.5,-12625.2,6318.333,-10472.833
1432,19457.0567,4205.3104,2329.1217,8881.4783,-0.9367,125087,14877.8,3,1228.0,3752.59,31959.833,-12233.533,6140.0,-10161.833
1433,15623.4333,3353.2105,245.12,7059.785,-0.0733,101331,1481.7,3,974.3333333333334,3039.9,25868.5,-9918.8,4871.667,-8237.833
1434,18766.5167,3709.2196,1830.1067,7479.78,-0.54,120899,11406.5,3,1192.6666666666667,3626.95,30843.167,-11842.6,5963.333,-9824.333
1435,24474.7667,3072.3393,29.2867,6886.58,-0.54,160014,170.0,3,1510.0,4800.4,40816.0,-15676.467,7550.0,-13015.167
1436,16739.4967,2949.8629,102.08,6048.7867,-0.2433,108512,598.7,3,1060.0,3255.33,27646.833,-10643.667,5300.0,-8819.0
1437,18606.2733,2565.2243,34.9217,6979.6433,-0.54,119936,229.5,3,1170.3333333333333,3598.04,30637.167,-11732.267,5851.667,-9748.333
1438,22565.67,4508.9546,793.8,9280.0017,-0.0733,146677,5207.7,3,1406.3333333333333,4400.27,37421.0,-14366.933,7031.667,-11920.333
1439,21379.38,3453.5345,946.3683,5906.3133,-0.54,139827,6040.5,3,1334.0,4194.78,35606.667,-13722.733,6670.0,-11369.333
1440,18676.3933,4303.0662,2845.89,8157.85,-0.54,120856,18119.0,3,1164.0,3625.66,30874.167,-11821.6,5820.0,-9821.833
1441,18955.6433,4363.7645,2781.5267,10740.855,0.0467,123188,17229.7,10,1182.3333333333333,3695.61,31427.0,-12066.8,5911.667,-10011.833
1442,21759.7767,5085.8563,3567.7533,7241.585,-0.54,140148,23078.3,3,1377.0,4204.41,35779.5,-13717.8,6885.0,-11391.333
1443,13339.78,3385.1525,437.0283,7552.89,-0.54,86027,2717.5,3,839.0,2580.78,21971.0,-8417.0,4195.0,-6990.0
1444,17319.51,3325.3203,1146.6233,6077.5483,-0.7667,113368,7357.3,3,1075.0,3401.01,28882.333,-11120.667,5375.0,-9218.167
1445,17418.7767,4935.0446,4288.3717,7322.4517,-0.54,111335,27637.8,3,1118.0,3340.01,28423.833,-10897.4,5590.0,-9037.667
1446,19613.5333,4656.3022,4040.765,8217.845,-0.54,127591,25716.5,3,1234.0,3827.7,32503.0,-12517.0,6170.0,-10370.167
1447,20309.34,4946.4583,2689.2883,7913.56,-0.54,128276,16952.8,3,1315.6666666666667,3848.24,32816.0,-12528.733,6578.333,-10404.5
1448,20314.5167,4629.5289,2082.5717,8100.6117,-0.4133,131883,13439.2,3,1281.0,3956.45,33604.0,-12934.933,6405.0,-10716.0
1449,19700.7,5505.7063,4341.375,7655.5917,-0.8167,127871,28848.5,6,1254.0,3836.1,32542.833,-12557.067,6270.0,-10391.167
1450,20265.5533,5415.3355,5033.6067,9403.0733,-0.3067,131735,32410.7,3,1262.3333333333333,3952.02,33613.833,-12901.467,6311.667,-10710.5
1451,18155.3267,2836.3735,72.7833,3687.7883,-0.54,115003,502.7,3,1172.3333333333333,3450.06,29412.167,-11235.733,5861.667,-9332.833
1452,19486.73,3707.2184,785.4283,7659.58,-0.54,126395,4710.8,3,1213.3333333333333,3791.83,32271.167,-12370.6,6066.667,-10272.333
1453,22881.4233,3171.0412,687.04,6795.095,-0.88,148187,4489.0,3,1440.3333333333333,4445.59,37795.333,-14519.333,7201.667,-12041.833
1454,18633.7167,3350.5372,562.4067,6204.51,-0.54,119909,3387.3,3,1185.3333333333333,3597.25,30596.667,-11743.2,5926.667,-9743.667
1455,17942.8433,4085.1113,1747.3517,8985.0567,-0.54,115815,11146.3,3,1137.6666666666667,3474.41,29535.5,-11348.733,5688.333,-9406.667
1456,19412.91,4096.9428,2232.8283,7196.025,-1.45,126328,14212.5,3,1211.3333333333333,3789.81,32218.833,-12378.067,6056.667,-10274.333
1457,12416.4567,3134.4789,690.83,6983.5917,-0.54,80111,4497.0,3,787.6666666666666,2403.29,20433.667,-7848.667,3938.333,-6510.167
1458,21000.9933,4130.0474,475.2567,9844.4017,-1.4733,135473,3015.7,3,1335.6666666666667,4064.16,34542.333,-13277.667,6678.333,-11006.167
1459,20511.3733,4634.489,2858.8117,8284.2617,-0.5567,133292,18615.8,8,1271.6666666666667,3998.74,34036.5,-13043.867,6358.333,-10838.333
1460,16846.1967,3686.4353,1628.425,7360.2333,-0.54,108865,10063.5,3,1056.0,3265.93,27798.333,-10653.733,5280.0,-8844.333
1461,13850.1967,3846.6819,1854.085,7906.29,-0.54,89592,11703.8,3,868.6666666666666,2687.73,22870.5,-8770.2,4343.333,-7281.167
1462,18229.9433,4964.2351,4604.0733,6377.6167,-0.54,116955,29292.3,3,1164.3333333333333,3508.61,29851.5,-11450.333,5821.667,-9501.5
1463,21005.6967,5004.38,4200.2133,8576.1383,-0.54,137425,26845.3,3,1307.3333333333333,4122.73,35003.0,-13483.867,6536.667,-11172.833
1464,16002.59,4465.194,3316.0117,7704.6733,-0.54,102917,21226.5,3,1011.0,3087.49,26287.667,-10068.4,5055.0,-8359.167
1465,18795.64,3803.7307,1212.355,7184.4567,-0.5967,121716,7736.2,3,1178.6666666666667,3651.44,31058.333,-11919.8,5893.333,-9887.667
1466,19988.1733,4472.5368,2866.995,8411.6183,-0.3067,129509,18453.0,3,1250.0,3885.24,33056.0,-12679.4,6250.0,-10523.667
1467,17598.52,4184.9087,1664.605,8070.6,-0.71,113902,10331.2,3,1104.6666666666667,3412.82,29041.333,-11135.8,5523.333,-9243.167
1468,18873.26,4531.1965,1995.1767,9954.6167,-0.3,124056,12751.3,3,1165.6666666666667,3721.66,31593.0,-12174.067,5828.333,-10095.667
1469,27660.14,4124.9746,1396.7883,6153.0733,-0.2433,180479,9164.5,3,1740.6666666666667,5414.34,45938.167,-17720.533,8703.333,-14675.167
1470,31025.5333,5409.5011,3052.6433,9768.7483,-1.1567,201734,20029.7,3,1936.3333333333333,6052.0,51454.333,-19765.133,9681.667,-16397.333
1471,20334.1533,3869.0126,676.84,8112.93,-0.0733,131535,4269.0,3,1292.0,3946.02,33517.0,-12900.2,6460.0,-10688.667
1472,20676.7367,3429.0943,134.6117,10186.3517,1.2867,135553,879.2,12,1284.6666666666667,4066.57,34513.333,-13305.333,6423.333,-11021.167
1473,12519.55,2605.636,30.3333,7647.6983,-0.71,80569,217.7,4,795.6666666666666,2417.05,20556.333,-7891.333,3978.333,-6540.833
1474,23028.8767,4144.53,396.9967,6016.4917,-0.3067,149165,2555.3,3,1456.3333333333333,4474.91,38016.0,-14626.533,7281.667,-12117.167
1475,17032.4933,4489.6859,2898.19,6733.4917,-0.54,111790,18822.3,3,1056.0,3353.66,28467.333,-10971.0,5280.0,-9097.5
1476,14578.0967,3588.7641,2232.1483,6284.1683,-0.54,95335,13831.5,3,911.6666666666666,2860.03,24271.167,-9358.6,4558.333,-7752.833
1477,15113.6167,3256.0251,1578.0833,5887.785,-0.54,97416,9142.7,3,960.6666666666666,2922.45,24848.0,-9544.0,4803.333,-7916.167
1478,21035.78,3563.2094,640.9667,11574.505,-0.63,136634,3958.7,3,1328.3333333333333,4098.98,34805.5,-13404.533,6641.667,-11105.833
1479,17497.8533,2959.1638,150.2317,6697.28,-0.6467,114122,909.8,3,1094.0,3423.62,29078.5,-11192.933,5470.0,-9281.333
1480,21052.3267,3435.1539,96.14,9676.1833,-0.54,138273,625.7,3,1298.3333333333333,4148.16,35225.667,-13564.333,6491.667,-11248.833
1481,25767.2033,2946.0547,74.675,7474.485,-0.3067,166883,480.2,3,1612.6666666666667,5006.47,42595.167,-16338.6,8063.333,-13559.167
1482,19759.0367,3222.7978,45.8283,9959.2833,-0.54,129263,282.5,3,1234.6666666666667,3877.87,32907.5,-12689.667,6173.333,-10510.0
1483,13372.5967,3268.9447,74.2683,8003.7483,-0.54,86405,468.8,3,843.3333333333334,2592.13,22048.0,-8461.867,4216.667,-7022.333
1484,24101.99,4291.7533,387.685,8915.9783,-0.54,156747,2408.8,3,1522.6666666666667,4702.39,39910.167,-15385.4,7613.333,-12738.5
1485,21647.3133,5131.0055,4588.9933,7847.4817,-1.2,141524,29014.7,3,1348.0,4245.68,36050.5,-13884.533,6740.0,-11504.333
1486,21761.54,4039.5831,38.5783,9795.6967,-0.54,142266,220.8,3,1349.3333333333333,4267.94,36265.167,-13947.067,6746.667,-11571.167
1487,29124.9033,3395.2196,153.415,5529.7,-0.54,188110,889.8,3,1842.6666666666667,5643.27,47981.167,-18429.533,9213.333,-15283.333
1488,25737.6267,4249.8462,2687.6967,8258.5083,-0.9233,168383,16902.0,3,1595.6666666666667,5051.46,42913.167,-16511.333,7978.333,-13694.0
1489,19640.7933,4461.2901,2342.1133,7977.7783,0.2733,126483,14962.0,9,1252.3333333333333,3794.46,32255.667,-12394.333,6261.667,-10276.667
1490,19244.6967,4444.3816,2280.7217,8319.7433,-0.54,125482,14454.5,3,1200.0,3764.43,31984.167,-12302.733,6000.0,-10201.167
1491,14458.2333,4917.5237,4054.8067,9848.545,0.2433,95004,26085.7,3,883.3333333333334,2850.1,24229.167,-9309.2,4416.667,-7728.5
1492,16725.91,5713.3367,4416.3467,9639.91,-0.54,109178,28622.0,3,1052.0,3275.31,27788.833,-10720.067,5260.0,-8878.167
1493,19353.82,4186.5265,317.0967,7943.1567,-0.88,125218,2107.0,5,1225.0,3756.52,31919.5,-12275.867,6125.0,-10171.333
1494,21796.9867,2767.858,78.9517,3936.2367,-0.0733,142925,370.5,3,1340.0,4287.72,36441.5,-14008.4,6700.0,-11623.833
1495,34217.71,4510.1668,191.745,8680.2517,-0.54,221715,1095.8,3,2148.3333333333335,6651.41,56557.667,-21719.867,10741.667,-18013.167
1496,21472.4167,5043.8757,1816.8583,12726.665,-0.7667,139963,11951.7,3,1338.3333333333333,4198.85,35681.5,-13719.933,6691.667,-11379.667
1497,21590.56,3228.4626,79.6417,9894.5617,-0.71,141750,566.0,3,1329.3333333333333,4252.46,36122.167,-13901.067,6646.667,-11529.667
1498,21724.65,2785.5143,42.2117,8368.1183,-0.54,142763,249.7,3,1353.3333333333333,4282.85,36313.333,-14027.2,6766.667,-11611.0
1499,18209.9667,3251.0787,698.4183,5108.3233,-0.6467,118514,4529.7,3,1138.6666666666667,3555.4,30212.333,-11617.933,5693.333,-9633.167
1500,31677.6267,3705.1958,63.9083,8917.6067,-0.54,205270,402.8,3,1984.0,6158.06,52385.833,-20099.6,9920.0,-16686.667
1501,14154.2133,3172.5216,2512.8333,7333.2617,3.3267,92464,16409.3,15,879.0,2773.88,23574.333,-9063.0,4395.0,-7526.0
1502,15219.7233,3695.3986,1669.6467,8404.2383,-0.3067,98464,10986.7,3,958.6666666666666,2953.89,25121.167,-9644.333,4793.333,-8004.333
1503,17101.6567,3687.8639,2565.49,5443.1617,-0.3967,110497,16815.7,3,1077.3333333333333,3314.89,28196.833,-10820.733,5386.667,-8976.0
1504,18542.7933,3614.0909,2248.1267,5009.09,0.9167,116283,14674.7,9,1220.6666666666667,3488.46,29734.0,-11363.0,6103.333,-9420.0
1505,16413.3367,4362.6675,3231.4583,5418.9,1.0467,104673,19743.5,9,1052.0,3140.17,26740.833,-10238.333,5260.0,-8489.333
1506,16635.31,2711.8469,826.985,4627.6667,1.5533,108888,5112.2,11,1029.6666666666667,3266.61,27750.333,-10677.467,5148.333,-8852.5
1507,17676.9833,4402.2436,3835.2367,8256.9167,2.0767,115019,25015.0,20,1100.3333333333333,3450.55,29341.167,-11267.4,5501.667,-9349.0
1508,19595.71,3882.3592,2482.2467,8191.4217,2.49,124298,15525.3,12,1267.3333333333333,3728.91,31767.667,-12152.533,6336.667,-10085.0
1509,21032.72,4987.5252,2923.6283,6962.3483,3.26,135415,18557.5,28,1330.3333333333333,4062.42,34572.833,-13253.867,6651.667,-11000.333
1510,15819.8267,3767.5695,2415.3633,8829.6583,1.3367,102643,14870.2,13,1004.3333333333334,3079.26,26133.333,-10075.267,5021.667,-8339.167
1511,19822.81,4238.0218,2460.4167,6281.5583,0.99,128508,16022.7,15,1253.0,3855.21,32747.167,-12602.733,6265.0,-10441.833
1512,17678.62,3904.0163,2286.785,5992.715,6.69,115098,14132.2,28,1107.0,3452.92,29335.5,-11285.467,5535.0,-9359.333
1513,16430.0333,3958.3915,2646.445,10138.7883,3.3733,105601,16775.8,36,1034.3333333333333,3168.0,26990.167,-10324.133,5171.667,-8575.667
1514,16746.01,4451.8032,3513.1867,7194.3067,3.5533,108355,22387.7,25,1054.3333333333333,3250.61,27642.5,-10613.933,5271.667,-8804.833
1515,20385.5533,3957.3125,3627.955,5945.8733,4.01,131908,24069.5,35,1267.0,3957.22,33715.833,-12895.333,6335.0,-10727.167
1516,22701.2367,4694.3006,3053.1433,8476.2417,2.1767,147760,19491.7,11,1426.0,4432.77,37643.667,-14494.533,7130.0,-12010.667
1517,19350.8267,4265.1196,1932.22,6052.02,-0.4467,124216,12540.0,8,1219.3333333333333,3726.46,31757.0,-12140.467,6096.667,-10088.833
1518,27845.1733,5103.1104,4130.365,7247.7333,3.6067,181502,26264.5,22,1725.6666666666667,5445.04,46305.667,-17778.2,8628.333,-14755.667
1519,17196.4233,5340.4434,4224.0167,4923.3383,2.7667,110994,27283.3,22,1083.0,3329.79,28332.333,-10865.867,5415.0,-9014.833
1520,19735.12,5871.5149,5105.31,8100.7733,1.3467,127542,32758.0,14,1243.0,3826.22,32548.5,-12488.933,6215.0,-10365.667
1521,21383.44,5337.3625,3867.41,8752.8517,0.7867,137832,24696.0,15,1356.3333333333333,4134.94,35161.167,-13502.0,6781.667,-11192.333
1522,19982.7067,6409.2673,4992.31,13487.8517,3.3733,129289,32406.3,30,1252.6666666666667,3878.64,33006.333,-12655.267,6263.333,-10510.333
1523,23997.21,5697.1379,5687.8767,11390.755,4.41,157981,37023.0,25,1463.0,4739.41,40286.833,-15481.533,7315.0,-12862.5
1524,13607.72,3923.1283,2190.5333,7310.6467,1.32,87518,14074.2,15,853.6666666666666,2625.52,22378.0,-8552.467,4268.333,-7111.667
1525,24639.2667,4162.5239,2657.0617,6658.7933,0.88,161231,16879.2,14,1538.3333333333333,4836.9,41052.667,-15825.133,7691.667,-13116.833
1526,23759.46,4842.7701,3712.2517,7711.69,1.15,156163,23602.2,9,1487.3333333333333,4684.86,39694.667,-15354.733,7436.667,-12702.0
1527,26312.79,5288.5598,3824.735,9459.3317,3.21,172621,24705.5,23,1642.0,5178.59,43921.667,-16955.467,8210.0,-14042.0
1528,16919.9033,4318.8253,2565.9233,7440.3433,2.0767,108637,16381.0,20,1065.3333333333333,3259.07,27775.833,-10617.0,5326.667,-8824.667
1529,19179.42,4464.1153,2878.4133,8840.1017,1.9867,123978,17823.2,12,1204.6666666666667,3719.32,31644.833,-12137.733,6023.333,-10070.333
1530,20253.8433,4721.2657,3372.4483,5723.9683,-0.69,133011,21823.2,8,1260.6666666666667,3990.31,33845.333,-13064.133,6303.333,-10821.0
1531,21550.29,4200.4701,3080.2317,9043.1783,1.7933,141581,19968.2,23,1330.0,4247.39,36062.167,-13891.267,6650.0,-11518.0
1532,19933.4567,4202.4771,2531.1233,6516.3717,2.2933,128754,16320.7,20,1248.0,3862.59,32890.0,-12594.8,6240.0,-10464.333
1533,18747.69,4387.3769,2692.69,5919.71,4.4433,123504,17415.7,45,1159.0,3705.09,31428.5,-12129.4,5795.0,-10051.5
1534,23392.5467,4645.8147,2786.925,8448.2783,0.4633,151400,17930.3,5,1472.6666666666667,4541.98,38619.5,-14832.267,7363.333,-12300.0
1535,16685.87,4280.5495,3167.9583,6406.6633,3.1633,108793,20250.2,25,1055.0,3263.77,27678.167,-10687.4,5275.0,-8843.667
1536,24685.6233,4388.6417,2623.52,5527.8917,1.9133,160434,16670.0,16,1538.3333333333333,4812.99,40935.667,-15712.533,7691.667,-13042.167
1537,12349.9233,3520.8554,2685.8317,6409.1167,1.4333,79634,17029.8,21,786.3333333333334,2388.99,20301.0,-7806.4,3931.667,-6465.333
1538,22576.9267,4810.0371,3446.9083,5561.6067,0.9633,148290,22137.8,9,1403.6666666666667,4448.66,37740.5,-14561.733,7018.333,-12068.833
1539,17818.58,3920.0091,2176.9117,5599.3633,2.07,114367,13995.8,16,1134.3333333333333,3430.98,29200.0,-11193.4,5671.667,-9290.667
1540,19162.2133,4423.1937,4212.635,6417.3367,2.4133,125060,27132.2,14,1190.3333333333333,3751.78,31885.0,-12258.067,5951.667,-10168.167
1541,14482.3367,3407.5166,1710.475,9363.48,0.61,94580,10820.0,11,901.6666666666666,2837.37,24104.5,-9274.2,4508.333,-7693.667
1542,14855.7467,4064.3235,3378.31,6331.4083,1.73,96407,21888.0,22,932.0,2892.18,24587.0,-9446.6,4660.0,-7836.833
1543,22089.2033,4439.3207,2505.5767,8332.47,0.29,144910,16398.0,7,1370.3333333333333,4347.27,36901.5,-14221.4,6851.667,-11789.833
1544,18772.07,3613.9947,1470.215,9518.2367,2.19,122130,8954.8,18,1180.6666666666667,3663.87,31117.167,-11979.133,5903.333,-9933.167
1545,18944.4567,3998.2649,2049.645,8562.225,2.34,124511,12059.2,19,1164.6666666666667,3735.29,31722.833,-12213.0,5823.333,-10124.0
1546,24465.76,3512.0889,476.74,7697.8783,3.88,160390,2954.0,14,1507.3333333333333,4811.66,40882.167,-15725.067,7536.667,-13039.667
1547,21869.7333,4328.9343,3161.1617,7258.8983,2.22,142778,19347.5,15,1349.6666666666667,4283.3,36434.5,-13981.733,6748.333,-11614.667
1548,31291.62,5466.971,4394.805,12193.6283,0.1733,202775,28781.5,6,1961.6666666666667,6083.22,51745.167,-19856.933,9808.333,-16488.167
1549,16587.6767,4525.1901,2239.48,10214.445,1.5933,108685,14473.7,13,1029.6666666666667,3260.51,27680.667,-10664.667,5148.333,-8837.167
1550,24546.7067,4777.3629,3553.0483,6308.5967,3.8567,158856,22858.2,22,1532.6666666666667,4765.64,40575.5,-15540.933,7663.333,-12916.833
1551,25119.0033,4813.9954,2705.7033,8340.9217,1.8833,163037,17306.7,19,1569.3333333333333,4891.07,41599.0,-15967.733,7846.667,-13250.0
1552,20081.7233,4547.6225,3924.25,9952.0117,1.4433,130471,25057.7,3,1250.0,3914.09,33301.5,-12773.533,6250.0,-10610.333
1553,18735.3433,4425.3373,2139.59,11133.4117,1.05,122175,13985.7,13,1163.0,3665.21,31161.0,-11970.533,5815.0,-9935.333
1554,23418.57,4841.2173,2850.5533,5127.7317,1.1767,153243,18558.3,8,1458.0,4597.27,39030.333,-15036.533,7290.0,-12462.5
1555,14870.6967,3492.4519,1813.475,4258.3533,2.0767,97605,11816.7,21,920.6666666666666,2928.13,24857.833,-9577.933,4603.333,-7940.667
1556,13206.2467,3493.1159,1213.8267,6290.0017,0.7067,86364,7568.0,19,809.6666666666666,2590.88,22045.667,-8454.467,4048.333,-7024.167
1557,19112.2833,4539.7024,3789.1267,6743.6517,2.17,124876,24364.7,10,1177.6666666666667,3746.25,31861.833,-12230.467,5888.333,-10153.667
1558,15554.4467,4305.3295,2747.53,8908.27,0.01,99930,17831.5,8,982.6666666666666,2997.88,25533.667,-9772.6,4913.333,-8117.833
1559,18791.8633,4238.1868,2193.0917,8594.8833,2.47,122575,14051.8,7,1178.6666666666667,3677.23,31215.5,-12028.867,5893.333,-9965.333
1560,18149.5467,5056.0004,3636.4083,8690.2033,0.72,118330,23476.8,8,1133.0,3549.88,30155.167,-11604.0,5665.0,-9616.5
1561,20947.2533,5002.6363,2991.5833,5283.9883,4.4667,135448,19062.7,32,1315.0,4063.42,34570.833,-13261.333,6575.0,-11000.667
1562,26073.94,5719.9086,4649.13,6219.4483,1.8033,168599,30562.3,23,1638.0,5057.94,43030.333,-16507.667,8190.0,-13696.667
1563,30863.2333,6260.2369,4775.4617,9757.48,0.4767,204964,30669.8,8,1860.3333333333333,6148.9,52210.5,-20108.667,9301.667,-16689.167
1564,16996.83,4273.609,3396.3983,5658.405,-0.0733,109295,22006.5,3,1072.6666666666667,3278.83,27924.333,-10689.333,5363.333,-8880.333
1565,20375.09,4877.7675,3982.49,7191.0783,-0.27,132937,25604.0,9,1273.3333333333333,3988.09,33871.167,-13039.0,6366.667,-10811.833
1566,20911.4067,4274.1591,2974.54,8296.7067,2.81,133999,18520.7,30,1338.6666666666667,4019.94,34202.333,-13118.867,6693.333,-10885.333
1567,15842.3167,2687.6759,671.505,5935.5217,2.15,102189,4392.8,19,995.3333333333334,3065.65,26103.833,-9996.333,4976.667,-8307.5
1568,23536.76,3925.4817,1134.555,7826.2433,2.4633,152426,7064.5,20,1483.6666666666667,4572.76,38868.167,-14938.0,7418.333,-12384.5
1569,16940.22,3738.4863,1874.3883,8737.9517,3.2767,109658,12007.8,30,1055.3333333333333,3289.72,28013.333,-10726.333,5276.667,-8913.167
1570,18742.5367,3882.1294,1008.1083,11180.0917,0.8733,121133,6560.2,6,1172.6666666666667,3633.97,30937.667,-11851.6,5863.333,-9840.833
1571,18327.3567,4657.0271,2304.8817,8900.3217,5.41,119641,15191.5,28,1149.6666666666667,3589.19,30460.333,-11744.0,5748.333,-9726.5
1572,22230.81,4672.927,2641.02,9178.7983,1.4567,146131,17355.0,17,1400.6666666666667,4383.91,37110.833,-14381.933,7003.333,-11885.333
1573,20342.4667,4562.4978,3307.69,6425.52,-0.4367,133844,21627.3,9,1265.3333333333333,4015.3,34042.167,-13152.0,6326.667,-10889.667
1574,16709.56,4564.9354,3520.1517,7104.1383,1.68,107696,22953.8,17,1057.3333333333333,3230.86,27486.167,-10544.8,5286.667,-8749.333
1575,20140.2733,4863.7331,2863.2933,12051.3983,2.66,132426,18262.8,6,1239.6666666666667,3972.74,33730.833,-12992.8,6198.333,-10768.833
1576,34333.7267,5235.3443,3695.0267,8030.1817,3.3567,224620,24009.8,16,2146.3333333333335,6738.56,57177.333,-22053.0,10731.667,-18260.833
1577,20906.18,3260.3839,1488.0983,7042.9683,1.8833,136964,9333.2,19,1301.6666666666667,4108.88,34875.5,-13442.533,6508.333,-11144.0
1578,18560.7067,5261.5834,3427.5167,6403.9533,3.26,120956,22421.0,30,1168.6666666666667,3628.64,30799.667,-11871.267,5843.333,-9839.667
1579,24795.5367,5359.2765,4664.3383,5944.045,4.6067,162663,30000.2,46,1543.0,4879.87,41404.167,-15971.0,7715.0,-13232.5
1580,12124.0333,3809.3015,2778.3683,4525.0367,-0.52,78824,17912.2,7,770.3333333333334,2364.7,20055.5,-7742.667,3851.667,-6405.167
1581,18504.66,4558.882,2211.43,9248.8667,0.6767,122890,13695.3,7,1147.0,3686.66,31189.0,-12102.333,5735.0,-10003.667
1582,15773.91,3767.6593,2794.9617,8029.97,2.13,104058,17897.5,29,986.3333333333334,3121.71,26427.0,-10240.8,4931.667,-8465.667
1583,17807.3233,3896.114,992.3467,6249.8067,1.5667,117034,6265.3,9,1100.6666666666667,3510.99,29797.833,-11487.667,5503.333,-9517.167
1584,21299.1133,4222.4527,1560.4783,9660.385,0.9333,138317,10119.2,11,1326.0,4149.48,35301.333,-13542.867,6630.0,-11238.833
1585,19071.0933,5891.7018,3852.3417,10715.83,2.18,124586,25216.8,14,1187.3333333333333,3737.56,31743.667,-12219.8,5936.667,-10127.0
1586,26222.73,5253.2255,3123.7533,12954.2933,3.8733,172095,20673.3,28,1629.3333333333333,5162.83,43807.0,-16896.267,8146.667,-13997.5
1587,14642.6733,4060.3963,2770.2083,7292.7267,-0.71,95752,18331.8,4,912.6666666666666,2872.54,24386.5,-9395.867,4563.333,-7783.833
1588,20845.97,4929.7477,4366.6617,6726.7783,2.2133,133957,27482.5,17,1324.0,4018.67,34199.5,-13111.533,6620.0,-10880.667
1589,17115.1267,5284.2846,3918.435,13115.615,2.6467,111423,25478.8,10,1064.3333333333333,3342.66,28424.333,-10914.867,5321.667,-9058.667
1590,16515.5833,3271.8303,1307.0583,8730.025,2.1167,108593,8346.8,19,1027.6666666666667,3257.75,27623.0,-10669.333,5138.333,-8834.167
1591,21064.0633,5702.6163,3628.6717,10696.06,3.2567,136169,23366.2,22,1326.0,4085.03,34744.833,-13335.8,6630.0,-11060.0
1592,23062.9333,5560.8951,4010.79,6622.955,4.1633,148094,25905.7,23,1452.6666666666667,4442.8,37861.667,-14474.2,7263.333,-12030.667
1593,17938.41,4592.6177,4095.2883,9766.7583,9.59,115761,26561.2,87,1128.3333333333333,3472.81,29558.0,-11329.067,5641.667,-9405.0
1594,19074.7033,5489.4124,4256.5417,11363.9517,1.86,124330,27633.5,23,1192.0,3729.87,31684.167,-12192.333,5960.0,-10107.0
1595,28630.9167,5648.4541,3973.96,9285.1333,-0.2367,185176,26003.0,5,1799.3333333333333,5555.25,47258.833,-18131.667,8996.667,-15048.167
1596,25839.2167,4184.8576,2164.9417,7321.6533,1.5767,166483,13766.8,11,1625.6666666666667,4994.45,42529.5,-16284.733,8128.333,-13528.333
1597,22115.7933,3857.2419,849.1833,6520.69,-0.73,143516,5114.3,10,1375.3333333333333,4305.46,36645.667,-14045.0,6876.667,-11667.0
1598,14484.95,4530.8555,4386.62,7659.0883,1.5933,92086,28451.7,20,935.3333333333334,2762.55,23525.667,-9006.933,4676.667,-7473.0
1599,14302.0033,4096.8135,3126.555,7305.3583,-0.54,92330,20356.2,3,901.6666666666666,2769.87,23567.0,-9039.2,4508.333,-7504.0
1600,16778.2067,3266.1831,1199.4183,6040.675,0.72,108469,7372.2,15,1055.3333333333333,3254.04,27682.0,-10621.0,5276.667,-8813.5
1601,16568.55,4291.8313,2338.9267,8082.9267,1.8767,108443,15129.7,15,1040.6666666666667,3253.25,27585.0,-10654.533,5203.333,-8818.5
1602,18724.8067,4007.7575,2238.7167,9429.43,0.4767,122066,13987.7,8,1163.0,3661.94,31131.667,-11960.467,5815.0,-9923.333
1603,21512.0167,4748.9707,3125.4533,8562.02,1.87,139309,20200.0,10,1369.6666666666667,4179.25,35472.0,-13673.067,6848.333,-11314.5
1604,21878.1467,5058.1482,4212.0817,5161.1967,-0.1167,142060,27474.8,6,1378.3333333333333,4261.78,36201.5,-13931.467,6891.667,-11545.333
1605,21816.1133,5558.6486,4719.0967,10991.935,4.6833,141747,30665.3,29,1358.6666666666667,4252.38,36174.5,-13879.6,6793.333,-11524.5
1606,17046.1,5199.4662,4855.0033,4434.135,2.2067,110368,31185.0,34,1083.3333333333333,3311.0,28113.667,-10828.067,5416.667,-8967.167
1607,26831.54,5597.7319,2289.7517,12000.8517,-1.39,172169,14187.2,8,1690.6666666666667,5165.04,44027.833,-16822.667,8453.333,-13992.0
1608,21193.5933,5398.1925,2749.4783,10377.3533,-0.1733,135016,17794.2,6,1390.0,4050.46,34391.0,-13246.867,6950.0,-10951.0
1609,18039.0833,3634.5333,1231.0467,6372.5483,0.01,115743,8178.7,8,1148.6666666666667,3472.25,29554.667,-11326.667,5743.333,-9404.5
1610,15516.5267,4786.2629,4209.6733,10518.4917,2.2133,102260,26967.3,19,957.0,3067.76,26025.5,-10041.733,4785.0,-8320.0
1611,16493.4867,2862.3171,433.7483,6930.8517,1.6633,107252,2779.2,15,1032.0,3217.52,27347.0,-10511.533,5160.0,-8719.5
1612,14272.69,3566.0428,1231.1383,9232.8833,3.18,91851,7964.5,28,895.6666666666666,2755.49,23484.167,-8976.467,4478.333,-7468.833
1613,20778.6533,4096.0904,2266.14,8756.2883,0.2433,136685,14666.7,8,1286.0,4100.52,34787.0,-13422.2,6430.0,-11116.667
1614,20515.4467,3632.7483,2072.185,5034.2,1.8267,133174,13080.5,7,1303.3333333333333,3995.18,33900.0,-13074.733,6516.667,-10821.667
1615,19240.14,4561.8235,3370.6483,8043.8383,0.88,125146,21455.2,7,1203.3333333333333,3754.34,31907.333,-12266.2,6016.667,-10172.0
1616,26613.21,4128.4334,2120.2017,9822.9383,0.0233,173978,13560.5,7,1669.6666666666667,5219.31,44276.667,-17084.933,8348.333,-14146.167
1617,23542.2033,4323.9528,2319.77,9581.2183,3.1167,150437,15028.3,28,1512.0,4513.07,38403.667,-14725.867,7560.0,-12208.667
1618,18774.1267,3877.3734,116.16,12272.8167,1.1967,121516,779.7,9,1181.6666666666667,3645.46,31002.333,-11902.333,5908.333,-9879.667
1619,24475.9667,4020.3007,1857.7417,6767.7933,-0.0733,157961,10990.2,3,1536.6666666666667,4738.8,40343.0,-15455.0,7683.333,-12834.167
1620,24186.4,3485.1476,1117.51,6331.9533,1.7767,155478,6591.3,5,1535.0,4664.3,39692.0,-15218.733,7675.0,-12626.167
1621,25170.6167,5085.9959,2416.6717,12008.2517,-1.1567,161779,15329.3,8,1586.0,4853.35,41344.5,-15818.067,7930.0,-13139.167
1622,15519.82,3420.7466,1752.49,8510.5417,4.0167,99432,10409.0,18,971.3333333333334,2982.92,25454.333,-9704.6,4856.667,-8069.5
1623,21717.3433,3794.574,224.1183,8580.5067,0.0467,141368,1365.5,4,1366.0,4241.01,36007.333,-13870.667,6830.0,-11490.333
1624,51126.52,3778.2471,441.3233,8901.2433,1.0,330498,2964.0,8,3225.3333333333335,9914.92,84312.333,-32374.733,16126.667,-26852.667
1625,23426.24,5153.0572,3170.2417,7947.7333,2.64,150976,20691.8,9,1471.3333333333333,4529.24,38572.0,-14766.333,7356.667,-12265.333
1626,15426.9967,3780.6131,2074.8633,6352.1017,1.9,99245,13507.0,13,978.6666666666666,2977.33,25333.5,-9715.667,4893.333,-8061.5
1627,13763.7367,3624.9693,1648.7083,9784.78,3.4133,89450,10535.2,14,868.6666666666666,2683.47,22784.833,-8776.067,4343.333,-7271.833
1628,23749.6567,4878.8455,2699.8517,7267.22,3.7267,155441,16607.7,10,1478.6666666666667,4663.19,39585.667,-15253.867,7393.333,-12638.667
1629,24203.5033,4607.6407,1382.0217,9638.8,-0.4133,157640,8907.3,5,1518.0,4729.17,40163.333,-15462.667,7590.0,-12816.333
1630,22149.8567,5385.6955,2950.6267,8469.2967,0.9367,144414,18914.7,7,1388.3333333333333,4332.39,36788.167,-14167.533,6941.667,-11744.833
1631,23279.7567,5052.8086,4641.11,7847.0333,0.0667,150264,30217.7,8,1480.6666666666667,4507.89,38300.0,-14732.8,7403.333,-12198.667
1632,38873.0767,5986.2887,5058.6583,8369.0583,1.1833,253671,32561.8,9,2433.6666666666665,7610.11,64611.833,-24889.533,12168.333,-20627.667
1633,32413.6667,7164.4903,6044.6717,8097.0683,2.9067,209714,39869.5,31,2048.0,6291.4,53479.5,-20551.067,10240.0,-17046.167
1634,24923.4367,6789.5345,6098.6017,5369.2317,-0.54,162587,39550.5,3,1553.0,4877.57,41440.5,-15941.133,7765.0,-13218.5
1635,27279.3833,6654.2111,6118.7217,10680.41,-0.3067,177073,39512.8,3,1717.0,5312.15,45136.5,-17359.933,8585.0,-14394.333
1636,28393.8133,5166.4213,3099.6167,5721.55,2.1333,184957,19849.3,20,1775.3333333333333,5548.68,47138.0,-18136.2,8876.667,-15033.333
1637,16488.47,4084.6766,3299.2767,7111.775,3.5033,108977,21389.7,27,1003.3333333333334,3269.27,27765.5,-10689.133,5016.667,-8873.833
1638,29728.1067,4286.4156,3190.1317,6516.78,3.5733,191369,20706.3,26,1858.0,5741.04,48942.167,-18696.933,9290.0,-15548.167
1639,19649.9867,4313.2857,2486.0317,7394.4633,0.71,127292,15598.2,6,1234.6666666666667,3818.72,32473.167,-12469.067,6173.333,-10346.167
1640,21134.4667,3895.6799,3481.2117,6577.3983,1.1767,137444,23347.2,7,1321.3333333333333,4123.3,35047.167,-13470.0,6606.667,-11172.667
1641,20523.36,5190.0012,4179.82,8542.72,1.2133,135046,27535.0,20,1274.0,4051.36,34350.667,-13269.0,6370.0,-10979.667
1642,18921.3367,4872.3976,3026.6083,9019.51,1.6667,122693,19678.5,28,1185.3333333333333,3680.77,31303.5,-12017.267,5926.667,-9972.333
1643,24391.7567,4940.5209,2576.0233,8986.6083,1.71,160634,16404.0,21,1503.3333333333333,4818.99,40891.0,-15770.4,7516.667,-13064.5
1644,22024.0933,5653.06,4865.1917,9012.8717,4.5567,141960,30993.5,34,1430.3333333333333,4258.76,36084.0,-13958.333,7151.667,-11512.0
1645,21842.11,4856.4205,4231.33,9057.4367,2.5667,144715,26862.0,8,1346.6666666666667,4341.41,36781.167,-14230.467,6733.333,-11783.333
1646,25877.7367,3909.6219,1992.89,4952.925,1.32,167037,12807.3,15,1643.3333333333333,5011.07,42591.667,-16370.667,8216.667,-13571.0
1647,20694.3033,3710.5891,664.78,7234.7833,2.1167,135677,4407.0,16,1297.3333333333333,4070.27,34507.167,-13332.467,6486.667,-11037.333
1648,28431.3933,4181.7795,2265.0767,7401.8333,1.59,184763,14636.3,11,1773.0,5542.86,47144.5,-18094.8,8865.0,-15026.167
1649,20144.7067,4080.5594,2698.5683,5722.4717,1.59,131202,17204.5,14,1277.6666666666667,3936.04,33374.5,-12890.667,6388.333,-10663.5
1650,22910.75,4932.9861,2673.495,7929.5933,1.5367,149693,17332.5,13,1417.0,4490.75,38173.0,-14669.333,7085.0,-12168.667
1651,19225.9333,4014.7969,1222.695,6820.195,4.33,123008,7957.5,29,1222.3333333333333,3690.2,31444.833,-12023.6,6111.667,-9997.167
1652,18448.34,4249.3857,2931.465,6310.295,3.21,118986,18499.8,15,1210.0,3569.54,30198.167,-11717.867,6050.0,-9651.5
1653,33008.61,6674.1613,5729.8133,6144.6383,3.2767,216018,37993.7,21,2056.3333333333335,6480.51,55008.833,-21200.067,10281.667,-17562.333
1654,18867.15,5078.9464,3517.075,10058.0833,1.78,123883,22403.5,27,1172.3333333333333,3716.45,31533.5,-12163.133,5861.667,-10081.333
1655,20577.0133,4640.5086,3668.6383,7910.605,-0.2867,135087,22110.8,7,1269.3333333333333,4052.58,34419.167,-13249.733,6346.667,-10991.667
1656,21075.0667,4155.1307,1305.9133,11655.2117,3.7667,137704,8493.7,18,1297.3333333333333,4131.1,35140.833,-13484.533,6486.667,-11199.0
1657,19448.8667,3295.4841,1526.5183,7659.9617,3.63,125074,9872.2,17,1230.6666666666667,3752.2,31938.833,-12239.333,6153.333,-10156.167
1658,22949.1433,3884.1787,1369.605,9098.1533,1.9067,147745,8809.5,16,1449.0,4432.31,37731.5,-14456.333,7245.0,-12003.333
1659,23521.3767,3996.2253,755.1733,10013.7783,0.2733,153435,4537.3,9,1457.0,4603.01,39144.5,-15029.133,7285.0,-12482.0
1660,17075.37,3693.1976,1977.36,5400.5083,2.52,111340,12901.3,29,1064.6666666666667,3340.17,28381.333,-10915.467,5323.333,-9054.0
1661,22722.87,4525.5739,1953.3333,7319.8417,3.8967,145997,12216.0,31,1447.0,4379.87,37263.333,-14294.0,7235.0,-11861.333
1662,25302.5167,5111.8813,2931.725,10292.005,2.5667,162549,17791.0,6,1594.3333333333333,4876.45,41553.167,-15888.6,7971.667,-13210.167
1663,33658.14,5181.7466,3175.055,6428.6033,4.0,221089,20293.5,18,2088.6666666666665,6632.64,56275.333,-21707.667,10443.333,-17985.5
1664,18740.2933,5195.3924,3152.4933,8098.7267,-0.69,123063,20316.3,6,1165.6666666666667,3672.76,31204.5,-12003.467,5828.333,-9961.833
1665,18220.9033,4827.9028,3703.9367,8849.82,4.47,120169,23078.8,53,1139.6666666666667,3531.57,30072.5,-11515.0,5698.333,-9566.5
1666,19722.7967,4142.3422,2254.4117,7169.9317,2.1567,127802,14345.8,31,1244.0,3834.03,32580.0,-12528.4,6220.0,-10382.833
1667,15204.1367,4723.1431,3089.9217,9561.5117,1.1867,99330,20122.8,14,947.0,2979.87,25312.333,-9741.067,4735.0,-8082.0
1668,21145.2167,5385.7591,3337.7583,11925.305,5.87,137909,21950.2,43,1329.6666666666667,4137.25,35110.0,-13537.867,6648.333,-11212.5
1669,18480.4567,4196.7601,1863.7217,7197.7517,8.7467,121021,11866.2,77,1144.6666666666667,3630.59,30837.5,-11869.133,5723.333,-9841.833
1670,20900.1667,4038.9327,619.56,12045.6083,2.43,134794,4163.0,6,1316.0,4043.8,34412.667,-13193.8,6580.0,-10942.5
1671,19303.7367,2868.1227,760.6833,5081.0733,2.1167,126520,4921.0,19,1195.0,3795.57,32234.167,-12410.333,5975.0,-10290.667
1672,12578.1033,3027.8167,1362.2583,6812.9817,0.2367,81320,8701.8,20,787.6666666666666,2439.57,20763.833,-7958.467,3938.333,-6605.167
1673,20740.4833,4110.5904,1545.755,8735.81,4.2033,128893,10229.5,19,1370.0,3866.75,33025.667,-12568.267,6850.0,-10433.667
1674,18855.7533,4628.1664,1888.2683,10003.4167,0.8233,122685,11712.2,7,1172.3333333333333,3680.52,31303.5,-12015.6,5861.667,-9974.333
1675,20908.2833,4380.2861,918.5917,9079.8783,-0.0933,137373,5740.5,9,1283.6666666666667,4121.15,35016.667,-13467.867,6418.333,-11180.0
1676,22117.49,5126.8456,2606.18,11955.3817,2.0567,144604,16475.0,15,1380.3333333333333,4338.09,36827.167,-14189.933,6901.667,-11759.5
1677,18665.4267,4124.7125,1285.8717,7043.2283,0.6433,122953,8276.8,6,1160.6666666666667,3688.56,31261.167,-12086.133,5803.333,-10001.5
1678,21853.04,4667.4961,3695.7767,11438.035,-0.0733,139656,23341.5,3,1398.6666666666667,4189.64,35673.833,-13661.6,6993.333,-11342.167
1679,15662.3967,3140.5233,1515.53,6009.4833,2.1633,102935,9883.7,9,973.6666666666666,3088.03,26191.5,-10110.467,4868.333,-8375.0
1680,19059.4167,4864.6217,3312.005,11045.36,0.7733,125516,21616.0,15,1168.6666666666667,3765.45,31975.833,-12312.867,5843.333,-10212.333
1681,16106.3833,5320.1506,4023.4417,9450.7333,5.0967,106389,25723.5,35,993.6666666666666,3191.65,27057.333,-10454.933,4968.333,-8656.0
1682,18782.2567,3758.2065,1688.0933,10105.69,2.5833,122647,10544.7,17,1167.3333333333333,3679.39,31265.833,-12023.133,5836.667,-9976.5
1683,25371.0233,4850.7023,2429.0033,6230.745,4.7933,163444,14552.2,41,1605.0,4903.29,41719.667,-16000.933,8025.0,-13276.0
1684,28319.9767,5626.6771,3444.1633,11777.3333,3.55,186025,21699.2,28,1737.0,5580.71,47427.167,-18234.067,8685.0,-15138.833
1685,25639.9233,5952.6008,4199.8017,8999.2433,1.2067,167377,27263.8,16,1602.3333333333333,5021.29,42634.833,-16421.533,8011.667,-13606.333
1686,25369.52,4650.8715,2978.5033,5784.8367,2.64,166635,18202.0,26,1562.6666666666667,4999.02,42455.0,-16345.0,7813.333,-13552.833
1687,20224.7767,4879.5801,3883.4083,5867.6183,3.9767,128911,24722.3,21,1313.3333333333333,3867.31,32866.0,-12635.867,6566.667,-10439.333
1688,15877.1833,5225.91,3819.3283,6390.5967,0.2433,100397,24548.7,8,1042.3333333333333,3006.05,25583.333,-9807.2,5211.667,-8116.667
1689,22284.92,6111.4253,5611.815,7465.8783,0.0667,146082,36708.2,8,1374.0,4382.42,37235.833,-14322.0,6870.0,-11881.333
1690,23652.9167,5892.1811,4798.955,7421.6517,3.01,152043,30730.8,21,1512.6666666666667,4561.25,38772.167,-14899.667,7563.333,-12344.167
1691,18193.5667,5815.2857,5988.18,9228.8483,6.6333,114911,38198.7,44,1194.0,3447.3,29332.833,-11249.067,5970.0,-9307.5
1692,26089.63,5923.2143,3884.1617,10178.45,4.3233,171665,25105.8,27,1606.6666666666667,5149.93,43719.833,-16845.133,8033.333,-13968.333
1693,25395.0533,5212.8791,3982.5267,8142.4733,-0.3067,166582,25130.5,3,1598.6666666666667,4997.42,42334.5,-16382.533,7993.333,-13547.667
1694,19158.03,6169.1539,5205.8283,7675.935,9.9833,123039,33820.8,56,1216.3333333333333,3691.13,31419.5,-12039.933,6081.667,-9994.333
1695,17763.1367,4315.0193,2434.4917,8355.6317,1.9633,116119,15261.8,12,1130.3333333333333,3452.47,29305.0,-11294.667,5651.667,-9351.333
1696,22058.79,5938.6359,3356.59,9382.9933,2.8067,142401,21812.3,41,1392.3333333333333,4271.99,36336.5,-13945.533,6961.667,-11565.833
1697,23551.0,5397.4519,2662.035,9154.0217,0.9333,154244,17036.2,11,1465.3333333333333,4627.3,39278.5,-15137.467,7326.667,-12544.0
1698,19195.46,5286.5749,4449.3233,7727.9667,1.57,123890,29127.3,23,1214.0,3716.66,31606.833,-12135.2,6070.0,-10062.833
1699,20239.0033,5254.3208,3508.6267,8557.8133,5.12,129130,22489.7,32,1293.0,3873.87,33007.0,-12623.2,6465.0,-10483.667
1700,24026.4667,5585.6991,4620.39,8414.2417,1.5933,156048,29947.3,3,1517.3333333333333,4681.4,39747.333,-15310.6,7586.667,-12678.333
1701,21668.4633,6276.2379,4870.6417,5830.4633,1.6733,140099,30847.3,16,1378.0,4202.93,35693.167,-13742.467,6890.0,-11375.167
1702,16883.7467,4820.0741,3927.3717,4725.655,1.3433,109040,25502.8,11,1058.6666666666667,3271.18,27845.333,-10669.933,5293.333,-8856.167
1703,18196.0067,4354.6867,3460.465,7255.1217,4.2633,120229,22334.8,22,1109.3333333333333,3606.84,30622.833,-11796.667,5546.667,-9783.667
1704,25315.1167,5707.9996,5539.9333,7929.6883,1.3767,161149,35986.0,21,1630.6666666666667,4834.45,41167.167,-15763.0,8153.333,-13076.833
1705,29973.6867,7604.5193,5901.795,6450.2,4.09,195978,38129.2,37,1876.0,5879.32,49888.0,-19240.467,9380.0,-15933.167
1706,28321.4533,7323.844,6294.1283,8860.55,11.0233,180972,41339.2,91,1810.3333333333333,5429.12,46230.833,-17702.0,9051.667,-14688.167
1707,19137.34,6652.7059,5962.0417,6880.0883,2.3333,124896,38026.7,18,1195.6666666666667,3746.84,31817.833,-12252.0,5978.333,-10153.667
1708,14201.5533,5975.4999,5924.4817,7757.1167,13.1967,91792,38021.5,82,896.0,2753.72,23415.833,-8992.0,4480.0,-7456.0
1709,32323.0167,6454.1522,5723.735,7336.01,2.7933,212883,36688.8,28,1990.0,6386.45,54199.0,-20896.933,9950.0,-17315.5
1710,20767.2567,5926.6969,4640.5783,7902.0567,1.0033,135971,29810.8,20,1289.6666666666667,4079.09,34638.667,-13338.667,6448.333,-11060.167
1711,18976.1433,6305.0242,4509.155,10362.7,6.82,123565,29236.2,61,1194.3333333333333,3706.91,31464.167,-12127.267,5971.667,-10039.333
1712,32060.4233,7642.6143,6499.6767,8745.9183,2.42,207601,42599.7,35,2021.6666666666667,6227.99,52937.667,-20345.067,10108.333,-16868.5
1713,13961.0933,3789.7479,2783.5767,5460.1883,3.1067,91526,17776.3,37,867.6666666666666,2745.76,23304.0,-8983.667,4338.333,-7443.333
1714,22877.3133,6321.4984,4822.2333,9992.995,5.0867,147247,31376.0,22,1440.0,4417.38,37623.333,-14400.067,7200.0,-11963.333
1715,18430.23,7016.9131,5210.9767,10316.925,10.0067,120399,33238.0,46,1153.3333333333333,3611.93,30656.333,-11817.2,5766.667,-9787.5
1716,34528.8567,6270.0937,3836.565,9007.7583,4.48,222957,25409.8,20,2171.3333333333335,6688.69,56922.833,-21822.333,10856.667,-18117.0
1717,17983.53,5967.1745,5565.0367,8031.79,3.3967,119045,36005.0,25,1120.6666666666667,3571.33,30214.0,-11723.467,5603.333,-9681.667
1718,18273.78,5097.041,4063.0117,6372.825,-0.3067,119144,26360.8,3,1163.0,3574.28,30283.5,-11715.333,5815.0,-9683.667
1719,32766.73,5965.2911,4821.5133,11947.9367,6.31,217119,30602.8,41,2019.0,6513.53,55180.667,-21351.467,10095.0,-17671.0
1720,19544.3367,6524.4564,5093.375,8678.4267,0.5267,126523,33575.2,6,1224.3333333333333,3795.67,32294.167,-12387.0,6121.667,-10280.167
1721,24380.4967,6231.6857,4695.5183,6109.2133,2.56,157342,30982.0,23,1543.0,4720.23,40138.333,-15413.067,7715.0,-12780.0
1722,25930.9233,6032.8761,4509.2783,7404.4233,2.4867,169554,29625.8,22,1607.6666666666667,5086.59,43217.0,-16624.0,8038.333,-13787.0
1723,18579.0333,7760.3229,6725.9083,5894.8433,5.0233,120981,43590.2,34,1167.0,3629.4,30818.333,-11868.867,5835.0,-9834.833
1724,22755.31,7778.6547,5964.9117,9235.05,6.6967,149038,38407.5,22,1408.6666666666667,4471.11,37976.167,-14617.133,7043.333,-12118.167
1725,16714.44,5675.3634,5059.63,7579.7733,12.0933,108842,33068.3,90,1049.0,3265.24,27728.333,-10677.133,5245.0,-8847.0
1726,26056.8433,6590.1273,4998.3583,5565.7683,0.3133,170325,31770.2,14,1631.3333333333333,5109.71,43358.5,-16721.533,8156.667,-13846.5
1727,17901.3033,5910.1564,5159.175,9138.795,2.8667,117057,31706.8,29,1132.0,3511.67,29754.5,-11509.533,5660.0,-9515.333
1728,22862.3867,4797.6459,2400.0283,6575.8617,2.73,147685,15542.5,9,1429.0,4430.52,37733.0,-14443.8,7145.0,-12002.333
1729,23093.1133,4168.0123,2454.575,11268.9533,1.4433,149897,15360.2,11,1457.0,4496.88,38194.5,-14701.6,7285.0,-12181.667
1730,15311.4767,3697.8961,2104.635,6917.8933,4.0933,97381,13420.5,16,978.0,2921.41,24913.333,-9510.933,4890.0,-7902.333
1731,17595.2567,4468.4331,2965.48,10019.02,2.4467,115217,19093.7,14,1099.3333333333333,3456.49,29324.333,-11313.733,5496.667,-9368.5
1732,22293.39,4588.5519,3023.835,7964.8717,6.56,145044,19468.8,40,1396.6666666666667,4351.29,36969.333,-14221.067,6983.333,-11789.5
1733,29412.1333,7121.0887,5551.2783,12752.32,1.82,191684,35597.5,17,1844.6666666666667,5750.5,48825.833,-18806.533,9223.333,-15581.0
1734,20127.7267,5773.9525,4141.055,7981.4467,5.6833,132476,26602.8,36,1236.6666666666667,3974.26,33745.167,-12997.2,6183.333,-10777.833
1735,23287.7533,7293.7173,6093.27,8984.435,2.7467,151292,38446.7,37,1451.0,4538.72,38607.167,-14815.467,7255.0,-12297.667
1736,40773.98,6560.3977,5002.1967,8732.34,1.5367,262264,32684.2,13,2570.3333333333335,7867.88,67011.667,-25648.067,12851.667,-21309.167
1737,22279.0767,6080.8624,5134.0083,10486.7633,4.3933,143241,31120.2,30,1405.3333333333333,4297.21,36597.833,-14009.133,7026.667,-11633.5
1738,22811.68,6713.1741,5469.4017,11006.155,12.2267,147340,35533.8,55,1433.3333333333333,4420.18,37616.0,-14421.667,7166.667,-11969.5
1739,23898.81,6873.2876,5118.6017,10503.7317,2.3033,154791,33000.5,19,1501.0,4643.71,39488.833,-15162.733,7505.0,-12576.0
1740,23671.4167,5958.0563,4343.9617,9782.575,3.7333,154689,27939.2,44,1477.3333333333333,4640.65,39397.0,-15179.067,7386.667,-12573.833
1741,21017.9667,6272.3786,5751.81,9854.52,0.9433,137894,37874.7,8,1318.0,4136.8,35058.0,-13555.667,6590.0,-11211.167
1742,19388.6667,6217.5837,4775.9933,6902.4217,0.7667,124951,29824.7,8,1238.0,3748.5,31849.667,-12250.333,6190.0,-10149.167
1743,23058.29,4536.6436,3339.1433,8692.3483,4.0567,149254,21061.3,17,1468.6666666666667,4477.59,38005.0,-14648.8,7343.333,-12118.833
1744,18208.15,5730.7387,5022.0967,6926.9233,1.81,119693,32460.3,11,1139.6666666666667,3590.75,30419.833,-11770.6,5698.333,-9730.167
1745,22191.6467,4589.0848,3747.2133,6280.5417,1.5367,144280,23878.7,20,1407.0,4328.38,36717.5,-14169.067,7035.0,-11720.167
1746,21354.9367,6218.6242,4277.9017,10028.39,2.7367,139723,27822.2,30,1346.6666666666667,4191.67,35525.667,-13734.4,6733.333,-11361.333
1747,17744.6033,4856.2564,3541.8617,8129.36,1.03,117874,23324.2,13,1124.0,3433.67,29199.0,-11211.733,5620.0,-9296.333
1748,15315.23,5104.0395,3999.1017,8664.0483,4.08,101069,25542.2,27,934.6666666666666,3032.03,25749.833,-9913.8,4673.333,-8226.167
1749,32456.43,6402.9971,5420.595,7599.7117,0.3733,213335,34774.2,9,2008.6666666666667,6400.03,54309.5,-20943.267,10043.333,-17353.167
1750,19612.1,5503.8951,4602.8433,5935.4867,7.1233,127378,30195.0,32,1236.6666666666667,3821.3,32454.167,-12493.867,6183.333,-10352.833
1751,22933.5733,4802.2415,3106.0783,8604.2317,2.6233,145899,19804.2,27,1467.6666666666667,4376.94,37311.5,-14255.2,7338.333,-11838.0
1752,23221.4967,4761.6338,2514.605,8492.2633,3.6067,150382,16354.7,36,1472.0,4511.43,38312.0,-14751.6,7360.0,-12210.333
1753,17547.08,5799.3621,4959.4017,10970.2433,3.1067,114887,32562.2,26,1100.0,3446.58,29227.667,-11286.333,5500.0,-9340.833
1754,17372.6033,5505.3102,4636.8067,6917.0733,-0.4567,113630,30355.7,8,1085.6666666666667,3408.87,28926.833,-11155.267,5428.333,-9236.167
1755,24840.6267,7850.023,7687.555,9464.31,3.6,159936,50124.5,41,1591.3333333333333,4798.06,40755.0,-15685.267,7956.667,-12983.833
1756,21493.19,5939.0303,5214.5667,5347.0367,7.68,140284,33454.3,44,1344.6666666666667,4208.49,35733.333,-13763.467,6723.333,-11408.5
1757,16730.7967,5314.1877,4650.26,7419.0617,-0.8733,109399,29971.3,6,1035.6666666666667,3281.93,27889.833,-10723.8,5178.333,-8895.5
1758,23359.71,4922.7589,3080.4,6638.5767,1.3033,152441,20191.0,9,1473.3333333333333,4573.21,38785.667,-14974.0,7366.667,-12391.833
1759,37423.7867,6304.1872,3322.465,9040.0533,1.11,238332,21158.2,11,2390.6666666666665,7149.92,60954.667,-23284.467,11953.333,-19349.667
1760,31673.3867,4943.2124,3403.775,10833.3833,3.34,202302,21501.8,26,2014.6666666666667,6069.02,51723.0,-19771.133,10073.333,-16420.833
1761,15721.5867,4642.1588,3869.4183,7450.9317,4.0333,104112,25305.5,29,967.6666666666666,3123.32,26467.333,-10235.4,4838.333,-8472.0
1762,18895.67,5217.7028,4207.2,7368.9417,2.02,121480,26619.3,22,1197.3333333333333,3644.37,31019.5,-11888.2,5986.667,-9866.667
1763,17875.0033,5219.9392,4853.84,8195.285,3.43,116300,31645.7,35,1128.0,3488.97,29612.167,-11415.133,5640.0,-9451.0
1764,24750.6433,5330.9702,4263.815,8706.2517,0.97,158881,27866.5,21,1590.0,4766.41,40502.5,-15575.267,7950.0,-12893.0
1765,18999.6733,5469.1546,5079.4867,9674.3017,3.14,125229,32738.3,29,1180.3333333333333,3756.84,31838.667,-12310.333,5901.667,-10187.167
1766,25016.33,4919.5408,1047.8667,12195.41,0.16,160002,6426.0,3,1597.0,4800.03,40868.833,-15652.867,7985.0,-12984.667
1767,19687.3167,3801.9767,977.1667,8237.09,-0.0033,127539,5374.3,3,1240.6666666666667,3826.15,32519.667,-12500.0,6203.333,-10361.833
1768,29062.7933,4545.4985,620.81,10245.0383,-1.5967,184360,3854.7,3,1906.6666666666667,5530.76,47007.0,-18069.133,9533.333,-14939.167
1769,29452.6133,5287.4367,3968.7133,7513.3467,0.11,192294,25486.7,5,1825.0,5768.78,49040.167,-18842.667,9125.0,-15638.667
1770,27262.2033,5232.5757,3189.09,8540.1067,1.7667,176717,21062.3,14,1748.6666666666667,5301.47,44936.0,-17368.933,8743.333,-14349.667
1771,23864.05,5087.7679,3022.98,6893.98,3.4133,156033,19863.7,27,1487.0,4680.95,39741.167,-15310.067,7435.0,-12683.0
1772,22679.71,7316.5393,6658.6483,8448.985,4.3533,146298,42803.2,25,1457.0,4388.91,37242.667,-14362.533,7285.0,-11874.333
1773,21246.7267,5855.3214,5344.9217,6614.715,2.8667,138980,35097.0,24,1347.6666666666667,4169.36,35307.833,-13672.8,6738.333,-11296.0
1774,16435.9433,4562.6828,3543.9983,9793.0267,0.9433,106671,23299.8,8,1033.0,3200.11,27198.167,-10455.0,5165.0,-8672.333
1775,15987.84,4498.6267,2409.115,7819.4033,3.55,105465,15454.8,19,1009.0,3088.24,26284.333,-10074.733,5045.0,-8355.0
1776,22314.0267,4691.0515,3501.47,7197.0883,0.52,145660,22235.0,18,1413.3333333333333,4369.76,37034.667,-14318.067,7066.667,-11839.0
1777,20545.29,4359.4429,2617.1517,6674.5867,1.15,134781,17242.2,9,1279.6666666666667,4043.39,34303.833,-13234.6,6398.333,-10965.667
1778,16851.1367,3777.3937,2331.2,5847.4017,5.6567,110023,14904.3,41,1053.0,3300.67,28024.5,-10794.867,5265.0,-8944.167
1779,15169.3167,3721.4471,2882.5317,6005.24,-0.54,99096,18756.7,3,944.3333333333334,2972.85,25255.0,-9717.2,4721.667,-8063.0
1780,18070.8067,5242.9535,4921.0283,5564.4217,2.8567,116059,31366.2,7,1151.0,3481.74,29620.5,-11363.6,5755.0,-9422.833
1781,18297.37,4629.2925,3543.27,7264.6967,2.8733,118397,22489.2,16,1149.6666666666667,3551.87,30214.167,-11593.667,5748.333,-9623.333
1782,25379.04,5032.8574,3436.4417,5683.1183,0.3933,163526,22665.2,3,1599.6666666666667,4905.74,41756.5,-16002.533,7998.333,-13279.0
1783,18818.61,5138.9922,3294.745,8463.3983,2.23,123395,21435.8,15,1177.6666666666667,3701.81,31382.667,-12125.867,5888.333,-10028.333
1784,19502.5767,4782.6835,3731.5767,8992.88,1.61,126728,22629.7,6,1222.6666666666667,3801.81,32308.0,-12422.4,6113.333,-10298.167
1785,31131.44,4849.4351,1533.6117,8962.6833,1.2,203336,9556.2,18,1976.3333333333333,6100.04,51674.667,-19997.267,9881.667,-16527.667
1786,23714.5333,5370.4313,2774.92,8280.6433,2.9067,153218,17470.7,26,1496.3333333333333,4596.5,39090.167,-15007.467,7481.667,-12446.333
1787,19608.2033,5008.334,3925.87,9307.1067,0.3,125507,25033.2,8,1260.0,3765.17,32022.167,-12292.467,6300.0,-10186.667
1788,16709.0333,4519.5285,3344.7033,7782.0617,3.2933,107038,21913.3,24,1079.6666666666667,3211.1,27279.5,-10495.733,5398.333,-8684.167
1789,24842.7367,7339.6012,5230.61,10804.9133,7.7967,155140,34093.0,52,1625.3333333333333,4654.17,39751.833,-15127.267,8126.667,-12562.667
1790,21095.97,6295.1261,5956.4767,7422.19,6.94,139540,38563.0,52,1293.0,4186.17,35505.333,-13705.867,6465.0,-11354.667
1791,17935.6267,6095.5553,6143.4533,10272.785,9.5967,116720,39951.7,65,1126.6666666666667,3501.56,29738.333,-11448.6,5633.333,-9489.0
1792,17669.7867,7164.2886,7139.3717,10071.3067,3.3733,116312,46281.5,29,1086.6666666666667,3489.32,29621.167,-11413.867,5433.333,-9460.167
1793,20661.6467,8069.9591,8050.59,8331.235,2.77,134750,52276.5,33,1303.0,4042.48,34290.167,-13234.0,6515.0,-10952.0
1794,24871.4367,7287.5516,7986.5917,10375.3833,3.5733,161667,52138.5,13,1569.0,4849.97,41174.5,-15863.533,7845.0,-13134.5
1795,32035.6833,7608.2504,6943.5383,9243.67,1.29,211026,45087.8,14,1984.6666666666667,6330.75,53682.0,-20732.4,9923.333,-17168.0
1796,27828.6767,7406.4872,7235.7617,10235.015,2.3333,180495,46915.0,18,1767.3333333333333,5414.81,45947.833,-17719.8,8836.667,-14650.833
1797,24250.57,7320.8735,6460.115,8790.5717,17.96,156123,41608.2,100,1528.0,4683.67,39882.667,-15271.6,7640.0,-12684.167
1798,19180.3133,6316.3389,5229.6067,9621.8183,8.71,124197,33496.0,58,1198.0,3725.88,31710.833,-12155.067,5990.0,-10091.333
1799,14988.9,6498.3495,6855.85,9155.41,1.7533,97324,44178.3,12,938.0,2919.7,24821.833,-9536.133,4690.0,-7906.5
1800,33203.1367,6845.1459,6096.0833,9560.2383,4.54,215480,39747.7,36,2072.0,6464.37,54989.0,-21100.4,10360.0,-17509.833
1801,23663.61,5260.1083,3150.2583,13078.4383,-0.2367,156171,20686.8,3,1477.0,4685.11,39665.667,-15368.0,7385.0,-12704.167
1802,23043.4567,4226.9993,1178.4533,8388.255,-0.6467,150424,7576.7,3,1451.0,4512.69,38278.5,-14773.4,7255.0,-12229.333
1803,20341.9567,4556.2534,738.0833,11386.57,-0.54,131717,4392.7,3,1279.6666666666667,3951.49,33596.5,-12904.867,6398.333,-10699.5
1804,19589.7667,4512.0981,2179.5,7204.79,-0.54,129084,14391.0,3,1218.6666666666667,3872.5,32812.833,-12691.733,6093.333,-10497.167
1805,22301.8267,6214.9987,6505.71,8052.8283,-0.35,145890,42183.8,3,1410.3333333333333,4376.66,37083.167,-14344.667,7051.667,-11865.0
1806,18846.07,4838.8201,2889.9133,10258.5283,-0.54,122910,17858.7,3,1185.6666666666667,3687.27,31288.667,-12066.533,5928.333,-9991.667
1807,21410.9667,4306.9918,2099.5583,7429.5667,-0.6467,138984,13590.2,3,1349.6666666666667,4169.5,35416.667,-13630.2,6748.333,-11293.333
1808,20399.66,6060.6629,4697.69,11069.05,-0.7667,132870,30389.5,3,1285.0,3986.06,33827.167,-13043.067,6425.0,-10795.5
1809,22396.0333,5299.8427,2581.3167,9452.1917,-0.54,146414,16349.5,3,1396.0,4392.4,37291.667,-14366.2,6980.0,-11901.833
1810,15313.4967,3954.2124,2791.22,6396.9067,-0.54,100749,18620.0,3,956.3333333333334,3022.43,25609.5,-9905.933,4781.667,-8194.167
1811,21243.99,4901.6348,1214.8067,11684.29,-0.64,138677,7867.3,5,1313.6666666666667,4160.29,35375.0,-13585.467,6568.333,-11274.167
1812,16400.6933,4276.7341,2031.345,7312.09,-0.8233,105620,13332.5,3,1026.6666666666667,3168.56,27001.833,-10323.2,5133.333,-8579.833
1813,22678.3067,4376.4877,2203.3317,9673.96,0.9,147792,13701.5,12,1421.0,4433.74,37649.667,-14498.6,7105.0,-12011.5
1814,19043.2667,3918.7587,1388.8733,7144.3167,-0.5967,124931,9040.7,3,1187.6666666666667,3747.9,31784.333,-12272.467,5938.333,-10154.833
1815,23676.58,4246.4326,590.9483,7183.59,-0.54,151764,3571.5,3,1521.3333333333333,4552.88,38699.833,-14872.8,7606.667,-12310.0
1816,34093.95,5606.8321,4633.275,8888.5567,-0.3867,225839,29735.2,3,2098.3333333333335,6775.15,57409.167,-22204.2,10491.667,-18377.833
1817,18779.3133,5307.1244,4311.195,10186.4933,-0.54,121130,27707.5,3,1181.6666666666667,3633.88,30932.5,-11853.067,5908.333,-9842.333
1818,19329.1867,4052.1779,1205.9367,10288.3367,-0.9933,127012,7610.0,3,1219.3333333333333,3810.32,32251.333,-12501.8,6096.667,-10327.333
1819,19000.6967,5386.0025,3292.3067,8830.6383,-0.3067,123532,21819.0,3,1187.0,3705.93,31508.333,-12103.067,5935.0,-10045.5
1820,20295.13,5179.6305,2408.625,10140.2,-0.0733,130875,15760.2,3,1286.0,3926.23,33392.0,-12818.267,6430.0,-10634.833
1821,15326.7167,4003.7194,1714.3183,8843.9317,-0.54,100419,10367.2,3,955.3333333333334,3012.55,25562.167,-9859.0,4776.667,-8165.667
1822,18131.08,5056.9493,5135.2217,10505.4617,-0.54,118534,32679.5,3,1120.0,3555.98,30228.333,-11615.4,5600.0,-9637.833
1823,23468.3133,4647.165,1348.8883,10907.1633,-0.54,151164,8876.2,3,1491.3333333333333,4534.88,38564.167,-14807.067,7456.667,-12280.333
1824,21078.4367,4479.1296,2367.9367,10784.2717,-0.3067,136273,15340.7,3,1331.6666666666667,4088.17,34752.333,-13353.733,6658.333,-11066.667
1825,25332.32,6961.0447,4389.4183,11944.61,-0.54,166578,28673.8,3,1585.3333333333333,4997.32,42333.333,-16382.333,7926.667,-13542.667
1826,37672.88,5670.5721,1655.5517,13039.3067,-0.59,243597,10787.2,3,2382.3333333333335,7307.88,62119.333,-23871.667,11911.667,-19794.333
1827,16779.41,2512.1444,64.845,6765.4983,-0.54,108155,361.2,3,1062.6666666666667,3244.61,27597.667,-10591.867,5313.333,-8784.333
1828,22814.8667,5323.0517,2453.7883,11429.8167,-0.3067,148628,15844.5,3,1418.0,4458.8,37910.667,-14561.267,7090.0,-12083.333
1829,32208.96,5217.9441,1163.2817,10237.905,-0.18,205480,7188.2,3,2074.0,6164.36,52449.667,-20116.067,10370.0,-16659.0
1830,23446.2467,5112.7982,3826.1017,9666.885,-1.1567,148994,24733.8,3,1523.6666666666667,4469.78,38027.167,-14587.867,7618.333,-12081.167
1831,17638.9533,5355.5344,2323.4617,10245.655,-0.4133,112758,14369.2,3,1139.6666666666667,3382.72,28753.5,-11050.267,5698.333,-9145.333
1832,19424.6033,5098.8859,4132.4,6441.18,-0.9933,126930,26749.3,5,1222.0,3807.87,32299.333,-12466.267,6110.0,-10326.333
1833,20806.7367,4882.0931,3641.935,8446.405,-0.54,134917,23808.8,3,1293.6666666666667,4047.47,34455.667,-13201.067,6468.333,-10963.667
1834,20809.8867,5131.201,3348.1517,9562.105,-0.54,137328,21812.5,3,1298.0,4119.82,34882.667,-13512.6,6490.0,-11170.0
1835,22248.5467,5087.1242,2768.4767,10466.0833,-0.3633,145560,18078.0,3,1389.3333333333333,4366.78,37056.667,-14289.4,6946.667,-11832.167
1836,18826.9833,4717.2377,4293.3167,7288.0233,-0.3067,124579,27649.3,3,1169.0,3737.35,31638.333,-12260.533,5845.0,-10133.167
1837,18178.7267,4278.9254,2803.58,8268.3567,-0.3067,117256,18075.3,3,1167.0,3517.66,29849.167,-11511.6,5835.0,-9511.5
1838,23434.0067,5646.6175,3751.4,9024.5867,0.5133,151336,24679.3,9,1470.6666666666667,4540.04,38641.5,-14810.533,7353.333,-12290.333
1839,15729.6567,3242.3933,778.4567,6549.8367,-0.54,102987,4930.7,3,969.6666666666666,3089.59,26262.167,-10092.6,4848.333,-8377.833
1840,30643.74,6105.1997,4325.49,8960.375,-0.54,194336,28180.7,3,2005.3333333333333,5830.04,49576.667,-19036.467,10026.667,-15753.167
1841,27898.96,4125.839,639.6283,7839.1633,-0.0733,177943,3847.5,3,1805.6666666666667,5338.26,45397.0,-17429.8,9028.333,-14434.833
1842,14156.8067,3451.8689,593.07,8366.4633,-0.54,91779,3581.7,3,889.6666666666666,2753.34,23402.333,-8994.867,4448.333,-7452.333
1843,17326.47,4379.1233,195.9467,12231.4983,-0.54,113130,1202.0,3,1081.0,3393.87,28819.0,-11098.4,5405.0,-9193.0
1844,27754.1533,5858.1853,3323.9133,9842.9283,-0.7433,179432,20957.0,3,1764.3333333333333,5382.92,45721.0,-17597.933,8821.667,-14573.5
1845,18142.4767,4451.766,993.4283,10026.855,-0.3633,120091,6244.2,3,1117.0,3602.71,30533.0,-11805.067,5585.0,-9773.167
1846,15604.4167,4257.7113,3566.1317,6378.3483,-0.54,101979,22951.5,3,970.6666666666666,3059.35,25986.5,-10001.267,4853.333,-8293.5
1847,24506.8033,5163.9967,3709.9367,8131.6067,-0.54,160593,24261.7,3,1517.6666666666667,4817.77,40910.5,-15754.467,7588.333,-13055.333
1848,14159.2267,4332.6282,2405.4533,7297.845,-0.54,93020,15295.0,3,888.6666666666666,2790.56,23636.5,-9149.333,4443.333,-7561.833
1849,22804.62,4534.9912,2193.935,7361.335,0.8033,148902,14270.3,10,1437.0,4467.02,37885.667,-14626.067,7185.0,-12107.0
1850,23297.3933,4392.9649,1913.445,13413.7383,-0.8233,151250,12464.2,3,1482.3333333333333,4537.46,38488.833,-14854.4,7411.667,-12286.167
1851,29510.8733,5477.4434,3825.0233,8755.8,-0.54,190129,24388.2,3,1867.3333333333333,5703.84,48529.167,-18614.133,9336.667,-15444.667
1852,24714.0767,6120.4225,4008.9667,9699.0333,-0.54,158771,26461.0,3,1589.3333333333333,4763.11,40458.5,-15570.867,7946.667,-12883.333
1853,26967.58,4277.7109,882.2167,9919.0383,-0.54,170604,5129.3,3,1734.6666666666667,5118.08,43657.667,-16657.667,8673.333,-13823.833
1854,22409.9267,5125.4465,2892.64,8038.175,-0.3067,140216,18342.3,3,1460.0,4206.46,35926.833,-13672.533,7300.0,-11350.833
1855,20598.1833,5847.0967,5241.9117,10627.3217,-0.54,134023,33339.2,3,1284.3333333333333,4020.65,34183.5,-13131.133,6421.667,-10896.5
1856,26788.99,4839.7094,2466.5517,5422.445,-0.3067,173441,16325.2,3,1715.6666666666667,5203.19,44127.333,-17037.2,8578.333,-14082.667
1857,21188.28,5552.7869,4534.3317,9688.5917,-1.0567,139804,29624.8,4,1306.3333333333333,4194.08,35568.167,-13733.467,6531.667,-11372.167
1858,19508.6267,3623.5014,99.8217,8254.2483,-0.0733,128373,645.3,3,1219.3333333333333,3851.16,32620.167,-12626.533,6096.667,-10432.833
1859,14140.3833,2567.4217,69.9567,8667.0167,-0.59,91653,482.8,3,902.0,2749.55,23327.167,-8999.667,4510.0,-7446.667
1860,33568.1967,4753.7618,400.8517,12689.3717,-0.5967,219135,2522.2,3,2106.3333333333335,6574.03,55789.333,-21511.333,10531.667,-17815.5
1861,21624.63,5235.5079,4304.9467,10448.1933,-0.54,141075,28117.0,3,1354.6666666666667,4232.23,35927.833,-13843.933,6773.333,-11464.833
1862,27992.98,4627.0251,2511.6833,5393.2883,-1.1933,178540,16251.0,3,1803.3333333333333,5356.18,45574.667,-17478.2,9016.667,-14476.333
1863,19490.18,5935.6032,4202.79,11116.3883,-0.5267,125420,27769.0,6,1253.6666666666667,3762.58,31942.5,-12307.067,6268.333,-10176.167
1864,23532.5367,5055.4745,4273.5767,6505.2833,-2.2067,153703,28076.3,4,1481.6666666666667,4611.07,39106.167,-15098.2,7408.333,-12494.833
1865,18979.2067,4871.4665,1806.7033,5494.8783,-0.54,124549,11623.3,3,1193.3333333333333,3736.44,31650.167,-12249.733,5966.667,-10124.333
1866,25627.5267,4353.9159,1581.425,4991.115,-0.76,164533,10551.8,3,1627.3333333333333,4935.96,42016.667,-16099.933,8136.667,-13361.833
1867,31910.1067,4070.4483,1156.5267,8201.33,-0.54,211479,7441.3,3,1990.6666666666667,6344.34,53656.0,-20833.4,9953.333,-17210.167
1868,18501.5067,4964.1108,2768.0017,8720.4,0.6833,122232,18154.3,4,1145.0,3666.94,31070.5,-12018.267,5725.0,-9942.667
1869,17556.09,4273.8789,429.3167,6675.6717,-1.1933,114667,2432.7,3,1102.6666666666667,3439.99,29181.833,-11260.733,5513.333,-9318.333
1870,25111.85,5993.6355,5563.5883,7257.6683,-0.54,166523,36497.8,3,1564.3333333333333,4995.65,42246.0,-16406.133,7821.667,-13545.333
1871,21548.6833,5074.6807,3993.2267,7440.2267,0.16,142053,26244.7,3,1335.6666666666667,4261.55,36120.833,-13962.2,6678.333,-11549.833
1872,27040.4433,4783.6024,1945.945,6572.2833,-0.88,176251,12789.2,3,1702.0,5287.51,44870.5,-17302.067,8510.0,-14325.5
1873,35919.9167,6214.0678,4591.4283,7831.2033,-0.6467,239546,29994.2,5,2210.3333333333335,7186.35,60779.0,-23597.6,11051.667,-19499.5
1874,27102.1367,5045.1868,2572.3783,8791.2483,-0.71,178607,16488.5,3,1711.0,5358.17,45307.833,-17598.2,8555.0,-14520.667
1875,15996.8367,4125.9395,1497.9,6885.5333,-0.54,103977,9839.3,3,1007.0,3119.27,26491.0,-10198.933,5035.0,-8449.5
1876,36077.2067,5713.4434,1206.585,7654.8067,-0.8567,237612,7795.5,3,2258.0,7128.34,60359.167,-23378.8,11290.0,-19321.5
1877,18167.7133,5615.3428,4584.5817,10101.08,-0.54,118260,30089.8,3,1170.0,3547.78,30020.0,-11644.067,5850.0,-9606.0
1878,28164.4967,6301.391,4843.8717,9686.335,-0.54,184979,32647.3,3,1771.6666666666667,5549.33,46995.167,-18197.667,8858.333,-15040.667
1879,20623.13,5055.453,2399.14,9285.4983,0.65,134585,15272.3,3,1315.0,4037.53,34186.667,-13242.4,6575.0,-10933.667
1880,28861.43,5952.4148,3684.4083,7738.845,0.07,188785,24326.8,4,1816.0,5663.53,48013.667,-18551.6,9080.0,-15344.167
1881,33275.3733,8334.8459,6570.5967,13216.44,-0.4133,220586,42573.7,5,2085.6666666666665,6617.54,55924.5,-21747.333,10428.333,-17947.667
1882,23768.9567,6780.7542,5749.3317,8795.0333,-0.59,156424,37728.2,5,1493.0,4692.69,39721.0,-15396.4,7465.0,-12713.333
1883,23335.83,6181.987,7036.06,9039.06,-0.54,152022,45628.0,3,1496.6666666666667,4560.63,38598.167,-14965.133,7483.333,-12341.167
1884,15448.62,4786.8306,4600.5117,6440.1683,-0.54,102088,30067.5,3,963.0,3062.62,25920.833,-10049.333,4815.0,-8300.5
1885,28929.43,4735.2034,556.4817,9608.105,-0.0733,190302,3636.5,3,1823.3333333333333,5709.03,48307.0,-18737.6,9116.667,-15465.667
1886,21946.3567,4309.0866,1121.4333,10747.6017,-0.5967,140804,7289.3,3,1404.3333333333333,4224.09,35926.833,-13790.067,7021.667,-11436.167
1887,24805.58,5083.1153,2718.7767,10223.1333,-0.54,158740,17408.0,3,1592.6666666666667,4762.18,40507.833,-15544.933,7963.333,-12882.833
1888,21943.44,4709.4003,1254.5633,11329.9933,-1.1567,143152,8225.3,3,1388.0,4294.54,36407.167,-14067.6,6940.0,-11630.667
1889,16677.54,4378.879,1441.6733,11273.3433,-0.6533,109462,9626.2,4,1059.0,3283.84,27772.5,-10783.467,5295.0,-8890.333
1890,34660.5133,7566.6333,5673.29,7611.02,-0.54,227974,37442.3,3,2183.0,6839.18,57877.667,-22443.667,10915.0,-18527.667
1891,31181.02,7185.3369,5383.1833,11295.86,0.9333,203662,34822.7,15,1969.3333333333333,6109.82,51791.333,-20015.8,9846.667,-16551.0
1892,24555.2,6742.8484,5404.0017,14013.3717,0.2433,159978,34908.0,6,1548.0,4799.3,40723.167,-15706.267,7740.0,-13001.0
1893,37241.54,7570.5675,6770.3417,11528.9867,-0.54,242336,43321.8,3,2362.0,7270.04,61651.167,-23806.667,11810.0,-19683.0
1894,23356.5467,4815.6435,1271.7633,8676.25,-0.6467,151730,8240.3,3,1494.0,4551.88,38576.0,-14915.667,7470.0,-12325.667
1895,28095.8367,7166.1137,5251.9667,6160.8567,0.16,184193,35099.3,3,1776.6666666666667,5525.77,46784.333,-18124.933,8883.333,-14972.667
1896,25567.9167,5490.0117,3613.4,10097.9483,-0.54,166733,23561.0,3,1605.0,5001.95,42449.167,-16366.867,8025.0,-13541.333
1897,41726.02,8266.674,4763.5583,8360.6783,-0.54,271615,30488.5,3,2664.6666666666665,8148.42,69029.0,-26711.4,13323.333,-22063.333
1898,38721.1933,5446.9389,2901.8333,8832.175,-0.54,253750,18944.3,3,2445.3333333333335,7612.46,64474.167,-24960.267,12226.667,-20631.833
1899,21777.76,3536.674,232.43,8379.965,-0.54,144473,1378.7,3,1345.6666666666667,4334.16,36690.5,-14218.4,6728.333,-11756.833
1900,19948.5333,4056.8597,1485.7467,10209.7467,-0.59,129788,9397.0,3,1268.0,3893.6,33012.833,-12752.4,6340.0,-10545.5
1901,38267.7767,4964.8488,246.4667,8325.3633,-0.7667,245841,1539.3,3,2461.0,7375.21,62642.5,-24111.267,12305.0,-19943.667
1902,26737.4267,4618.4908,177.3267,10255.315,-0.54,172940,1139.3,3,1710.0,5188.16,44023.833,-16978.4,8550.0,-14046.167
1903,21005.51,4643.7733,316.9,10014.3383,-0.54,138818,2062.7,3,1329.0,4164.51,35172.333,-13694.667,6645.0,-11281.667
1904,32825.0667,6738.7092,4776.2667,8806.1833,-0.71,214301,31354.3,4,2074.0,6429.0,54500.667,-21059.933,10370.0,-17414.667
1905,21553.1467,5812.5564,3980.505,7894.54,0.2867,142224,26009.5,3,1352.3333333333333,4266.68,36098.0,-14005.533,6761.667,-11567.667
1906,34381.3533,6091.1875,3409.1483,7595.7917,-0.54,224402,21996.7,3,2179.0,6732.02,57051.667,-22059.667,10895.0,-18237.667
1907,34232.2333,6246.7589,4269.545,11055.7917,-0.7667,223804,27624.2,3,2175.0,6714.1,56850.0,-22020.867,10875.0,-18186.0
1908,39758.95,6198.615,2375.4767,12857.8517,-1.0,264053,15636.3,3,2464.6666666666665,7921.55,67013.167,-26005.267,12323.333,-21493.833
1909,36794.9333,5608.9261,1613.8183,11698.6083,-0.54,241164,10395.5,3,2312.6666666666665,7234.9,61311.0,-23708.467,11563.333,-19605.833
1910,32312.5733,5308.1593,1633.34,5537.165,-0.4567,216692,10704.8,3,1986.6666666666667,6500.74,54901.167,-21378.0,9933.333,-17644.667
1911,34505.8433,7494.6165,4758.4283,9134.3717,-0.4267,229031,31125.8,3,2152.0,6870.91,58081.333,-22573.733,10760.0,-18632.667
1912,37530.8167,6980.129,6822.7567,10547.065,-0.54,241786,44332.3,3,2426.3333333333335,7253.55,61518.667,-23749.733,12131.667,-19623.333
1913,17185.8033,4615.3747,3937.1883,8775.0367,-0.9933,111600,25241.2,3,1086.0,3347.97,28419.167,-10952.333,5430.0,-9059.0
1914,23077.1267,4676.5518,2560.2367,8090.88,-0.54,151863,16648.3,3,1445.3333333333333,4555.86,38581.333,-14940.067,7226.667,-12346.667
1915,29742.9567,6289.8121,3109.5617,11363.14,-0.7667,196184,20394.2,3,1863.6666666666667,5885.49,49799.833,-19316.867,9318.333,-15943.833
1916,32060.2033,6871.0852,5055.1133,10377.9767,-1.1633,211270,33023.5,3,2018.0,6338.07,53625.333,-20803.867,10090.0,-17189.333
1917,21789.6467,6765.2663,5517.55,12098.685,-0.54,145824,35779.3,3,1345.0,4374.68,36946.333,-14386.2,6725.0,-11870.167
1918,21632.7767,6235.3271,4325.7983,12025.0133,-0.54,142258,28661.5,3,1362.6666666666667,4267.71,36124.167,-14001.933,6813.333,-11570.5
1919,40900.6633,8953.1587,6010.995,8087.1667,-0.8233,272692,38864.2,5,2536.3333333333335,8180.73,69120.833,-26890.067,12681.667,-22192.5
1920,51984.3333,5965.73,697.0933,13989.4183,-0.4767,346304,4529.7,3,3242.6666666666665,10389.1,87733.167,-34167.6,16213.333,-28183.667
1921,22880.9467,6262.2453,3500.3817,13239.76,0.3133,148617,22473.2,15,1463.3333333333333,4458.48,37784.667,-14609.533,7316.667,-12069.333
1922,20978.4167,5281.9713,3029.5933,7192.2633,-0.54,135399,19673.0,3,1352.0,4061.95,34451.667,-13299.2,6760.0,-10996.0
1923,21746.4733,5178.3014,3301.045,9292.915,-0.54,142489,21771.8,3,1362.0,4274.64,36247.833,-13998.667,6810.0,-11587.333
1924,25054.0267,7335.1379,6888.6733,11692.8367,-0.54,169756,44369.8,3,1597.6666666666667,5092.66,42671.167,-16882.8,7988.333,-13815.333
1925,21432.7133,7336.6743,6756.8467,11272.5883,-0.54,141160,44180.3,3,1348.6666666666667,4234.78,35830.0,-13900.067,6743.333,-11475.333
1926,27589.16,5684.5517,3582.865,10197.095,-0.3067,183310,23746.3,3,1730.0,5499.26,46441.667,-18085.267,8650.0,-14916.5
1927,31909.1333,7048.8675,5243.69,11577.0233,-0.88,209278,34512.5,3,2003.0,6278.3,53207.167,-20572.667,10015.0,-17018.667
1928,27726.2967,5193.8759,2242.4767,10609.4817,-0.54,183799,14988.0,3,1733.3333333333333,5513.93,46614.833,-18113.8,8666.667,-14955.333
1929,27454.3867,7771.6245,6819.4717,11719.2867,-0.54,182585,44971.2,3,1711.0,5477.52,46285.5,-18002.8,8555.0,-14860.833
1930,24938.8767,6566.1249,5301.7017,9222.8667,-0.54,164275,34997.2,3,1568.0,4928.21,41698.167,-16175.667,7840.0,-13351.833
1931,28898.53,6793.2649,6074.9517,12214.9333,-0.6467,189945,38823.8,3,1856.3333333333333,5698.33,48097.333,-18750.133,9281.667,-15428.667
1932,33245.2367,6688.5014,5214.4417,7222.9167,-0.88,220657,34491.8,3,2047.6666666666667,6619.67,56061.0,-21706.933,10238.333,-17966.833
1933,26780.25,6437.6207,4890.5467,7213.9667,-0.54,176987,31829.8,3,1720.0,5200.75,44090.5,-17035.667,8600.0,-14075.333
1934,25216.9633,5948.5967,2328.5633,11088.325,-0.54,164902,15547.0,3,1592.3333333333333,4947.03,41924.167,-16210.733,7961.667,-13405.167
1935,25477.8767,6210.595,4513.73,12330.2317,-0.54,168351,29012.0,3,1599.0,5050.51,42709.5,-16586.467,7995.0,-13690.667
1936,21604.3933,5966.5702,4004.4433,9710.2683,-0.5633,144373,26343.0,3,1317.6666666666667,4331.16,36655.0,-14212.6,6588.333,-11757.5
1937,25301.0167,7914.0402,7440.1783,11638.6817,0.3933,166489,50095.8,3,1620.3333333333333,4994.65,42168.5,-16430.467,8101.667,-13533.333
1938,25770.3267,7736.7545,6377.2333,9804.6083,-0.3067,171820,41811.0,3,1584.6666666666667,5154.56,43604.667,-16922.067,7923.333,-13990.167
1939,24096.89,7408.6991,6818.8733,15019.0483,-0.3067,160441,44412.3,3,1477.0,4813.19,40754.167,-15786.467,7385.0,-13069.0
1940,35844.02,8710.8333,8285.9783,14371.45,-0.54,237835,54304.2,3,2205.0,7135.02,60439.167,-23391.333,11025.0,-19363.833
1941,36490.1633,7135.3849,3440.6733,12508.7383,-0.54,242382,22249.0,3,2247.0,7271.43,61567.0,-23849.6,11235.0,-19733.667
1942,21114.9767,5344.4323,3653.0833,8694.6517,-0.54,139491,24124.3,3,1311.3333333333333,4184.71,35447.167,-13719.4,6556.667,-11354.167
1943,27644.9167,6810.1451,2563.015,9568.2967,1.9633,180449,16686.5,6,1754.3333333333333,5413.45,45863.333,-17744.533,8771.667,-14659.0
1944,37936.05,7376.1431,6951.7967,10144.3683,-0.88,251603,45393.7,5,2348.3333333333335,7548.05,63887.167,-24765.667,11741.667,-20475.167
1945,30419.3667,5010.1501,1497.2583,10286.06,-0.9933,203714,9701.8,3,1860.6666666666667,6111.4,51673.333,-20073.533,9303.333,-16595.167
1946,27266.6,6452.0125,4315.1383,11318.1317,-0.54,181161,28331.2,3,1680.0,5434.8,46006.667,-17829.533,8400.0,-14745.333
1947,26940.73,6846.3913,4225.9617,12843.1167,-0.54,180715,27539.2,3,1646.6666666666667,5421.43,45818.833,-17815.533,8233.333,-14717.333
1948,33621.92,7072.4141,5310.875,9974.63,-0.1233,222985,35196.5,5,2072.3333333333335,6689.52,56653.5,-21935.6,10361.667,-18147.167
1949,27687.91,6699.0655,4249.7883,11727.8233,-0.54,184295,28124.5,3,1703.0,5528.81,46794.667,-18141.067,8515.0,-15009.5
1950,44398.7033,8893.5066,5997.6233,11305.3083,-0.54,295020,39395.7,3,2746.3333333333335,8850.57,74883.667,-29050.533,13731.667,-24016.667
1951,28151.6767,8202.0658,8195.5267,10694.1333,-0.54,187038,53851.3,3,1737.3333333333333,5611.11,47492.5,-18410.6,8686.667,-15228.0
1952,29659.1533,7701.3617,4374.5033,10360.4067,0.93,196512,28971.7,10,1841.6666666666667,5895.32,49896.667,-19343.667,9208.333,-15997.5
1953,42763.6867,4467.5218,25.415,12048.51,-0.54,280308,190.7,3,2696.3333333333335,8409.22,71227.0,-27570.867,13481.667,-22783.333
1954,20323.4833,5706.6297,4784.91,10379.5017,-0.4767,134443,32287.2,3,1265.6666666666667,4033.25,34135.667,-13234.267,6328.333,-10939.5
1955,26913.4633,4124.6689,471.2633,5622.8283,-0.62,177762,2950.3,3,1684.3333333333333,5332.83,45121.333,-17503.867,8421.667,-14458.5
1956,38446.74,5358.3695,253.4633,6169.1367,-0.8233,253736,1622.0,3,2417.0,7612.04,64381.667,-24994.467,12085.0,-20637.5
1957,33415.1533,7010.7702,4143.0267,10594.1917,-0.0733,221962,27451.3,3,2067.0,6658.82,56340.0,-21856.333,10335.0,-18062.333
1958,27324.8533,6929.1387,5742.7733,12677.2333,0.4567,182215,38285.7,4,1696.6666666666667,5466.42,46179.0,-17971.4,8483.333,-14832.5
1959,48891.3667,9522.9635,7719.8283,14869.125,-0.54,320301,50489.2,3,3079.3333333333335,9609.0,81418.5,-31492.8,15396.667,-26040.0
1960,17969.8167,6884.5236,5854.6367,11803.04,-0.0733,119096,38635.0,3,1129.6666666666667,3572.85,30183.333,-11745.867,5648.333,-9688.833
1961,28189.5467,6968.3936,5106.8917,11893.9767,-0.4133,185720,33283.5,3,1765.0,5571.58,47176.333,-18273.533,8825.0,-15109.833
1962,31458.5233,6599.6102,5386.565,10837.5767,-0.54,207611,35488.2,3,1953.3333333333333,6228.29,52773.833,-20412.6,9766.667,-16897.667
1963,32251.74,7415.4781,4668.1433,10998.3,-0.0733,213059,30376.3,3,2052.3333333333335,6391.74,53944.5,-21034.0,10261.667,-17312.167
1964,24727.92,7234.5721,5394.2683,13802.595,-0.76,161735,35860.5,3,1558.0,4852.02,41121.0,-15898.6,7790.0,-13136.5
1965,26165.3967,7089.9108,6172.6517,9990.09,-0.8233,172552,40180.5,3,1637.3333333333333,5176.53,43818.167,-16983.133,8186.667,-14032.833
1966,28913.89,8334.7018,6617.1167,12803.31,-0.54,192257,43217.7,3,1790.6666666666667,5767.69,48779.167,-18939.8,8953.333,-15646.5
1967,23362.59,6466.6288,6107.675,12784.36,-0.71,152647,39983.5,3,1496.0,4579.39,38737.5,-15034.467,7480.0,-12399.833
1968,29392.1533,8259.6866,6051.4633,7507.4683,-1.39,196432,39783.7,3,1798.3333333333333,5892.92,49851.0,-19345.933,8991.667,-15997.5
1969,35592.1767,8040.3919,6473.0417,11549.9,-0.54,236505,42763.5,3,2190.3333333333335,7095.11,60068.333,-23273.6,10951.667,-19249.333
1970,25161.9133,5420.4762,842.07,12052.8767,-0.9233,167074,5201.7,3,1563.3333333333333,5012.18,42393.667,-16457.267,7816.667,-13603.333
1971,23664.8667,5400.9536,917.3367,9893.27,-0.3067,156404,6060.0,3,1469.0,4692.1,39742.833,-15383.733,7345.0,-12731.333
1972,30844.0933,7161.1392,5070.805,13990.355,-0.83,203036,33326.2,3,1971.0,6091.06,51426.167,-20036.8,9855.0,-16491.333
1973,26028.09,7228.4394,5261.1583,7541.5117,-0.6467,171674,35513.5,3,1627.6666666666667,5150.19,43602.167,-16893.933,8138.333,-13968.667
1974,29999.4467,6374.3545,2738.2283,13890.575,-0.0733,195174,17522.5,3,1948.3333333333333,5855.18,49489.167,-19239.067,9741.667,-15847.5
1975,25363.0833,5945.3393,1795.32,14381.4117,-0.15,170963,11490.0,6,1534.3333333333333,5128.85,43349.0,-16852.933,7671.667,-13933.5
1976,22646.9333,6230.3534,5390.37,10150.99,-0.54,148558,36050.0,3,1437.3333333333333,4456.7,37706.5,-14628.933,7186.667,-12074.0
1977,35943.6667,6328.5396,4315.065,8142.4533,0.1267,238634,28804.8,6,2229.6666666666665,7159.0,60562.167,-23502.0,11148.333,-19423.833
1978,32044.2167,7898.0922,6890.325,11956.705,-0.54,211726,45943.5,3,2003.6666666666667,6351.75,53740.833,-20848.867,10018.333,-17217.833
1979,24351.7067,5874.9358,4541.73,9816.0517,-0.54,159739,29797.0,3,1553.6666666666667,4792.14,40513.833,-15742.267,7768.333,-12980.333
1980,22645.5933,6057.7106,4347.48,10534.325,-0.54,148836,28508.7,3,1425.6666666666667,4465.06,37799.5,-14647.467,7128.333,-12099.833
1981,33959.57,6363.0248,3866.5467,9381.3517,-0.0733,226500,25400.3,3,2099.3333333333335,6794.97,57436.5,-22325.4,10496.667,-18443.167
1982,37291.5367,7601.9443,6770.7267,9414.4167,0.9667,246960,44351.3,16,2304.6666666666665,7408.77,62751.5,-24291.4,11523.333,-20100.667
1983,24580.4567,6031.9223,4138.8183,11195.33,-0.54,162967,27118.8,3,1521.0,4888.99,41388.167,-16038.2,7605.0,-13263.5
1984,30640.8133,8091.1244,6248.78,12584.295,-0.54,204234,41498.7,3,1891.0,6126.98,51808.5,-20123.333,9455.0,-16626.333
1985,39410.13,8759.7322,5389.1333,17283.1617,-0.54,260489,35526.0,3,2449.3333333333335,7814.63,66174.333,-25628.0,12246.667,-21197.5
1986,29746.9167,7612.4924,6425.5633,12526.33,-0.54,198169,42605.3,3,1830.0,5945.05,50304.333,-19512.133,9150.0,-16140.333
1987,22307.0567,5693.7496,1649.3683,12439.7967,-0.71,148021,10843.8,3,1396.0,4440.59,37527.333,-14593.2,6980.0,-12047.667
1988,39324.7533,7426.8273,3164.845,12626.0167,-0.4133,257928,20675.8,3,2489.6666666666665,7737.82,65488.167,-25390.4,12448.333,-20959.167
1989,30171.4667,6452.6972,3831.6467,7708.17,-0.54,201801,25670.3,3,1849.3333333333333,6054.0,51188.333,-19884.867,9246.667,-16432.667
1990,29253.7467,8402.3493,7180.3,11725.3067,-0.72,193784,47829.3,3,1824.3333333333333,5813.48,49175.833,-19086.4,9121.667,-15770.833
1991,26775.0933,5165.6615,248.0583,8571.145,-0.54,177653,1685.2,3,1676.6666666666667,5329.56,45037.833,-17515.467,8383.333,-14460.167
1992,24149.9467,6313.8575,4216.4983,9718.9167,-0.71,160710,28147.7,3,1493.6666666666667,4821.28,40779.333,-15830.333,7468.333,-13088.667
1993,34997.72,6397.4323,4053.5783,12428.1983,-0.3067,235485,27267.5,3,2132.6666666666665,7064.52,59682.167,-23224.133,10663.333,-19188.167
1994,26719.9833,5639.0017,727.4517,12654.5733,-0.0733,178239,4657.2,3,1637.0,5347.15,45249.667,-17548.0,8185.0,-14513.833
1995,27397.7033,6021.1103,4701.59,12275.8833,1.5933,183030,30895.7,3,1680.6666666666667,5490.87,46440.833,-18029.667,8403.333,-14907.667
1996,38724.1567,5101.851,73.8233,15392.3633,-0.7167,255281,489.0,3,2390.3333333333335,7658.39,64966.0,-25069.733,11951.667,-20782.167
1997,32493.9,4632.6221,1601.28,6431.4917,-0.54,216664,10613.7,3,2004.3333333333333,6499.9,54962.167,-21348.0,10021.667,-17641.833
1998,28703.7667,5949.0902,1296.8533,12490.8583,-0.3067,190821,8591.7,3,1777.6666666666667,5724.6,48423.0,-18795.0,8888.333,-15537.167
1999,21487.24,4779.1256,57.7633,11847.7167,-0.4133,143769,387.5,3,1306.0,4313.04,36507.5,-14150.8,6530.0,-11712.5
2000,32389.5867,5671.3847,726.9383,11421.9417,-0.54,214715,4829.5,3,2002.6666666666667,6441.42,54540.0,-21127.0,10013.333,-17478.167
2001,28634.87,7344.1186,4661.4517,6626.01,-0.3067,191507,31287.2,3,1761.6666666666667,5745.17,48556.333,-18878.8,8808.333,-15596.167
2002,31785.0567,4848.5382,440.3383,12780.2333,-0.67,210804,3004.5,3,1972.0,6324.09,53513.167,-20755.533,9860.0,-17156.667
2003,32212.4933,6537.6335,3200.835,11460.0517,0.6333,215216,20860.5,4,1978.3333333333333,6456.46,54597.0,-21204.467,9891.667,-17528.167
2004,28309.9167,6393.6985,3725.25,10951.9383,-1.07,187789,24063.7,3,1741.0,5633.65,47727.0,-18467.067,8705.0,-15288.667
2005,36443.9567,8341.0297,4753.3533,18759.2367,-0.71,242524,31731.7,3,2247.3333333333335,7275.69,61557.667,-23881.733,11236.667,-19744.333
2006,30684.18,6568.7231,4895.9867,9308.1517,-0.54,204914,32623.3,3,1903.0,6147.38,51919.667,-20214.867,9515.0,-16683.0
2007,35788.3633,7275.9507,5854.8417,15209.92,-0.3633,237225,38604.2,3,2213.0,7116.73,60253.833,-23343.533,11065.0,-19303.667
2008,29898.4533,7640.4461,5136.5733,12335.72,-0.3067,198775,34354.0,3,1857.3333333333333,5963.22,50421.0,-19586.6,9286.667,-16185.833
2009,22992.4067,7004.1671,5558.3783,11646.865,-0.8733,149346,37285.7,3,1477.3333333333333,4480.34,37947.167,-14690.267,7386.667,-12131.5
2010,22378.4767,7099.9684,5557.7333,15238.555,-0.3067,147661,37114.3,3,1394.0,4429.81,37517.333,-14525.333,6970.0,-12013.333
2011,42883.1333,5532.3682,82.0283,10932.805,-0.54,285238,619.2,3,2641.3333333333335,8557.1,72423.5,-28078.133,13206.667,-23226.0
2012,24723.6767,5238.2583,2262.81,11112.175,-0.54,163988,14119.7,3,1531.0,4919.61,41641.667,-16140.933,7655.0,-13351.667
2013,20712.8367,6017.7044,3636.1567,13063.3733,-1.1567,138223,24145.7,3,1268.0,4146.67,35091.667,-13608.0,6340.0,-11257.5
2014,33981.9233,6600.4274,1656.9983,11488.3417,-0.71,228561,11084.8,3,2076.6666666666665,6856.79,57907.333,-22549.2,10383.333,-18616.333
2015,40480.6133,7683.2513,4838.5633,11925.7917,-0.54,269030,32303.7,3,2491.0,8070.88,68329.5,-26474.267,12455.0,-21900.5
2016,51513.96,10771.8065,9923.9467,13567.7417,0.3533,343130,66418.7,9,3176.0,10293.86,87068.0,-33798.733,15880.0,-27929.167
2017,52194.27,8030.4468,5301.2283,8965.6917,-0.06,345357,35070.8,6,3233.0,10360.67,87744.0,-33973.733,16165.0,-28101.667
2018,30504.8667,7727.2906,5026.6083,13519.075,-0.54,203541,33420.2,3,1887.6666666666667,6106.2,51600.5,-20068.0,9438.333,-16572.167
2019,50510.4,6241.607,200.7217,8281.2283,-0.54,335938,1164.5,3,3118.6666666666665,10078.1,85271.667,-33078.867,15593.333,-27353.833
2020,25052.79,5980.4365,4441.18,12057.1433,-0.54,166564,29495.3,3,1552.0,4996.89,42262.167,-16407.933,7760.0,-13558.333
2021,23617.4267,6358.4471,5267.0633,10773.7883,0.4833,156530,34717.8,8,1469.0,4695.86,39731.667,-15413.267,7345.0,-12741.833
2022,38194.3633,7978.5745,2435.555,14947.8,-0.54,254339,15764.3,3,2353.6666666666665,7630.13,64557.833,-25044.6,11768.333,-20717.333
2023,32725.3867,8312.3347,4287.6933,19637.2183,-0.7667,218392,28723.0,3,1999.0,6551.72,55456.667,-21495.667,9995.0,-17782.333
2024,32072.4033,8546.1161,7505.7917,14820.72,-0.54,212463,50206.8,3,1995.0,6373.87,53935.5,-20918.467,9975.0,-17293.5
2025,44726.0033,8291.7413,5975.3933,12611.8017,-0.54,296720,39446.2,3,2759.6666666666665,8901.57,75379.833,-29192.067,13798.333,-24161.667
2026,33570.9333,7341.125,5952.095,12191.015,-0.0733,223644,39179.2,3,2080.0,6709.3,56715.0,-22042.867,10400.0,-18210.5
2027,26118.7067,7765.6287,6372.6533,11904.9267,-0.76,173872,42653.3,3,1617.6666666666667,5216.14,44101.333,-17133.933,8088.333,-14153.167
2028,39738.5567,7233.6805,4681.8833,16185.7,-1.05,263167,31231.0,3,2471.0,7894.99,66817.167,-25906.6,12355.0,-21422.0
2029,23430.7633,6425.8515,4066.5667,12971.375,-0.6467,155562,26974.3,3,1447.3333333333333,4666.83,39503.333,-15311.067,7236.667,-12665.0
2030,27298.9567,5455.8556,1584.0567,14389.12,-0.54,182101,10494.0,3,1676.3333333333333,5462.99,46219.0,-17932.533,8381.667,-14832.167
2031,27545.0967,6806.4615,1874.425,11487.7517,-0.4133,183752,12640.2,3,1693.3333333333333,5512.53,46628.667,-18098.933,8466.667,-14963.833
2032,21749.0767,5087.9341,824.1583,8597.29,-0.3667,143731,5403.5,3,1359.0,4311.91,36488.167,-14151.0,6795.0,-11695.0
2033,32506.1333,6495.2353,2070.2683,14372.1283,-0.54,215551,13717.2,3,2010.3333333333333,6466.5,54740.833,-21213.867,10051.667,-17539.0
2034,41994.4367,6223.5249,2558.9333,8970.4233,-0.54,280913,16835.2,3,2593.3333333333335,8427.37,71183.5,-27709.267,12966.667,-22873.833
2035,26699.1033,5172.9925,1275.0583,11822.19,-0.54,174707,8290.2,3,1683.0,5241.17,44425.667,-17171.067,8415.0,-14211.667
2036,35623.5667,7048.6481,3162.6167,11163.385,-1.39,235421,20967.2,3,2218.6666666666665,7062.6,59796.667,-23165.533,11093.333,-19163.5
2037,28512.82,5934.2779,2691.0467,13645.8383,-0.54,190502,17878.7,3,1755.3333333333333,5715.02,48312.0,-18775.533,8776.667,-15515.333
2038,30787.4133,6396.1569,4607.485,11128.7167,-0.3067,203750,30128.8,3,1919.6666666666667,6112.48,51718.333,-20062.733,9598.333,-16579.0
2039,26911.8567,7195.4048,3390.1017,17122.3017,-0.54,177447,22878.8,3,1693.0,5323.39,45036.5,-17474.867,8465.0,-14438.167
2040,25284.6967,6208.9612,1549.635,15527.5067,-0.71,167269,10360.5,3,1565.0,5018.03,42506.833,-16451.0,7825.0,-13614.167
2041,56405.1267,6723.3746,4930.9733,9669.545,-0.54,377676,32975.7,3,3451.0,11330.26,95802.0,-37214.467,17255.0,-30767.667
2042,26482.48,8534.1357,4353.885,16615.515,-0.58,177227,28570.5,5,1615.3333333333333,5316.78,44974.833,-17455.467,8076.667,-14430.333
2043,25744.0433,5573.5336,2454.2917,9881.78,-0.0733,170621,16186.8,3,1613.3333333333333,5118.61,43264.667,-16818.4,8066.667,-13887.5
2044,27167.8867,6196.2787,2007.085,13599.8183,1.1267,181528,13260.5,8,1681.0,5445.82,46002.667,-17904.6,8405.0,-14781.0
2045,20257.3633,5652.4778,4356.8717,10086.09,-0.3333,134792,29106.2,3,1253.3333333333333,4043.73,34197.167,-13279.533,6266.667,-10970.667
2046,42027.6967,8435.1973,6439.1883,10030.085,-0.6467,277919,40757.8,3,2632.3333333333335,8337.53,70516.0,-27377.333,13161.667,-22610.167
2047,44871.3867,7049.4913,4058.8783,12052.3717,-0.81,298002,27157.5,3,2772.3333333333335,8940.02,75658.0,-29337.133,13861.667,-24251.167
2048,25068.09,5234.9621,978.5017,10246.08,-0.54,168021,6462.2,3,1559.0,5040.59,42512.833,-16599.0,7795.0,-13681.333
2049,30379.38,6149.8352,5079.47,12952.8967,-0.3067,201100,34128.3,3,1889.0,6032.98,51066.167,-19793.6,9445.0,-16371.167
2050,43230.5767,7316.7515,3805.15,13454.1833,-0.3067,286021,25517.7,3,2711.3333333333335,8580.61,72544.333,-28186.533,13556.667,-23264.5
2051,26202.67,5915.7726,2842.3683,8517.82,-0.54,173450,19000.5,3,1615.6666666666667,5203.47,44094.667,-17052.133,8078.333,-14121.667
2052,35811.28,7191.5949,2186.1167,13936.7733,-0.54,240034,14459.3,3,2178.3333333333335,7200.98,60911.333,-23642.2,10891.667,-19550.5
2053,28116.0667,5779.6708,25.1467,12624.4233,-0.54,188094,181.7,3,1727.3333333333333,5642.8,47693.667,-18541.4,8636.667,-15315.667
2054,27243.1567,5368.7322,88.325,8590.2817,-0.71,180827,589.8,3,1693.3333333333333,5424.79,45884.167,-17811.8,8466.667,-14720.667
2055,20564.0467,5329.3003,3635.9217,10525.22,-0.54,135754,23551.2,3,1295.0,4072.58,34439.667,-13374.867,6475.0,-11048.333
2056,30899.1267,7255.7171,6540.785,11430.025,-0.54,205753,43930.7,3,1925.0,6172.56,52138.333,-20295.267,9625.0,-16741.5
2057,36479.7933,8242.8835,4174.0033,18073.0567,-0.88,242233,27968.3,3,2258.3333333333335,7266.96,61493.167,-23849.333,11291.667,-19722.667
2058,39577.2467,7576.1198,4736.8417,11478.6917,-0.54,262824,31254.2,3,2449.0,7884.68,66721.167,-25876.267,12245.0,-21397.333
2059,24775.2867,5615.5741,3465.11,8953.6483,-1.1567,167078,22999.7,3,1503.6666666666667,5012.32,42340.333,-16479.533,7518.333,-13616.167
2060,33678.5633,8398.3209,5074.875,8791.27,-0.3067,223505,33840.2,3,2073.3333333333335,6705.13,56790.0,-21985.067,10366.667,-18198.167
2061,29424.93,5987.9584,1291.03,11626.545,-0.54,197699,8580.5,3,1803.0,5930.93,50084.333,-19506.0,9015.0,-16099.333
2062,50360.51,9580.0983,5071.0917,14966.9683,-0.71,336358,33587.8,3,3091.0,10090.71,85347.667,-33132.533,15455.0,-27400.333
2063,39785.4133,6940.3106,4878.97,12616.6683,-0.3067,262664,32258.3,3,2479.3333333333335,7879.88,66719.833,-25844.8,12396.667,-21366.167
2064,27059.1767,7253.4474,7008.6217,10377.5633,-0.54,180285,46304.5,3,1672.3333333333333,5408.51,45729.0,-17765.333,8361.667,-14674.667
2065,30518.0533,6462.3821,1928.74,6028.3083,-0.54,202592,12729.0,3,1883.6666666666667,6077.72,51453.333,-19937.0,9418.333,-16494.333
2066,34126.31,6747.4204,4868.6517,9747.0467,-0.54,223821,32068.3,3,2137.6666666666665,6714.61,56911.167,-21999.8,10688.333,-18188.0
2067,32135.0533,8464.051,3965.5783,11966.2667,-0.71,212478,25907.5,3,2009.3333333333333,6374.32,53926.0,-20925.267,10046.667,-17286.667
2068,26725.2667,7825.2895,6212.415,11318.0967,-0.54,177434,41263.2,3,1663.0,5323.0,45009.5,-17483.067,8315.0,-14439.167
2069,26169.55,7188.5581,5328.8467,12603.6333,0.08,173016,35347.0,3,1632.0,5190.45,43924.5,-17033.4,8160.0,-14072.0
2070,25255.0033,6497.1197,3859.8083,5807.7983,-0.5667,167693,25293.5,7,1563.3333333333333,5030.77,42565.167,-16512.6,7816.667,-13645.0
2071,28797.88,7130.364,3450.9383,14791.6983,-0.54,189840,22767.8,3,1818.6666666666667,5695.18,48154.0,-18706.467,9093.333,-15438.167
2072,34020.01,7502.0204,4036.7167,14479.49,-0.54,225491,27482.7,3,2120.0,6764.71,57219.333,-22210.533,10600.0,-18353.5
2073,26365.5267,6571.6861,4565.295,12139.1017,-0.54,175893,30539.2,3,1618.6666666666667,5276.76,44639.667,-17322.733,8093.333,-14321.5
2074,37115.6967,6118.2522,3088.6917,8667.2033,-0.54,245905,20351.8,3,2312.0,7377.13,62403.667,-24219.6,11560.0,-20005.5
2075,25491.2633,6347.7182,4399.8717,14479.895,-0.54,169952,29137.8,3,1566.3333333333333,5098.53,43136.167,-16735.933,7831.667,-13839.167
2076,27893.5067,7278.6757,3983.3683,17321.7,-0.88,188132,25582.3,3,1672.3333333333333,5643.94,47750.5,-18526.267,8361.667,-15336.333
2077,32268.7533,6897.1515,6152.4583,12769.005,0.89,213515,41148.5,6,1996.0,6405.42,54263.333,-20997.667,9980.0,-17382.333
2078,43911.19,7293.0984,5342.845,9323.8567,-0.54,291981,35294.2,3,2708.0,8759.39,74130.667,-28743.867,13540.0,-23775.0
2079,35262.6167,9013.2155,8081.29,13041.065,-0.9233,232913,53297.5,3,2198.6666666666665,6987.35,59157.0,-22919.733,10993.333,-18955.333
2080,26904.4433,6132.4171,1675.49,10376.3683,-0.0733,180598,11162.3,3,1647.3333333333333,5417.91,45772.833,-17810.467,8236.667,-14712.5
2081,28082.8767,7660.1397,7954.525,12593.5717,-0.54,187411,53000.2,3,1721.6666666666667,5622.31,47567.5,-18455.267,8608.333,-15260.0
2082,43287.1133,6698.1669,4461.4733,9742.155,-0.3067,286824,31443.7,3,2689.6666666666665,8604.68,72813.333,-28239.4,13448.333,-23339.833
2083,31861.81,9188.5007,8627.205,11377.8783,-0.54,213748,57424.5,3,1938.3333333333333,6412.41,54225.833,-21059.267,9691.667,-17408.833
2084,42811.5133,10908.0146,10056.91,17458.6967,-0.7667,285780,66966.3,3,2631.0,8573.38,72504.667,-28154.2,13155.0,-23267.333
2085,55925.1333,8216.6498,4850.4317,17144.035,-0.54,373938,31821.8,3,3417.0,11218.1,94901.833,-36826.8,17085.0,-30453.0
2086,49755.6133,9741.8828,8549.4817,13369.6817,-0.3067,329577,57633.2,3,3122.3333333333335,9887.28,83562.667,-32490.333,15611.667,-26815.667
2087,31788.0333,8855.7344,7398.6967,13377.17,-0.0733,211631,48923.7,3,1985.0,6348.9,53619.167,-20878.533,9925.0,-17226.5
2088,29832.3833,8284.6687,6641.4217,16818.2467,-0.3567,197764,44694.5,3,1872.3333333333333,5879.15,49805.667,-19272.267,9361.667,-15941.833
2089,47187.04,8087.9515,6611.0583,11577.5117,-0.9233,313959,44450.7,3,2917.0,9418.74,79664.0,-30926.2,14585.0,-25554.5
2090,51497.12,8446.5053,5879.1433,12601.0433,-0.54,337995,39059.7,3,3249.3333333333335,10139.82,85854.5,-33257.2,16246.667,-27486.667
2091,26823.1633,10779.3835,11499.3433,14973.9367,-0.4767,177685,76054.5,4,1670.6666666666667,5330.53,45093.0,-17499.867,8353.333,-14453.833
2092,30293.1867,6387.1851,4865.1517,8103.6533,-0.54,202105,32156.8,3,1857.0,6063.12,51304.333,-19899.267,9285.0,-16460.0
2093,29381.39,6886.4927,5749.32,11817.99,-0.54,194257,37783.3,3,1839.0,5827.69,49293.333,-19134.133,9195.0,-15800.5
2094,39164.0733,6876.8009,4838.1233,9215.8917,-0.54,260386,32236.3,3,2400.6666666666665,7811.54,66165.833,-25610.8,12003.333,-21205.833
2095,30627.34,9356.1759,8744.2483,10302.2217,-0.5967,203342,58708.2,3,1897.0,6100.24,51618.5,-20021.067,9485.0,-16555.333
2096,26250.07,7238.4596,7672.1183,9075.975,-0.54,174583,50598.8,3,1623.3333333333333,5237.47,44301.5,-17196.067,8116.667,-14209.5
2097,21095.79,6110.4963,3538.0933,15796.03,-0.4067,139844,23539.7,3,1312.0,4195.29,35492.0,-13772.0,6560.0,-11379.5
2098,33449.6033,8976.7469,8531.175,13134.875,-0.54,220103,56700.2,3,2114.0,6603.07,55853.833,-21679.133,10570.0,-17898.167
2099,49389.6433,9974.4549,6775.6933,10971.0283,-0.3067,329471,44849.7,3,3047.0,9884.11,83564.5,-32468.467,15235.0,-26825.5
2100,54347.4133,8504.6678,7305.605,13853.4617,-0.54,359894,48544.5,3,3387.0,10796.78,91343.0,-35441.533,16935.0,-29285.833
2101,23806.95,9360.6829,8558.9317,17270.75,-0.88,157966,57441.5,3,1481.3333333333333,4738.95,40080.5,-15561.0,7406.667,-12858.167
2102,29606.12,7716.3527,4797.77,10730.3667,-0.69,196805,31715.0,3,1840.6666666666667,5904.12,49912.5,-19396.0,9203.333,-16017.833
2103,30786.29,7084.7033,2851.2583,12073.0217,-0.88,204577,18895.2,3,1928.3333333333333,6137.29,51835.333,-20181.333,9641.667,-16646.667
2104,28452.32,6018.8906,1238.9133,12746.8783,-0.54,190445,8010.3,3,1730.3333333333333,5713.32,48352.5,-18748.0,8651.667,-15517.167
2105,31855.2,8690.1601,3183.6783,13276.3767,-0.3067,209798,21195.8,3,1992.6666666666667,6293.9,53304.167,-20637.867,9963.333,-17068.333
2106,31329.3733,8688.2338,6234.42,10618.2717,-0.5633,207612,41308.3,4,1946.0,6228.34,52711.667,-20437.8,9730.0,-16902.833
2107,27668.6767,8296.0079,7082.3633,16944.61,-0.54,182721,46752.0,3,1736.0,5481.61,46370.0,-17996.267,8680.0,-14866.667
2108,53140.49,8506.4769,8205.985,12998.23,-0.0733,355537,54518.8,3,3263.6666666666665,10666.09,90151.333,-35046.933,16318.333,-28948.333
2109,30646.9733,7752.5453,3970.57,11592.4267,-0.54,202109,26373.3,3,1917.3333333333333,6063.24,51331.333,-19889.267,9586.667,-16445.0
2110,37891.0667,7624.977,4356.655,12485.9867,-0.0733,250761,29031.2,3,2364.3333333333335,7522.8,63649.5,-24692.4,11821.667,-20410.5
2111,26511.3867,5981.2895,4894.5317,9462.3817,-0.54,174785,32564.8,3,1664.6666666666667,5243.52,44377.167,-17206.133,8323.333,-14226.5
2112,35498.1067,8126.6632,6159.565,7720.9533,-0.0733,236259,40434.8,3,2187.6666666666665,7087.74,59975.833,-23261.467,10938.333,-19242.333
2113,23294.1333,7282.1611,5992.7083,9604.3517,-0.7533,152518,39981.7,7,1473.3333333333333,4575.5,38758.333,-15000.2,7366.667,-12406.167
2114,38998.2567,9264.8963,7570.615,20699.765,-0.7667,260631,50274.8,3,2429.0,7818.89,65985.0,-25732.133,12145.0,-21218.5
2115,31866.3867,6377.1231,3318.7,11092.8967,2.1967,210125,22314.3,15,1995.0,6303.72,53364.167,-20679.333,9975.0,-17097.167
2116,27357.8867,9144.7725,8167.57,16746.5167,-0.7667,184008,54030.0,3,1674.6666666666667,5520.22,46607.5,-18158.667,8373.333,-14984.5
2117,31058.4467,8886.349,8438.3117,12054.3367,-0.3067,206694,55940.8,3,1928.3333333333333,6200.78,52416.833,-20372.0,9641.667,-16828.833
2118,29120.2467,7200.378,6220.6933,11713.98,-0.54,192977,40726.3,3,1813.0,5789.28,48980.5,-19003.2,9065.0,-15711.333
2119,25108.5067,4461.0573,86.73,14846.8033,-0.7667,166926,488.7,3,1559.3333333333333,5007.74,42345.167,-16447.067,7796.667,-13594.0
2120,24826.23,3946.3371,74.24,9298.0683,-0.54,161542,507.3,3,1582.0,4846.23,41076.0,-15878.0,7910.0,-13128.0
2121,21206.71,4276.1517,126.1,10170.26,-0.3067,140155,807.7,3,1323.3333333333333,4204.61,35587.167,-13796.067,6616.667,-11405.667
2122,38788.7233,6409.8537,254.39,11534.75,-0.54,257401,1675.7,3,2403.3333333333335,7721.99,65346.333,-25341.6,12016.667,-20954.667
2123,19201.4033,3793.0482,64.97,10635.825,-0.54,127553,333.0,3,1207.6666666666667,3826.57,32309.167,-12587.0,6038.333,-10385.667
2124,28395.4167,4761.8953,21.4333,13993.2483,-0.54,187269,142.8,3,1768.0,5618.05,47590.167,-18417.8,8840.0,-15235.0
2125,29693.6133,6896.0261,2484.075,11695.8383,-0.54,194887,16365.2,3,1877.6666666666667,5846.58,49487.333,-19182.467,9388.333,-15846.167
2126,24988.25,5747.5197,1693.2417,11608.1367,-0.4067,165569,11236.8,3,1562.0,4967.05,41998.5,-16314.467,7810.0,-13472.833
2127,35825.0933,7392.7534,3764.81,14114.0183,-0.7667,234503,25173.0,3,2278.3333333333335,7035.06,59544.5,-23082.8,11391.667,-19063.333
2128,31919.2267,6765.0639,4198.24,11182.71,-0.3067,209893,27585.5,3,2006.6666666666667,6296.76,53314.333,-20652.867,10033.333,-17072.333
2129,18317.1733,5119.4948,4209.1833,7709.9283,-0.54,121162,27766.0,3,1154.3333333333333,3634.84,30712.0,-11947.667,5771.667,-9853.667
2130,39577.1467,6458.435,1118.145,11213.0883,-0.54,263134,6979.2,3,2488.3333333333335,7893.98,66618.5,-25979.333,12441.667,-21397.667
2131,26170.23,6154.6639,3218.3283,11627.8067,-0.0733,173959,21357.5,3,1627.6666666666667,5218.73,44114.333,-17146.0,8138.333,-14155.167
2132,39384.1033,8012.1417,5980.4417,13900.43,-0.3067,261183,39326.8,3,2452.0,7835.47,66276.167,-25726.2,12260.0,-21261.333
2133,21789.4733,4897.9065,1495.5283,7623.5017,-0.8133,144862,9527.5,5,1362.6666666666667,4345.84,36706.5,-14289.867,6813.333,-11786.333
2134,52861.56,7335.6492,5480.1617,13795.9817,-0.59,350673,36234.2,3,3301.3333333333335,10520.16,88928.333,-34563.267,16506.667,-28530.333
2135,32593.9667,7914.6211,5908.6283,12153.0817,-0.2033,217381,39284.2,6,2008.6666666666667,6521.4,55151.5,-21415.6,10043.333,-17706.667
2136,29422.7733,4852.9307,2242.35,8129.0417,-0.54,193902,14909.3,3,1827.3333333333333,5817.04,49303.0,-19059.267,9136.667,-15774.667
2137,27537.81,6002.3157,750.08,16128.9817,-0.54,182305,4863.7,3,1724.3333333333333,5469.11,46247.833,-17961.8,8621.667,-14839.0
2138,35341.66,6078.5287,1548.085,9003.25,-1.04,235366,10233.8,3,2192.0,7060.96,59678.667,-23201.8,10960.0,-19156.167
2139,33928.4733,5520.9519,737.705,12126.1683,-0.54,224999,4757.8,3,2093.0,6749.94,57167.5,-22132.8,10465.0,-18321.167
2140,30890.89,5661.0977,1446.315,13971.8967,-0.54,204167,9469.8,3,1943.3333333333333,6124.99,51779.667,-20121.6,9716.667,-16608.833
2141,18383.8167,4177.0881,1177.2883,3771.255,-0.0733,121433,7584.5,3,1153.6666666666667,3642.95,30814.333,-11960.8,5768.333,-9881.0
2142,31853.3767,8994.5695,8674.6383,14019.53,-0.54,212421,57211.2,3,1965.6666666666667,6372.61,53873.833,-20934.733,9828.333,-17286.667
2143,34561.8033,9179.8738,7336.6367,12251.395,0.44,230123,48161.7,9,2124.0,6903.67,58427.0,-22653.867,10620.0,-18735.0
2144,36544.1167,7398.6791,5790.555,11180.8417,4.4867,245546,38534.5,18,2213.0,7366.35,62300.333,-24189.067,11065.0,-19998.5
2145,39179.3333,8585.4904,6703.4317,11041.0583,-0.54,260314,44783.2,3,2453.3333333333335,7809.4,65967.0,-25676.067,12266.667,-21187.667
2146,24991.0733,6931.341,4063.095,14618.835,-0.9933,165866,26345.8,3,1553.0,4975.94,42089.833,-16337.2,7765.0,-13502.5
2147,40650.9667,5670.6682,1269.275,7238.0533,-0.0733,270441,8351.8,3,2551.6666666666665,8113.2,68478.667,-26696.733,12758.333,-22002.5
2148,55633.3067,8565.8836,5427.7167,20283.4833,-0.69,370082,35862.7,3,3459.3333333333335,11102.44,93840.833,-36480.133,17296.667,-30126.5
2149,32332.8267,8320.4195,6369.08,17537.905,-0.7667,214890,42473.7,3,1995.0,6446.66,54561.5,-21153.333,9975.0,-17497.0
2150,40790.2667,8473.8211,5062.0317,13301.4917,-0.1867,272811,34071.5,3,2505.3333333333335,8184.3,69185.833,-26887.867,12526.667,-22218.667
2151,46689.35,6250.6548,204.455,16515.3017,-0.54,311613,1344.5,3,2891.0,9348.35,78978.833,-30731.0,14455.0,-25361.833
2152,29629.75,7096.5662,2495.6283,15191.595,-0.54,198139,16417.5,3,1830.3333333333333,5944.15,50207.833,-19544.733,9151.667,-16129.167
2153,34120.75,7739.0727,3469.4333,14605.8683,-0.54,226563,22844.3,3,2138.6666666666665,6796.85,57419.0,-22344.933,10693.333,-18443.5
2154,31226.4933,8416.168,6164.9583,14025.71,-0.54,209006,40435.2,3,1915.0,6270.16,53008.167,-20598.0,9575.0,-17028.833
2155,34013.5733,8792.9795,6333.06,9538.4283,-0.6333,225256,41852.3,3,2117.3333333333335,6757.64,57176.0,-22180.733,10586.667,-18326.0
2156,36646.8967,7212.7573,4661.3183,13754.61,-0.54,242325,31123.8,3,2292.3333333333335,7269.73,61491.833,-23868.333,11461.667,-19708.0
2157,36291.7367,7033.2733,4060.6317,9953.2583,-0.54,243020,26813.2,3,2234.6666666666665,7290.57,61593.333,-23966.667,11173.333,-19798.833
2158,30441.11,6209.29,2223.2933,10009.7583,-0.69,204031,14996.3,3,1862.0,6120.91,51737.833,-20111.133,9310.0,-16616.5
2159,25668.7267,5929.0468,1276.8767,14186.5717,-0.54,171040,8858.0,3,1586.0,5131.16,43390.833,-16851.6,7930.0,-13931.667
2160,30081.5067,7514.9188,3903.36,10603.9367,-0.54,201246,26156.3,3,1833.6666666666667,6037.34,51083.667,-19815.667,9168.333,-16392.167
2161,29862.46,6509.0051,3223.2817,11990.9633,-0.3567,198246,21404.8,3,1863.3333333333333,5947.36,50267.167,-19542.4,9316.667,-16126.333
2162,40854.7267,7628.5849,4766.5317,12760.41,-0.6733,273756,31431.5,3,2503.3333333333335,8212.66,69411.667,-26986.6,12516.667,-22299.667
2163,28371.82,4905.3962,78.2533,13649.555,-0.54,188432,526.7,3,1742.0,5652.92,47881.0,-18533.933,8710.0,-15338.167
2164,24333.5067,4830.7109,862.445,8638.6167,-0.0733,163329,5544.2,3,1485.0,4899.84,41411.167,-16101.333,7425.0,-13301.167
2165,26192.4167,5296.9587,1961.7983,11830.8917,0.7767,176516,12796.5,3,1601.3333333333333,5295.45,44693.333,-17425.867,8006.667,-14377.167
2166,21691.71,4303.0379,338.8133,10506.5633,-0.54,145338,1998.2,3,1318.0,4360.11,36891.333,-14311.067,6590.0,-11838.667
2167,44005.0233,4729.7319,98.1883,11569.205,-0.54,294924,639.5,3,2708.6666666666665,8847.69,74724.5,-29095.0,13543.333,-24015.5
2168,29267.86,5091.7255,24.3,9713.255,-0.54,195156,184.5,3,1809.3333333333333,5854.66,49490.333,-19235.133,9046.667,-15888.667
2169,21145.4167,5402.6535,628.9617,13106.9467,-0.54,140143,4165.8,3,1327.6666666666667,4204.25,35527.167,-13817.667,6638.333,-11406.667
2170,25259.2467,5031.7957,1406.41,11599.6633,-0.54,169494,8903.0,3,1545.6666666666667,5084.78,42960.5,-16714.533,7728.333,-13799.833
2171,25338.6767,6505.9342,4487.54,17527.5117,-0.7667,169891,29880.7,3,1552.0,5096.71,43069.333,-16750.533,7760.0,-13836.833
2172,30842.6233,4739.4755,49.6383,14824.795,-0.54,206107,350.5,3,1914.6666666666667,6183.19,52205.167,-20339.4,9573.333,-16779.667
2173,27470.5367,5164.0267,913.725,9443.3667,-0.3067,181317,6034.7,3,1730.0,5439.47,45996.0,-17864.933,8650.0,-14750.0
2174,26895.6767,5384.3745,280.125,13723.3667,-0.54,179205,1901.8,3,1676.6666666666667,5376.11,45405.0,-17678.933,8383.333,-14589.833
2175,37754.4867,4742.4645,310.0267,8631.1867,-0.2433,251062,1958.0,4,2342.6666666666665,7531.82,63681.667,-24739.667,11713.333,-20432.667
2176,32380.25,6122.0615,2238.8883,6797.0817,-0.54,214369,14504.5,3,2010.6666666666667,6431.05,54441.0,-21097.467,10053.333,-17447.667
2177,30169.52,6364.4519,1803.1583,13419.9133,-0.4133,199562,12230.2,3,1879.0,5986.82,50673.833,-19642.8,9395.0,-16243.333
2178,24353.98,5449.3655,429.18,15671.4033,-0.59,163724,2785.3,3,1479.0,4911.68,41520.5,-16136.533,7395.0,-13336.667
2179,31414.3133,6603.2363,313.4,16032.8783,0.16,208140,1939.3,3,1960.3333333333333,6244.18,52812.167,-20503.2,9801.667,-16940.5
2180,48061.1433,8947.1937,6208.575,16721.0933,-0.54,320581,40960.2,3,2961.6666666666665,9617.41,81328.333,-31584.933,14808.333,-26108.0
2181,27298.03,6009.0862,432.0683,13832.65,-0.1867,183082,2860.5,4,1660.3333333333333,5492.43,46450.833,-18036.067,8301.667,-14910.833
2182,46460.9067,7213.1587,1164.245,13618.3233,-0.54,308236,7819.2,3,2880.0,9247.04,78255.833,-30344.8,14400.0,-25097.167
2183,32175.4533,6139.4956,2777.61,10766.5417,-0.54,214262,18208.0,3,1999.6666666666667,6427.82,54317.833,-21125.2,9998.333,-17443.333
2184,28808.8667,5507.3103,2789.7483,14113.5467,-0.54,191868,18751.5,3,1774.6666666666667,5756.0,48698.5,-18894.133,8873.333,-15624.833
2185,33852.42,6231.0182,1529.9417,14895.0483,-0.88,224285,10066.8,3,2129.0,6728.52,56846.833,-22118.267,10645.0,-18249.667
2186,43168.8033,7284.7163,5223.095,12841.45,0.94,288467,34634.2,11,2664.0,8653.97,73129.167,-28441.667,13320.0,-23492.667
2187,37801.9067,6745.1055,1760.55,15001.8683,-0.54,251902,11369.3,3,2335.6666666666665,7557.04,63901.667,-24819.8,11678.333,-20515.333
2188,31826.0867,6724.5054,3933.51,11822.245,-0.54,211932,26101.3,3,1956.3333333333333,6357.92,53807.5,-20863.333,9781.667,-17257.667
2189,35138.29,5654.5805,1723.0,9321.145,-0.54,234417,11431.3,3,2169.0,7032.49,59446.5,-23104.867,10845.0,-19080.833
2190,43278.6867,8668.7009,6424.8267,14165.725,-0.54,287885,42868.0,3,2692.6666666666665,8636.52,72990.833,-28380.667,13463.333,-23431.333
2191,30808.5533,6302.4628,1455.93,14317.675,-0.0733,206355,9792.0,3,1880.6666666666667,6190.62,52353.167,-20329.733,9403.333,-16808.833
2192,23823.4067,4582.6189,17.7217,10785.595,-0.3067,159556,131.2,3,1449.3333333333333,4786.64,40499.333,-15711.4,7246.667,-12997.833
2193,29665.9233,5960.6141,604.3183,18192.2483,-0.54,199037,3871.0,3,1827.0,5971.09,50408.667,-19644.0,9135.0,-16204.833
2194,20322.2633,5903.7054,2510.7417,12646.505,-0.54,136242,16876.8,3,1252.3333333333333,4087.23,34513.167,-13443.133,6261.667,-11096.667
2195,24270.56,6065.841,1313.37,14975.32,-1.22,162316,8623.3,3,1483.0,4869.46,41193.0,-15986.067,7415.0,-13220.833
2196,62775.91,7345.8107,2741.8683,17678.3983,-0.7667,416628,18393.8,3,3893.6666666666665,12498.81,105755.5,-41023.4,19468.333,-33923.333
2197,23865.9433,5856.5879,2861.9967,12806.6267,-0.0667,159638,18988.7,4,1463.0,4789.11,40494.0,-15730.0,7315.0,-13002.167
2198,39915.2167,6308.9437,1547.3667,12760.2183,-0.3067,267046,10187.7,3,2439.3333333333335,8011.35,67764.333,-26303.467,12196.667,-21753.667
2199,22257.8467,4629.5992,1061.8383,11715.2067,-0.0733,148147,6867.8,3,1364.6666666666667,4444.38,37631.333,-14576.867,6823.333,-12064.333
2200,37301.1467,5935.3321,933.735,13158.555,-0.0733,248847,6168.8,3,2309.6666666666665,7465.38,63078.333,-24538.067,11548.333,-20252.833
2201,36330.44,7821.6435,757.3017,21363.95,-0.54,240819,4940.5,3,2256.0,7224.54,61133.0,-23710.6,11280.0,-19596.5
2202,26922.8367,6257.4518,5060.77,8057.31,0.9933,179667,33880.0,11,1671.0,5389.97,45532.167,-17720.467,8355.0,-14633.833
2203,30444.5867,6813.5869,2906.5083,11014.6333,-0.76,202145,19123.5,3,1869.3333333333333,6064.32,51374.833,-19879.067,9346.667,-16462.167
2204,28714.8133,8112.8303,4411.7917,14600.67,-0.54,191807,29373.5,3,1782.0,5754.18,48592.167,-18924.533,8910.0,-15617.0
2205,26534.4467,6236.0735,936.5033,12136.0517,-0.54,177344,6335.0,3,1654.0,5320.28,44893.5,-17511.333,8270.0,-14438.0
2206,31046.7667,6046.6807,1239.57,14847.1033,-0.9367,208821,8328.3,3,1896.6666666666667,6264.6,52906.333,-20601.667,9483.333,-17005.833
2207,28551.4267,6102.8928,2244.265,13772.7033,-0.54,190141,14704.8,3,1754.3333333333333,5684.06,48150.333,-18633.8,8771.667,-15420.833
2208,23601.8967,7287.0747,5442.775,8043.1533,-0.54,158962,36313.5,3,1434.0,4768.83,40288.667,-15676.933,7170.0,-12948.667
2209,26178.92,6650.0153,2931.2333,11692.0483,-0.0733,174108,19089.3,3,1610.0,5223.22,44219.667,-17133.8,8050.0,-14180.167
2210,35628.6133,8005.8434,6467.0167,14276.4983,-0.2933,237484,42746.0,3,2174.0,7124.48,60336.333,-23362.2,10870.0,-19340.0
2211,26018.4433,6407.83,4698.11,11185.0283,-0.4933,173245,30748.0,3,1612.0,5197.31,43940.167,-17072.867,8060.0,-14106.167
2212,36587.19,7807.4373,4706.2617,14316.87,-0.54,243234,31247.5,3,2261.3333333333335,7296.99,61742.5,-23949.8,11306.667,-19809.167
2213,24795.23,6006.3997,3224.3983,11276.415,-0.54,166032,21373.2,3,1514.0,4980.93,42129.667,-16354.533,7570.0,-13530.833
2214,28161.2467,6428.6675,1749.0383,10560.7767,-0.3067,187394,11681.2,3,1732.6666666666667,5621.78,47580.5,-18446.533,8663.333,-15257.833
2215,22020.9267,6758.0482,4764.7117,13017.9067,-0.54,146480,31957.5,3,1367.3333333333333,4394.36,37150.0,-14435.933,6836.667,-11924.167
2216,35137.0833,6419.099,335.22,17340.2167,-0.13,234589,2016.7,3,2162.0,7037.65,59508.667,-23114.4,10810.0,-19104.833
2217,30220.77,8713.782,7177.8983,9208.5033,-1.0867,201633,48018.2,3,1866.3333333333333,6048.97,51133.667,-19873.2,9331.667,-16420.333
2218,31846.9667,9927.6607,9932.17,13571.8383,-0.54,212174,66050.2,3,1964.3333333333333,6365.2,53840.333,-20898.733,9821.667,-17281.5
2219,33396.3533,8571.1837,6374.835,11541.59,-0.3067,223528,42843.8,3,2043.0,6705.82,56705.5,-22023.467,10215.0,-18206.5
2220,39221.5967,10959.3685,9168.945,12057.565,-0.54,262539,60925.3,3,2401.0,7876.13,66594.667,-25869.867,12005.0,-21384.333
2221,37354.0767,8921.5537,7536.0183,11953.995,-0.7667,247491,50110.5,4,2305.3333333333335,7424.71,62896.167,-24339.8,11526.667,-20153.667
2222,49129.12,8770.5981,7427.84,8071.3133,-0.54,329022,49279.0,3,3004.0,9870.62,83465.833,-32418.0,15020.0,-26809.333
2223,31169.1267,6753.4647,5539.2517,7445.8383,-0.54,207753,36997.2,3,1916.0,6232.56,52733.333,-20457.267,9580.0,-16919.5
2224,35614.6533,8193.8766,6889.1367,14059.8817,-0.54,237152,45072.7,3,2202.6666666666665,7114.52,60164.5,-23364.533,11013.333,-19313.167
2225,29626.6533,7075.297,5245.0017,11373.3467,-0.54,197365,35178.8,3,1822.6666666666667,5920.92,50096.833,-19434.267,9113.333,-16070.167
2226,35309.2567,8400.1864,6575.1217,12389.4317,-0.9333,234661,44284.5,3,2189.0,7039.79,59542.333,-23115.2,10945.0,-19102.667
2227,27009.8933,6562.8357,4810.8217,11667.555,0.06,178293,31661.7,6,1692.6666666666667,5348.76,45258.5,-17555.2,8463.333,-14505.5
2228,36494.17,7722.3859,7094.3467,17579.0567,-0.54,243570,47445.3,3,2258.6666666666665,7307.07,61744.0,-24016.4,11293.333,-19833.833
2229,34504.0467,8536.8064,7306.3517,14812.8767,-0.54,229694,48138.8,3,2148.0,6890.78,58223.333,-22649.4,10740.0,-18700.667
2230,34742.7867,9482.6121,6048.9233,13789.535,-0.54,230922,40600.7,3,2166.0,6927.62,58542.5,-22767.333,10830.0,-18790.0
2231,38059.73,8414.6415,5008.525,15912.645,-0.0733,250332,33590.2,3,2381.0,7509.93,63624.667,-24616.533,11905.0,-20363.333
2232,40653.0767,8242.7665,5850.0317,11032.7233,-0.54,270975,39303.2,3,2503.0,8129.21,68762.0,-26690.133,12515.0,-22063.0
2233,28980.66,7524.2435,4878.6367,15444.33,-1.05,192493,32790.0,3,1787.6666666666667,5774.76,48882.5,-18945.6,8938.333,-15669.333
2234,28845.7033,8188.4389,7002.0467,10862.7683,-0.34,190903,46458.7,3,1799.3333333333333,5727.07,48458.667,-18797.2,8996.667,-15539.5
2235,40880.65,9726.192,7728.9483,11563.0567,-0.6067,271256,50949.8,3,2543.6666666666665,8137.65,68823.833,-26721.667,12718.333,-22077.5
2236,29065.2933,6732.8057,473.205,12194.6667,-0.54,194840,3167.8,3,1776.6666666666667,5845.16,49410.167,-19203.867,8883.333,-15869.5
2237,31177.5967,6406.4398,3548.055,11351.785,-0.54,209592,23317.8,3,1906.0,6287.73,53111.5,-20673.8,9530.0,-17077.833
2238,26391.6567,8969.8689,6681.2883,17029.7117,-0.54,174397,44417.8,3,1655.0,5231.89,44256.833,-17176.733,8275.0,-14195.333
2239,33330.69,9179.3203,6240.8233,11594.88,-0.6467,220917,42015.7,5,2069.3333333333335,6627.49,56090.0,-21747.467,10346.667,-17986.0
2240,35402.38,8670.3431,5642.9083,13558.1017,-0.54,237204,38013.0,3,2165.6666666666665,7116.08,60157.167,-23377.867,10828.333,-19321.333
2241,36263.26,8253.1391,3905.0417,15889.0817,-0.54,240356,25595.2,3,2271.0,7210.66,60953.833,-23689.733,11355.0,-19566.5
2242,30061.3367,8220.0334,7519.0083,9353.2783,-0.3067,200380,49810.2,3,1855.3333333333333,6011.37,50835.333,-19741.867,9276.667,-16320.167
2243,27318.3,5672.959,2316.2967,8718.945,-1.04,181144,15493.7,3,1703.3333333333333,5434.3,45958.833,-17845.333,8516.667,-14746.167
2244,46446.47,8126.2771,4341.265,13240.285,-0.0733,309140,28838.2,3,2864.3333333333335,9274.17,78460.333,-30443.867,14321.667,-25165.833
2245,30931.8,9207.2079,7035.7983,10116.6833,-0.3067,205938,47186.5,3,1908.6666666666667,6178.1,52260.167,-20283.467,9543.333,-16766.333
2246,41849.15,8840.7506,4828.1867,10387.685,-0.54,278876,32248.3,3,2580.0,8366.25,70766.5,-27468.6,12900.0,-22715.0
2247,21866.9833,5174.9749,3311.705,7353.8167,-0.54,144526,21757.8,3,1362.3333333333333,4335.75,36706.5,-14222.6,6811.667,-11764.333
2248,33959.35,6059.7615,3421.4967,10587.225,-1.39,226673,22909.7,3,2125.0,6800.15,57373.5,-22385.133,10625.0,-18454.167
2249,19923.1867,5361.9558,4646.1617,8620.9683,-0.54,133028,30617.5,3,1220.0,3990.82,33764.667,-13099.8,6100.0,-10832.5
2250,44808.0967,7510.2125,3757.005,10564.88,-0.4133,295262,24661.2,3,2803.6666666666665,8857.83,75005.0,-29050.4,14018.333,-24022.667
2251,34045.57,7100.1087,4074.2433,7195.975,-0.54,227620,27188.0,3,2083.6666666666665,6828.57,57758.333,-22420.667,10418.333,-18539.0
2252,53885.8767,8512.2011,6379.1717,7475.245,-0.3067,361288,42662.8,3,3307.6666666666665,10838.61,91568.833,-35630.067,16538.333,-29429.833
2253,42885.27,6654.0683,94.5467,13079.6767,-1.08,284867,640.3,3,2656.6666666666665,8545.97,72298.667,-28053.867,13283.333,-23188.833
2254,39580.4333,8291.8803,862.6233,16192.6983,-0.54,259091,5597.3,3,2531.0,7772.7,65744.833,-25520.267,12655.0,-21071.833
2255,39222.69,10843.9981,10565.8467,16941.4433,-0.0733,261737,70398.7,3,2413.6666666666665,7852.09,66405.167,-25785.4,12068.333,-21317.5
2256,34032.28,7695.9962,6139.6383,11225.6033,-0.54,227367,40372.8,3,2090.6666666666665,6820.98,57676.333,-22402.867,10453.333,-18515.5
2257,49645.9467,8274.2857,7273.5367,13666.16,-0.6333,330287,48156.8,3,3050.6666666666665,9908.58,83882.333,-32504.467,15253.333,-26893.833
2258,48755.3233,9732.9442,7878.1433,15175.6233,-0.7667,324977,52248.0,4,2996.6666666666665,9749.29,82482.5,-32002.467,14983.333,-26457.333
2259,35564.3433,6857.0947,4651.2583,9680.4933,-1.33,236905,30713.5,3,2192.6666666666665,7107.11,60122.5,-23331.933,10963.333,-19296.667
2260,25521.58,7436.8341,6816.595,9048.2917,-0.54,170187,45346.0,3,1592.3333333333333,5105.58,43104.333,-16795.667,7961.667,-13854.333
2261,31688.8133,9150.2423,7313.465,9886.0783,-0.3067,211567,49054.8,3,1940.0,6346.98,53706.833,-20830.667,9700.0,-17234.333
2262,38668.2633,9812.5822,8336.6017,14420.9667,-0.54,256712,55377.2,3,2381.6666666666665,7701.33,65216.667,-25255.733,11908.333,-20902.333
2263,35152.42,8764.8153,8254.9433,13391.4783,0.6033,233255,54838.0,11,2162.0,6997.62,59277.0,-22940.2,10810.0,-18992.0
2264,30395.0033,6395.7921,4049.325,12139.6417,-0.69,202383,26950.2,3,1864.0,6071.47,51402.167,-19915.8,9320.0,-16482.833
2265,40002.9567,6553.1225,4238.565,8715.5867,-0.71,267167,28604.8,3,2474.0,8014.99,67724.0,-26343.867,12370.0,-21762.167
2266,25776.2733,6363.1072,3728.4817,10792.1233,-0.4767,171506,24661.5,3,1593.3333333333333,5145.14,43519.833,-16893.2,7966.667,-13962.167
2267,26260.81,6324.5083,4661.9783,9838.7333,-0.3067,176048,31080.8,3,1612.0,5281.41,44621.667,-17360.933,8060.0,-14341.333
2268,36769.38,6562.2936,3709.9917,11689.2483,-0.71,246970,24982.3,3,2263.0,7409.08,62542.167,-24377.2,11315.0,-20119.667
2269,24997.8833,7962.2572,5642.1433,14125.1233,-1.1567,165956,36961.3,3,1560.6666666666667,4968.55,42022.167,-16315.0,7803.333,-13481.167
2270,31616.09,5628.6553,673.9883,11345.61,-0.54,212331,4501.2,3,1913.0,6369.89,53890.0,-20910.133,9565.0,-17298.667
2271,31245.98,7923.1693,3993.76,12655.1617,-0.54,207640,26263.0,3,1930.3333333333333,6229.18,52719.667,-20440.2,9651.667,-16914.333
2272,37582.4033,7227.8717,4694.8317,10477.93,-0.3,248933,31355.5,4,2328.6666666666665,7467.97,63229.0,-24495.067,11643.333,-20262.833
2273,34045.6433,8172.0725,4765.2383,9495.77,-0.3067,226478,31752.8,3,2097.0,6794.31,57499.833,-22295.667,10485.0,-18437.833
2274,29338.7667,7054.0983,5546.5183,10346.1067,-0.6533,196814,36723.8,3,1788.0,5904.4,49921.833,-19394.133,8940.0,-16033.333
2275,38406.1967,8077.7874,5154.2633,17286.94,-0.54,255559,34065.3,3,2371.6666666666665,7666.73,64859.667,-25167.867,11858.333,-20810.667
2276,48464.68,6704.552,3303.8667,11980.335,-0.54,322367,20756.0,3,2995.3333333333335,9670.98,81810.667,-31749.133,14976.667,-26244.5
2277,53274.72,9317.103,4353.2967,18549.5883,-0.2433,353192,28840.3,4,3306.0,10595.72,89668.333,-34771.0,16530.0,-28748.333
2278,30342.8367,9369.0955,8377.17,14241.41,-0.8733,202843,55972.3,5,1855.3333333333333,6085.27,51475.167,-19978.6,9276.667,-16515.667
2279,58415.8133,9580.3811,6943.0867,14573.8667,1.8333,389050,46680.0,4,3627.0,11671.48,98644.333,-38352.333,18135.0,-31682.667
2280,47110.3367,9179.9789,5796.405,13274.935,0.6,312873,38334.5,8,2918.6666666666665,9386.17,79413.333,-30809.333,14593.333,-25473.167
2281,34813.3567,7203.7627,2792.0883,10562.7183,-0.54,230247,18244.5,3,2166.6666666666665,6907.39,58469.833,-22661.533,10833.333,-18735.667
2282,25008.1233,6101.9836,4762.2383,10079.3017,-0.54,165787,31349.5,3,1557.6666666666667,4973.59,42064.167,-16331.8,7788.333,-13486.167
2283,34354.3033,7548.9709,1466.0617,14449.63,-0.54,228717,9794.2,3,2125.6666666666665,6861.47,58028.333,-22532.0,10628.333,-18631.833
2284,28327.3733,6821.4629,5147.6117,13785.925,-0.54,187782,33995.8,3,1766.6666666666667,5633.44,47646.0,-18498.067,8833.333,-15287.333
2285,24706.7533,6337.7125,3404.4133,11590.56,-0.71,165252,23007.0,3,1515.0,4957.52,41915.167,-16284.267,7575.0,-13456.667
2286,22135.1667,7760.4825,5737.6633,16191.105,-0.54,147038,38090.3,3,1392.3333333333333,4411.1,37241.5,-14510.933,6961.667,-11968.167
2287,22639.5267,7264.7217,4175.7233,12065.8833,-0.54,151566,27999.0,3,1389.3333333333333,4546.96,38432.5,-14940.267,6946.667,-12346.333
2288,23566.9867,5831.0533,2059.285,11947.3217,-0.3067,156408,13857.2,3,1457.0,4692.22,39719.833,-15393.733,7285.0,-12736.333
2289,27328.93,7321.0271,5880.8817,12688.5717,-0.3067,181762,39064.8,3,1701.3333333333333,5452.83,46086.667,-17917.733,8506.667,-14799.5
2290,28740.4133,6578.9275,2368.3633,11710.2633,-0.54,192274,16068.3,3,1776.6666666666667,5768.18,48713.667,-18969.267,8883.333,-15655.5
2291,42550.3,7332.0223,6138.9533,11916.0967,-0.54,283834,40876.7,3,2614.0,8515.0,72033.333,-27953.533,13070.0,-23114.5
2292,38752.1467,7101.4079,3064.5933,10498.375,-0.54,257917,20251.3,3,2404.3333333333335,7737.48,65414.333,-25417.667,12021.667,-21003.667
2293,36112.48,8294.4913,6915.3933,14704.115,-0.3067,240094,45948.0,3,2244.6666666666665,7202.78,60894.0,-23661.133,11223.333,-19546.5
2294,31530.67,8677.9307,6563.205,18078.0717,-0.54,209407,43539.5,3,1938.6666666666667,6282.17,53206.667,-20598.667,9693.333,-17052.833
2295,32480.73,8877.7842,6575.385,11537.4783,-0.7667,216905,43435.5,3,1980.6666666666667,6507.13,55085.833,-21346.733,9903.333,-17668.833
2296,38455.58,7540.5171,5540.98,11575.195,0.16,255360,36665.3,3,2388.6666666666665,7660.78,64795.5,-25153.867,11943.333,-20790.167
2297,37266.11,8745.0629,8524.7817,11464.49,-0.88,250185,56968.2,5,2267.0,7505.51,63464.667,-24651.067,11335.0,-20388.0
2298,58233.5733,8769.5061,2934.4783,10950.1717,-0.6467,390489,19734.2,3,3560.0,11714.64,99021.833,-38489.067,17800.0,-31813.833
2299,43857.6033,7229.4883,1655.02,13620.235,-0.5333,290020,11006.7,3,2733.3333333333335,8700.57,73639.667,-28548.133,13666.667,-23601.167
2300,49985.44,9604.2611,4953.215,13865.8567,-0.54,329819,33033.2,3,3134.3333333333335,9894.54,83728.833,-32472.267,15671.667,-26837.333
2301,27943.6967,6903.6679,2887.5817,13309.3833,-0.54,186929,19071.5,3,1710.3333333333333,5607.83,47424.833,-18415.8,8551.667,-15224.833
2302,44566.73,6953.2735,833.24,14131.875,-0.54,296985,5467.3,3,2741.0,8909.53,75384.833,-29243.133,13705.0,-24189.5
2303,33035.9367,5813.5749,2167.09,11742.7233,-0.54,219297,14394.0,3,2047.0,6578.87,55669.333,-21591.6,10235.0,-17855.667
2304,36329.1967,7795.4294,4098.9783,7342.1917,0.4967,240942,26985.7,8,2278.6666666666665,7228.23,61077.167,-23757.533,11393.333,-19612.0
2305,34215.41,7438.8006,5009.0867,13054.725,-0.5733,230051,33461.8,3,2097.0,6901.51,58277.5,-22699.267,10485.0,-18749.333
2306,49441.7933,8456.2482,6908.2517,13203.3283,-0.6467,332096,46340.5,3,3031.0,9962.86,84138.833,-32763.733,15155.0,-27051.167
2307,32855.4867,9930.0762,8286.0667,11254.1667,-0.35,219825,54987.7,3,2035.6666666666667,6594.72,55680.667,-21692.733,10178.333,-17905.5
2308,39720.43,9282.3323,5775.435,12532.3733,-0.54,262315,38518.0,3,2472.6666666666665,7869.43,66641.833,-25806.333,12363.333,-21347.833
2309,38709.5867,7912.4046,6053.17,12321.5917,-0.54,259112,40226.7,3,2372.3333333333335,7773.32,65718.167,-25535.067,11861.667,-21108.5
2310,30892.1833,7466.1358,6518.8983,14627.175,-0.54,205733,43731.7,3,1909.0,6171.95,52195.667,-20268.267,9545.0,-16752.167
2311,45443.53,5521.8953,1312.0733,7609.2833,-0.54,304185,8482.3,3,2806.6666666666665,9125.53,77068.5,-30009.667,14033.333,-24774.167
2312,28280.98,7800.7425,5913.155,11976.245,-0.54,188337,39200.3,3,1752.0,5650.08,47763.667,-18561.933,8760.0,-15330.833
2313,34360.4133,5199.8492,2314.4633,8542.2117,0.74,229254,15228.7,8,2117.6666666666665,6877.58,58149.333,-22591.0,10588.333,-18663.833
2314,24845.5367,7465.239,5660.8883,14276.9683,-0.54,168110,38149.5,3,1500.0,5043.27,42592.333,-16585.067,7500.0,-13705.0
2315,26847.52,6013.5741,3255.0033,14109.0083,-0.3067,179628,21858.3,3,1649.6666666666667,5388.82,45548.0,-17706.467,8248.333,-14631.167
2316,32099.13,9994.2945,8801.3533,16762.31,-0.6333,212292,58743.3,3,1987.6666666666667,6368.73,53948.667,-20878.933,9938.333,-17277.667
2317,30587.0433,8309.6035,8187.695,11314.6367,-0.54,204851,54042.5,3,1868.0,6145.51,51967.0,-20183.467,9340.0,-16682.0
2318,48138.1267,9117.7246,6792.785,16000.67,-0.54,318823,45078.8,3,2991.3333333333335,9564.66,80952.667,-31383.533,14956.667,-25952.333
2319,45305.51,7349.6866,1844.9867,11697.7583,-0.54,302565,12691.7,3,2807.6666666666665,9076.91,76672.167,-29844.067,14038.333,-24637.833
2320,47102.3267,6186.8738,479.9083,11269.8667,-0.9133,313650,3223.5,3,2918.3333333333335,9409.46,79551.167,-30909.467,14591.667,-25540.5
2321,22632.42,4772.8879,488.1633,14054.0317,-0.54,150338,3372.0,3,1395.3333333333333,4510.12,38182.0,-14794.867,6976.667,-12241.5
2322,32673.94,8441.3268,6083.445,18773.2317,-0.54,215606,40609.8,3,2037.6666666666667,6468.14,54775.667,-21210.867,10188.333,-17547.333
2323,29771.4133,7438.2747,4569.1833,14146.4083,-0.9933,199367,30621.0,3,1832.0,5980.98,50528.333,-19662.067,9160.0,-16235.833
2324,54466.88,7929.9998,5960.8033,11044.5717,-0.54,361337,40013.3,3,3380.3333333333335,10840.08,91717.167,-35580.533,16901.667,-29411.5
2325,26633.8333,6151.7191,1463.6117,9454.545,-0.71,178301,9715.8,3,1650.0,5349.0,45154.667,-17598.333,8250.0,-14521.5
2326,34132.4667,5759.6323,695.6267,12221.6283,-0.54,225401,4659.7,3,2111.3333333333335,6762.0,57315.833,-22153.867,10556.667,-18348.167
2327,35198.5,6398.4357,1574.9333,7829.065,-0.9233,233791,10304.3,3,2171.0,7013.7,59371.667,-23009.533,10855.0,-19032.333
2328,30583.8167,8224.2527,6964.5083,15070.275,-0.54,203703,46388.5,3,1897.3333333333333,6111.05,51653.667,-20079.067,9486.667,-16588.5
2329,52024.5967,6272.6307,2063.8983,11257.5833,-0.88,345775,13633.2,3,3222.6666666666665,10373.23,87746.5,-34056.467,16113.333,-28152.0
2330,34018.32,8038.1596,3811.9183,11527.255,-0.54,225142,25562.2,3,2133.6666666666665,6754.22,57104.0,-22186.733,10668.333,-18321.5
2331,22020.2233,7076.9665,2823.045,18417.3083,-0.3067,145867,18597.5,3,1351.3333333333333,4375.99,37100.5,-14333.267,6756.667,-11879.667
2332,40479.49,6003.2677,1367.5233,11551.08,-0.54,272607,8632.3,3,2455.3333333333335,8178.19,69117.333,-26874.533,12276.667,-22218.167
2333,33216.6867,6274.6087,2503.08,16110.8767,-0.54,220495,16478.7,3,2049.6666666666665,6614.82,56003.0,-21697.8,10248.333,-17951.667
2334,33895.29,6060.0623,185.5167,19852.265,-0.54,228917,1111.0,3,2065.6666666666665,6867.49,57962.333,-22598.533,10328.333,-18664.333
2335,51083.01,6022.3033,355.245,7210.8633,-0.54,341515,2344.2,3,3134.6666666666665,10245.41,86632.167,-33650.067,15673.333,-27817.833
2336,32293.9233,6554.4638,3047.25,9070.9117,-0.3067,214797,20481.0,3,1991.3333333333333,6443.89,54528.333,-21148.133,9956.667,-17486.833
2337,37645.3233,5612.3227,567.8417,7652.3117,-0.54,250047,3823.5,3,2330.6666666666665,7501.39,63471.833,-24620.733,11653.333,-20360.5
2338,36112.35,8170.8387,365.9183,11618.4717,-0.54,238819,2438.8,3,2249.0,7164.55,60645.0,-23505.867,11245.0,-19436.333
2339,36167.04,7000.9471,802.455,17628.9167,-1.26,237999,4839.5,8,2267.3333333333335,7139.94,60465.167,-23413.733,11336.667,-19361.0
2340,42209.9767,6863.9256,925.6967,15367.6767,-0.54,281361,6323.7,3,2606.0,8440.81,71373.167,-27723.0,13030.0,-22911.0
2341,45520.3633,6389.8111,163.1117,11909.445,-0.54,302965,1154.2,3,2787.3333333333335,9088.93,76974.167,-29803.4,13936.667,-24676.0
2342,30546.89,6025.0856,482.8333,14391.0567,-0.4133,205164,3197.7,3,1872.6666666666667,6154.89,51977.833,-20241.667,9363.333,-16707.5
2343,23972.1467,5829.0705,2271.5517,12457.7733,-0.83,160580,14898.8,3,1460.3333333333333,4817.38,40748.333,-15816.733,7301.667,-13078.5
2344,39790.4167,7608.2422,4573.0567,9324.1483,-0.1933,265246,30199.0,3,2448.3333333333335,7957.35,67308.167,-26125.933,12241.667,-21590.833
2345,28107.4433,7372.0842,4725.9967,12739.3783,-0.6467,187275,31872.0,3,1738.0,5618.21,47500.833,-18454.6,8690.0,-15247.0
2346,48674.17,9342.6509,7528.5417,17282.8983,-0.58,324980,49870.2,3,2993.0,9749.37,82445.333,-32017.867,14965.0,-26467.667
2347,24413.0767,6677.8782,5448.0783,8898.7917,-0.54,162921,35562.5,3,1499.3333333333333,4887.61,41341.833,-16047.533,7496.667,-13265.5
2348,28221.93,6232.5385,4259.6967,12467.5883,-0.54,187979,27201.7,3,1751.0,5639.33,47657.5,-18532.733,8755.0,-15297.167
2349,39244.2333,7419.4439,2479.3033,14517.1983,-0.71,262781,16238.3,3,2441.3333333333335,7883.4,66507.167,-25953.333,12206.667,-21399.667
2350,33887.9833,8015.3136,4931.4017,11194.7633,-0.6467,225819,32387.7,3,2109.3333333333335,6774.55,57224.5,-22274.067,10546.667,-18383.667
2351,29881.15,7706.6819,6274.7533,13319.4167,-0.01,198948,41538.3,3,1851.0,5939.05,50286.167,-19479.4,9255.0,-16119.667
2352,42505.4933,8445.7969,5171.8367,10894.5967,-0.88,284953,34308.2,3,2615.0,8548.56,72199.667,-28110.733,13075.0,-23207.0
2353,30266.55,7466.5082,5546.77,15616.1983,-0.3067,201193,37768.3,3,1871.3333333333333,6035.75,51069.167,-19810.867,9356.667,-16384.167
2354,23975.29,4884.1831,16.3167,11348.9,-0.3067,159531,118.0,3,1492.0,4785.89,40441.333,-15729.6,7460.0,-12982.333
2355,35657.8533,5836.4381,85.4567,16908.1483,0.0533,235125,525.7,5,2236.0,7053.72,59702.0,-23144.2,11180.0,-19133.667
2356,26358.47,4731.8125,455.3367,11090.9517,1.07,177280,3058.3,3,1605.0,5318.37,44939.0,-17480.4,8025.0,-14443.5
2357,24885.3567,5675.7909,915.375,12911.2067,-0.3067,166391,5731.8,3,1543.3333333333333,4991.69,42145.333,-16420.0,7716.667,-13548.333
2358,23470.0467,3615.7976,518.2167,9133.3733,-0.9933,156820,3267.7,3,1455.6666666666667,4704.58,39727.167,-15473.2,7278.333,-12766.833
2359,61140.5567,8103.2112,4317.6483,13038.1217,-0.54,407334,29119.8,3,3777.6666666666665,12219.99,103329.667,-40134.933,18888.333,-33162.5
2360,36250.0267,6338.8969,3474.2867,13694.8383,-0.9233,241876,23186.7,8,2221.3333333333335,7256.26,61394.667,-23817.4,11106.667,-19690.167
2361,49535.0067,6344.1279,649.6467,9982.665,-1.2167,328019,4419.5,3,3068.0,9840.54,83322.333,-32274.867,15340.0,-26693.0
2362,36422.51,7134.8981,5838.97,15560.8233,-0.6467,244105,38538.3,4,2228.0,7323.11,61901.667,-24060.267,11140.0,-19882.0
2363,27705.68,5819.0283,2401.8233,13301.9583,-0.6467,185894,15869.0,3,1710.6666666666667,5576.78,47067.0,-18351.933,8553.333,-15139.5
2364,36306.41,5346.7457,29.4083,10613.2167,-0.9233,240321,180.2,3,2242.0,7209.61,61082.667,-23631.2,11210.0,-19564.667
2365,31230.25,4591.1947,458.635,11338.8317,-0.54,208583,2877.2,3,1927.0,6257.45,52888.333,-20561.2,9635.0,-16989.333
2366,29843.12,6719.6139,5941.355,11364.135,-0.4133,198912,39936.2,5,1836.0,5967.32,50481.167,-19589.867,9180.0,-16195.5
2367,23035.4267,4908.7783,2178.9217,10928.9417,-0.4067,152773,14334.5,3,1431.0,4583.16,38778.833,-15043.067,7155.0,-12438.5
2368,23601.35,4497.2203,790.9,13486.6633,-0.88,156166,4272.7,3,1449.6666666666667,4684.95,39724.0,-15343.6,7248.333,-12712.333
2369,52123.3333,8593.9833,6120.635,14699.25,-0.54,342524,40868.8,3,3274.3333333333335,10275.7,87033.333,-33691.533,16371.667,-27865.833
2370,20735.7833,4162.7376,38.7317,10546.1567,-0.3067,137986,241.5,3,1292.3333333333333,4139.55,34979.0,-13605.6,6461.667,-11238.833
2371,31430.43,6553.4277,1268.415,16223.35,-0.71,208495,8437.0,3,1928.3333333333333,6254.83,53002.5,-20498.067,9641.667,-16970.5
2372,37045.5333,6411.4263,2559.63,8642.3667,-0.54,247394,16977.0,3,2295.3333333333335,7421.8,62695.667,-24400.6,11476.667,-20148.0
2373,29896.8433,6025.1169,697.795,12467.0333,-0.54,199238,4504.2,3,1845.0,5977.11,50549.167,-19627.933,9225.0,-16226.5
2374,44012.8233,8036.8151,6255.0833,15512.33,-0.0733,293231,41739.3,3,2732.6666666666665,8796.89,74342.667,-28909.067,13663.333,-23881.0
2375,47178.5067,7313.5946,1654.7017,14999.1433,-0.7033,312472,11127.2,3,2935.0,9374.14,79326.667,-30763.8,14675.0,-25433.5
2376,27235.4067,7212.2275,1336.0017,21119.58,-0.54,179919,8880.5,3,1703.0,5397.54,45676.667,-17713.133,8515.0,-14640.667
2377,38304.43,8760.3969,7381.825,13608.8533,-0.0733,256902,48835.2,3,2347.0,7707.03,65122.0,-25331.6,11735.0,-20928.0
2378,26684.8133,5252.5229,985.545,9118.9467,-0.54,176557,6644.2,3,1656.3333333333333,5296.68,44848.0,-17372.2,8281.667,-14369.333
2379,36075.9867,9137.6998,7132.0783,11788.1067,-0.54,240408,47359.2,3,2214.0,7212.22,61039.0,-23666.067,11070.0,-19579.167
2380,29233.13,5681.7666,3682.1417,8659.2367,-0.6467,193195,23658.5,3,1819.6666666666667,5795.83,49075.5,-19008.867,9098.333,-15727.667
2381,33774.5067,7332.35,5376.2183,15562.9467,-0.3067,224056,35957.2,3,2113.3333333333335,6721.64,56810.0,-22087.133,10566.667,-18236.667
2382,36211.47,8772.9913,5681.6367,13281.335,-0.0733,240943,37483.3,3,2236.3333333333335,7228.27,61146.333,-23730.133,11181.667,-19614.667
2383,21564.6,5989.7517,3169.5833,11119.685,-0.5333,142441,20629.3,4,1340.0,4273.2,36197.333,-14009.267,6700.0,-11596.667
2384,38743.8733,6190.8763,702.0117,14359.6233,-0.54,258406,4587.5,3,2406.3333333333335,7752.14,65488.0,-25485.933,12031.667,-21042.0
2385,29680.8533,4751.443,189.3633,9376.0617,-0.54,197532,1250.3,3,1854.0,5925.92,50054.833,-19484.4,9270.0,-16085.5
2386,33809.98,8807.9632,5577.16,12543.0833,-0.0733,224357,36866.7,3,2128.3333333333335,6730.68,56823.0,-22142.2,10641.667,-18243.167
2387,24332.7633,7166.7739,5767.8583,9728.9967,-0.7667,161175,38263.5,3,1501.0,4835.23,40963.167,-15849.8,7505.0,-13120.833
2388,27805.1433,6363.8969,5053.7667,13302.655,-0.6467,186431,33131.0,3,1719.0,5592.91,47207.5,-18403.267,8595.0,-15187.0
2389,20567.4833,4936.2339,957.99,9063.9317,-0.54,136079,6454.0,3,1279.0,4082.35,34559.167,-13392.2,6395.0,-11076.833
2390,28824.5867,5524.5381,1738.33,9704.2383,-0.6467,191598,11770.3,3,1796.3333333333333,5747.92,48580.833,-18887.333,8981.667,-15598.5
2391,32822.2633,7425.71,3027.2117,18971.4483,-0.54,218319,20215.8,3,2056.0,6549.53,55303.667,-21542.267,10280.0,-17768.667
2392,29518.27,8688.3473,7473.4133,11580.2517,-0.3067,197990,49323.7,3,1807.6666666666667,5939.67,50184.833,-19524.067,9038.333,-16120.5
2393,27534.76,5153.0309,220.37,10964.39,-0.4667,184050,1360.0,3,1701.3333333333333,5521.46,46645.167,-18151.867,8506.667,-14986.667
2394,27714.96,6956.3001,5878.9817,13305.6783,-0.54,185830,39184.8,3,1701.0,5574.86,47096.333,-18327.4,8505.0,-15133.833
2395,35252.1067,6294.6765,4745.63,10613.455,-0.54,233756,31595.3,3,2188.6666666666665,7012.64,59339.833,-23015.2,10943.333,-19028.5
2396,48640.03,7632.5849,1991.71,17238.2433,-0.54,324902,13236.3,3,3003.3333333333335,9747.03,82373.5,-32031.0,15016.667,-26466.167
2397,36941.8967,5918.113,1561.7733,13185.6733,-0.54,247472,10360.7,3,2277.3333333333335,7424.13,62697.5,-24415.4,11386.667,-20151.0
2398,31318.4533,4803.3106,755.28,11383.7967,-0.71,209718,4943.7,3,1917.6666666666667,6291.52,53190.667,-20667.4,9588.333,-17084.667
2399,24244.2467,5541.0654,1903.87,14019.89,-0.54,161327,12470.0,3,1485.3333333333333,4839.78,40987.167,-15870.533,7426.667,-13138.833
2400,33324.6667,5988.4025,1658.0183,14124.255,-0.0733,222434,10842.2,3,2062.3333333333335,6673.0,56384.667,-21933.0,10311.667,-18111.667
2401,34770.4133,8890.167,7382.495,19748.5767,6.12,232180,49049.2,45,2168.0,6965.38,58786.5,-22921.467,10840.0,-18900.0
2402,47929.84,9073.0781,8313.3133,10450.7367,2.1167,319562,55243.7,19,2967.6666666666665,9586.84,81029.5,-31500.667,14838.333,-26024.167
2403,41713.44,10005.8973,7676.6783,13257.0017,2.7133,276112,51207.5,27,2609.3333333333335,8283.34,70055.167,-27200.4,13046.667,-22471.333
2404,24682.1067,8259.4915,8359.1383,10178.5217,0.6833,165899,56234.5,9,1502.0,4976.94,42066.167,-16353.333,7510.0,-13517.667
2405,28105.3467,8710.1686,9125.74,11263.14,0.01,186824,60357.3,8,1756.3333333333333,5604.68,47353.5,-18423.333,8781.667,-15211.167
2406,37755.03,12033.7815,9188.8367,8262.47,9.64,251235,61191.7,82,2345.0,7537.03,63708.5,-24763.667,11725.0,-20451.833
2407,32898.9867,10309.1169,8577.69,9666.125,2.89,219862,57192.3,17,2024.6666666666667,6595.82,55755.0,-21670.333,10123.333,-17904.833
2408,35250.0567,9705.2236,7699.8733,8044.225,2.1,234131,51254.0,12,2190.0,7023.89,59402.833,-23065.0,10950.0,-19061.667
2409,32599.35,9047.1406,7969.0233,7564.05,3.6467,217173,52800.0,16,2008.0,6515.15,55114.333,-21388.8,10040.0,-17681.333
2410,43830.12,9362.1406,6972.9667,8681.6517,7.43,289288,46366.0,49,2759.3333333333335,8678.62,73387.5,-28502.667,13796.667,-23530.0
2411,25980.81,8840.8597,8218.68,11102.255,4.8867,172845,55022.0,38,1626.0,5185.31,43788.167,-17053.667,8130.0,-14069.0
2412,58171.7433,9986.6121,9389.6,12468.6233,5.1,383935,62534.3,14,3619.6666666666665,11518.01,97567.5,-37759.933,18098.333,-31252.167
2413,49646.31,9116.1367,7842.0133,13510.9017,7.81,327851,52370.7,65,3107.6666666666665,9835.51,83230.167,-32278.2,15538.333,-26679.5
2414,26720.9367,10537.6339,10640.6083,12729.9117,2.7933,181200,71011.8,10,1622.0,5435.97,45847.833,-17900.867,8110.0,-14772.0
2415,39428.7633,11447.0009,8285.5933,12384.6533,1.3467,260435,55224.7,7,2470.3333333333335,7813.03,66099.5,-25647.267,12351.667,-21188.167
2416,35463.17,9543.3491,8714.79,10953.7983,1.32,236450,58192.3,11,2207.6666666666665,7093.47,59909.667,-23326.133,11038.333,-19252.167
2417,34327.52,9178.0119,7687.6417,9864.78,1.07,228645,51535.2,13,2117.0,6859.32,58021.333,-22520.467,10585.0,-18617.667
2418,29804.1867,8931.2461,7705.9267,12058.855,24.1733,197835,51681.3,179,1851.6666666666667,5935.02,50203.333,-19485.667,9258.333,-16106.833
2419,26775.3467,8997.7873,8340.2183,11670.9967,8.14,176297,54763.8,59,1677.0,5288.88,44789.667,-17343.533,8385.0,-14344.667
2420,49330.46,13271.3271,10930.4083,14659.9333,29.7433,328446,72836.8,121,3024.6666666666665,9853.36,83421.333,-32320.733,15123.333,-26746.833
2421,27282.4767,9682.8273,9171.1333,12126.0183,0.0533,178551,60694.3,5,1714.6666666666667,5356.51,45415.167,-17544.2,8573.333,-14518.333
2422,38911.0767,9751.8765,8167.1,16313.2983,2.97,259028,53986.0,13,2417.3333333333335,7770.81,65678.0,-25534.4,12086.667,-21090.0
2423,30359.9567,10257.0195,8911.3817,12000.3717,-0.3067,203334,59191.5,3,1855.0,6099.99,51579.833,-20034.867,9275.0,-16560.0
2424,39098.33,10463.7227,9162.3517,13888.895,5.0,260079,60167.2,24,2423.6666666666665,7802.33,65975.167,-25625.667,12118.333,-21171.833
2425,32369.0533,9596.2597,8378.9483,5749.33,1.8433,213245,55832.8,35,2043.3333333333333,6397.32,54107.667,-21005.933,10216.667,-17346.667
2426,34732.0767,11220.448,8563.055,16105.5333,7.1733,229618,57226.3,49,2161.3333333333335,6888.51,58320.833,-22595.267,10806.667,-18688.667
2427,27093.5933,10672.0673,11025.2483,10460.9567,14.6133,180960,73198.2,90,1678.6666666666667,5428.76,45855.667,-17849.667,8393.333,-14734.5
2428,34317.24,11129.4678,9840.2633,10513.2283,3.97,227692,65912.0,43,2129.0,6830.74,57797.833,-22419.333,10645.0,-18537.0
2429,29857.4767,8553.3666,8215.7717,6561.4483,19.76,199498,54651.2,86,1845.3333333333333,5984.91,50565.833,-19673.267,9226.667,-16246.667
2430,38889.0033,9744.3341,8470.2783,13507.5867,2.3267,260387,56209.2,14,2387.0,7811.57,66022.333,-25668.4,11935.0,-21211.5
2431,32524.3767,9764.709,9261.4133,9267.8317,2.6567,218511,61357.2,27,1988.3333333333333,6555.31,55385.0,-21548.267,9941.667,-17809.333
2432,37601.96,8498.0051,6528.105,8456.8383,1.7467,251513,43464.5,17,2327.6666666666665,7545.36,63716.333,-24816.067,11638.333,-20482.0
2433,30743.5667,8254.8632,6493.8933,8143.3883,-0.88,205264,43009.7,5,1899.3333333333333,6157.9,52040.5,-20236.667,9496.667,-16714.833
2434,20614.1567,7168.5567,7017.6517,10765.4267,-0.71,136917,45747.2,4,1280.3333333333333,4107.49,34737.0,-13488.667,6401.667,-11143.333
2435,36706.4033,10537.6125,10188.7867,14335.2967,-0.54,243123,68095.0,3,2307.3333333333335,7293.67,61632.667,-23971.6,11536.667,-19785.0
2436,27430.4167,8101.7751,6988.8467,9300.2133,-0.4133,181589,46645.3,5,1699.6666666666667,5447.65,46132.0,-17865.067,8498.333,-14782.5
2437,29992.5,11779.1491,11726.7867,18964.765,-0.18,199548,78143.3,5,1850.6666666666667,5986.4,50652.0,-19648.733,9253.333,-16250.5
2438,40261.5867,10480.8874,6935.1033,8124.6467,-0.2933,267015,46286.7,6,2525.6666666666665,8010.42,67680.833,-26330.667,12628.333,-21727.333
2439,25937.6233,9316.6775,8431.0033,10141.2133,2.7367,173317,55841.7,23,1599.0,5199.49,43939.0,-17087.867,7995.0,-14108.0
2440,31963.72,7173.9839,5389.3667,6945.4767,3.3233,212632,36184.3,14,1975.0,6378.92,53965.333,-20940.2,9875.0,-17315.333
2441,33223.6267,11032.0781,9693.9833,10045.2717,6.15,219466,63977.7,43,2069.3333333333335,6583.96,55738.167,-21598.0,10346.667,-17847.167
2442,33433.8433,10524.6993,9574.8083,10145.575,5.0067,223405,62716.8,49,2063.3333333333335,6702.11,56634.167,-22027.267,10316.667,-18191.833
2443,34362.1833,11322.0694,10445.9683,13181.8933,7.2267,231069,69053.8,30,2082.0,6932.05,58614.167,-22768.2,10410.0,-18825.833
2444,28419.5233,8985.8875,9105.61,13348.435,3.4533,188934,60181.5,22,1764.6666666666667,5667.99,47923.333,-18617.467,8823.333,-15377.667
2445,23509.9267,9256.2359,8406.3367,13331.1917,51.47,155316,55445.0,350,1475.6666666666667,4659.46,39412.667,-15298.2,7378.333,-12642.333
2446,27177.5133,10640.8115,10259.995,12104.8417,2.1167,180757,67437.5,19,1683.6666666666667,5422.68,45861.0,-17807.0,8418.333,-14717.5
2447,23823.2933,8777.4965,7464.12,11201.745,1.8467,157370,49513.7,14,1491.6666666666667,4721.06,39946.667,-15495.267,7458.333,-12807.5
2448,30525.7667,10434.2271,10333.6067,10333.6067,14.3467,203608,67999.0,117,1880.6666666666667,6108.2,51655.667,-20059.267,9403.333,-16582.167
2449,40643.2167,11842.2963,10623.335,14545.98,29.8267,270919,70732.2,196,2495.0,8127.55,68778.0,-26672.667,12475.0,-22064.667
2450,35386.4467,11487.7812,10542.3783,10506.8383,29.6133,239274,69864.3,157,2202.6666666666665,7178.18,60375.833,-23704.4,11013.333,-19476.5
2451,30981.22,9259.7623,8381.71,10004.7,3.2033,209835,55483.8,22,1919.0,6295.02,52957.167,-20784.133,9595.0,-17081.833
2452,33027.4867,10896.2135,10338.7667,8432.3317,11.8833,217505,68841.0,93,2061.3333333333335,6525.12,55282.167,-21388.133,10306.667,-17698.333
2453,25452.82,10668.7657,9757.79,11547.0717,5.2867,170388,65025.7,25,1582.3333333333333,5111.62,43126.333,-16827.133,7911.667,-13869.667
2454,20068.59,6684.8449,6215.505,10633.9883,2.1433,133567,41539.5,8,1238.6666666666667,4006.99,33898.5,-13154.067,6193.333,-10876.167
2455,44468.16,8599.4271,7584.445,9829.49,5.92,296896,50340.8,65,2709.6666666666665,8906.86,75411.0,-29214.867,13548.333,-24183.167
2456,27263.3167,10939.145,10844.86,13377.17,3.7567,181463,71856.3,17,1700.0,5443.85,45983.333,-17899.2,8500.0,-14764.667
2457,45614.6133,12087.561,10436.675,10596.8317,3.89,300287,68765.7,47,2856.0,9008.58,76280.667,-29545.133,14280.0,-24409.5
2458,23763.73,7526.9301,6369.835,9199.3683,2.9467,156799,42593.8,27,1491.0,4703.93,39808.833,-15436.2,7455.0,-12767.833
2459,33003.3767,9101.5523,7995.2917,11600.7767,2.1,220275,53338.5,31,2044.3333333333333,6608.21,55828.167,-21723.667,10221.667,-17931.0
2460,35307.6733,11912.3513,12338.4833,15191.4233,14.72,232619,82507.2,118,2201.0,6978.54,59121.5,-22875.2,11005.0,-18922.167
2461,31065.4167,9828.2789,7059.905,10042.59,10.7467,207936,46822.3,47,1913.0,6238.05,52706.0,-20504.8,9565.0,-16938.833
2462,35433.3833,10430.9225,9741.0867,10835.2567,0.2667,235976,64676.7,21,2192.0,7079.25,59861.667,-23250.533,10960.0,-19217.0
2463,31741.3167,10499.715,8208.6417,8423.88,3.1567,208883,53863.5,37,1989.0,6266.45,53069.333,-20548.8,9945.0,-16990.667
2464,28421.3867,10767.3938,8424.9033,18358.65,16.89,192615,56385.3,95,1772.6666666666667,5778.42,48562.0,-19098.2,8863.333,-15684.167
2465,29475.0367,8437.5153,7358.63,10087.3633,2.3267,196290,48395.3,23,1830.0,5888.67,49764.667,-19352.133,9150.0,-15976.167
2466,46385.4867,10258.4976,7917.8267,14342.405,2.9967,308612,51991.3,27,2894.6666666666665,9258.32,78209.167,-30438.667,14473.333,-25116.667
2467,28592.3433,10256.2559,9638.3,14336.88,4.8167,187951,64334.3,26,1787.3333333333333,5638.51,47781.5,-18477.667,8936.667,-15286.667
2468,37001.1967,7065.578,5600.175,9131.82,3.92,246275,37406.8,26,2280.0,7388.23,62511.333,-24250.533,11400.0,-20047.833
2469,28742.74,10601.9921,10300.9283,15063.6567,1.8033,192416,67272.5,23,1757.0,5772.44,48810.667,-18958.867,8785.0,-15666.5
2470,44338.64,9498.5059,8536.2133,8208.655,7.5433,292612,56898.7,47,2759.6666666666665,8778.34,74352.333,-28781.533,13798.333,-23808.833
2471,23468.4433,9201.7168,8702.7967,10198.6,2.0933,156021,57610.3,23,1449.6666666666667,4680.61,39604.0,-15362.667,7248.333,-12701.833
2472,36862.1633,8223.0263,7694.8133,11655.5917,13.2967,243365,51173.7,65,2301.6666666666665,7300.93,61800.333,-23952.933,11508.333,-19794.5
2473,35218.9367,9977.5952,10238.58,12281.7283,3.76,235403,68080.3,24,2161.0,7062.07,59716.333,-23194.133,10805.0,-19170.333
2474,23342.03,8937.6557,8806.66,9742.9867,1.3933,155405,58275.5,11,1443.0,4662.13,39429.5,-15309.267,7215.0,-12655.333
2475,32031.46,9486.0834,8682.125,9724.77,7.5333,213193,56791.8,69,1984.0,6395.76,54073.667,-21009.133,9920.0,-17348.833
2476,29310.3533,8299.2867,8391.705,11873.3967,-0.69,191905,55917.8,8,1833.3333333333333,5757.12,48840.167,-18844.933,9166.667,-15608.667
2477,38424.7533,9379.6776,6266.3533,15048.7517,3.8133,250955,41198.3,24,2426.3333333333335,7528.62,63832.0,-24658.2,12131.667,-20409.333
2478,26873.6033,10302.5746,8792.755,9002.2883,8.73,179850,57811.2,31,1643.6666666666667,5395.47,45632.833,-17716.867,8218.333,-14656.167
2479,32467.9533,8575.1965,6139.9117,16075.3833,1.72,215072,40469.0,5,2026.3333333333333,6452.12,54567.5,-21187.333,10131.667,-17496.0
2480,40892.1633,8715.3423,8225.2483,12693.5033,2.0367,271115,54814.8,23,2555.6666666666665,8133.43,68763.667,-26717.6,12778.333,-22065.667
2481,27600.0633,9322.7441,8222.79,14936.8033,3.3567,184342,54739.0,27,1704.6666666666667,5530.23,46731.833,-18175.667,8523.333,-15009.667
2482,27083.5167,9069.1867,8957.2917,12243.285,4.79,178936,59341.8,34,1686.6666666666667,5368.05,45455.0,-17605.2,8433.333,-14567.667
2483,19903.7933,6964.2091,5400.0217,8351.345,0.9433,130690,36206.8,8,1245.3333333333333,3920.66,33236.0,-12843.533,6226.667,-10636.0
2484,21865.4133,6486.4205,5682.23,7470.6633,-0.18,145077,37202.0,5,1369.3333333333333,4352.28,36780.5,-14303.2,6846.667,-11810.833
2485,35991.4467,7167.5646,6417.8017,8316.8833,4.4667,240224,42360.5,28,2231.6666666666665,7206.68,60874.167,-23695.067,11158.333,-19552.667
2486,37823.8333,8221.6583,6506.6817,7928.63,6.2067,250978,42901.5,56,2359.3333333333335,7529.3,63653.5,-24734.133,11796.667,-20421.5
2487,23269.2167,6514.1102,5873.0467,10361.8633,0.7033,153513,38138.7,13,1470.6666666666667,4605.35,38928.5,-15131.133,7353.333,-12486.833
2488,27261.58,7001.5867,5238.2333,12149.895,-0.6467,183564,33754.3,4,1650.6666666666667,5506.88,46547.333,-18093.8,8253.333,-14952.167
2489,27457.3267,7810.9787,5707.175,17127.8617,0.2433,182033,37545.2,8,1714.0,5460.96,46174.5,-17936.8,8570.0,-14811.333
2490,21025.8367,6004.6694,3761.295,11470.8133,-0.4767,139703,24782.5,4,1309.3333333333333,4191.07,35431.5,-13768.067,6546.667,-11375.333
2491,29446.39,5883.2636,3156.99,10182.7933,2.85,197594,20927.3,29,1825.3333333333333,5927.79,50005.167,-19516.733,9126.667,-16096.5
2492,21212.8133,5823.261,3419.6633,12909.9567,3.43,140594,22508.7,35,1325.3333333333333,4217.78,35664.833,-13852.8,6626.667,-11443.667
2493,39777.9367,7846.6145,4899.465,16183.96,10.9067,260900,32963.2,69,2492.6666666666665,7826.97,66337.0,-25645.2,12463.333,-21204.167
2494,27467.6933,8222.2487,8735.59,10794.1217,-0.4567,181920,58007.3,8,1715.6666666666667,5457.56,46156.0,-17921.533,8578.333,-14802.667
2495,46022.23,9688.9531,10154.0367,13571.1567,2.3833,303975,66821.7,29,2852.6666666666665,9119.23,77260.167,-29891.0,14263.333,-24729.5
2496,31237.3533,8026.7874,6512.6367,7748.2133,5.9,208788,42419.2,41,1916.0,6263.62,52966.0,-20571.267,9580.0,-17001.0
2497,20226.8467,7195.3327,6849.885,7610.4383,5.46,132644,45442.2,53,1283.3333333333333,3979.28,33667.833,-13061.6,6416.667,-10775.333
2498,22217.9933,8293.1221,7513.7283,11127.8717,2.1167,147386,49402.5,19,1380.3333333333333,4421.56,37407.167,-14514.4,6901.667,-11998.0
2499,24785.2433,7707.5243,6929.6633,11176.305,-0.71,167038,46065.3,4,1512.0,5011.11,42309.333,-16483.867,7560.0,-13611.333
2500,24615.51,6267.0359,3629.05,9413.0633,3.38,164678,23944.3,37,1504.6666666666667,4940.31,41784.5,-16221.8,7523.333,-13410.833
2501,33099.9333,8750.6074,7368.1667,8913.1583,3.1,219681,48837.7,31,2056.6666666666665,6590.4,55746.833,-21637.467,10283.333,-17883.167
2502,26364.8867,7913.5287,7224.315,8499.3067,1.24,173852,47778.2,19,1648.3333333333333,5215.52,44161.333,-17105.8,8241.667,-14147.833
2503,30821.3967,10539.7543,9074.4783,11760.8883,4.29,204649,60114.2,24,1914.3333333333333,6139.43,51928.0,-20158.533,9571.667,-16659.167
2504,37933.2733,11006.7187,10176.9117,14057.4867,3.6767,251919,66450.8,38,2341.0,7557.54,63975.5,-24793.6,11705.0,-20511.167
2505,39597.96,8491.3117,6584.7367,10595.8283,36.9133,263856,44353.3,260,2427.6666666666665,7915.66,67002.667,-25970.2,12138.333,-21488.5
2506,25929.9233,7934.5044,5847.22,6286.705,5.6333,173377,38539.0,51,1609.6666666666667,5177.39,43765.0,-17010.133,8048.333,-14050.667
2507,26754.89,9795.8642,9586.235,12722.79,-0.71,180337,63592.2,4,1620.0,5410.09,45721.5,-17778.867,8100.0,-14697.833
2508,41524.0533,10626.9704,10347.4883,11089.645,7.9467,279388,68949.5,49,2568.0,8381.62,70669.833,-27609.733,12840.0,-22757.667
2509,34915.5667,9660.2849,8404.1217,10145.5167,-0.2933,233228,55591.2,6,2174.6666666666665,6996.8,59054.5,-23023.733,10873.333,-18985.333
2510,31278.88,10705.8421,9107.9533,12744.065,4.3333,207920,60959.8,51,1926.3333333333333,6237.58,52798.833,-20464.533,9631.667,-16924.667
2511,30532.57,8754.9039,7833.4983,10334.015,1.7467,204530,51673.2,9,1861.0,6135.87,51901.333,-20145.467,9305.0,-16664.167
2512,28735.2,8433.8033,6853.8033,10766.735,-0.6467,191128,45511.7,5,1782.6666666666667,5733.8,48485.667,-18831.267,8913.333,-15566.333
2513,39046.8,8027.1086,6055.7633,8458.855,0.9433,259718,40445.3,8,2421.0,7791.5,65883.333,-25590.2,12105.0,-21142.833
2514,26751.2,6112.4091,3808.3017,8626.4333,2.7367,177598,24887.2,23,1677.0,5327.9,45008.333,-17516.2,8385.0,-14453.833
2515,28158.83,8355.0555,6676.405,10279.9833,4.46,187030,43951.2,30,1736.3333333333333,5600.83,47437.667,-18364.0,8681.667,-15197.333
2516,31629.7067,8631.4125,7235.025,10433.325,3.0233,209616,47243.5,24,1980.0,6288.44,53160.167,-20659.067,9900.0,-17059.833
2517,32126.34,8947.4649,7904.5383,9957.7733,4.5667,214632,51847.8,43,1974.0,6438.94,54448.833,-21146.933,9870.0,-17484.5
2518,41588.39,9002.1651,8097.2283,12615.315,6.0933,275361,53693.5,26,2620.0,8260.79,69782.667,-27159.067,13100.0,-22396.0
2519,34105.1467,10475.8985,10485.9967,14139.345,6.3667,225594,69834.2,34,2120.0,6767.78,57299.833,-22198.8,10600.0,-18363.667
2520,33549.5,9853.5857,8498.35,13014.665,3.7433,222574,55892.7,31,2074.0,6677.2,56527.5,-21903.867,10370.0,-18121.333
2521,25672.5933,11090.6211,10739.5967,8669.8433,2.6333,171970,71067.7,23,1581.3333333333333,5159.06,43573.667,-16964.467,7906.667,-14002.333
2522,33497.71,11119.4122,9144.6517,15251.1267,8.7333,220358,60672.2,54,2111.0,6610.71,55948.167,-21692.333,10555.0,-17923.833
2523,49399.02,11777.2441,10254.5133,15166.14,3.6167,327065,68853.7,26,3067.6666666666665,9811.92,83059.833,-32189.067,15338.333,-26622.0
2524,27648.9767,9559.5923,8660.4617,14624.63,2.25,182951,56854.2,16,1720.3333333333333,5488.51,46457.667,-18007.2,8601.667,-14891.667
2525,41076.8033,8563.7447,7220.0133,7733.4817,4.5633,275647,48002.0,45,2533.3333333333335,8269.37,69804.0,-27207.733,12666.667,-22455.5
2526,35258.9133,9288.0071,7761.55,9630.2483,7.8167,232820,51852.7,42,2191.0,6984.58,59160.167,-22900.0,10955.0,-18940.833
2527,31364.5,8018.808,5637.1967,10108.68,1.24,208071,37223.7,19,1954.6666666666667,6242.1,52784.0,-20500.6,9773.333,-16934.333
2528,29106.21,10636.3395,11083.5283,12164.6883,11.7033,193265,73848.3,97,1854.6666666666667,5797.91,48856.0,-19110.533,9273.333,-15710.5
2529,41921.9167,9996.6096,6438.1383,11256.5233,2.1967,281146,42797.8,15,2563.0,8434.35,71287.333,-27714.267,12815.0,-22900.5
2530,21469.69,8149.2441,7511.1217,9318.2283,2.32,142767,49212.8,12,1328.3333333333333,4282.99,36229.167,-14061.8,6641.667,-11622.333
2531,40340.3367,9314.7509,6686.575,10893.0633,-0.6467,261823,44324.8,5,2565.0,7854.67,66631.667,-25712.0,12825.0,-21259.0
2532,33987.9333,10345.7722,8441.89,15872.52,-0.54,226524,55717.3,3,2104.3333333333335,6795.7,57435.667,-22330.6,10521.667,-18434.5
2533,32788.6833,9004.8627,6960.9733,14111.2883,1.5733,218113,45174.0,12,2056.3333333333335,6543.35,55233.833,-21529.0,10281.667,-17741.167
2534,35437.1633,8837.8423,8593.31,14188.925,0.0533,235295,57163.0,5,2182.6666666666665,7058.83,59775.167,-23149.0,10913.333,-19161.167
2535,35135.7567,8666.7692,6540.7183,6562.6017,14.8833,235154,43365.5,56,2159.0,7054.59,59621.167,-23182.333,10795.0,-19152.667
2536,33356.1733,10034.8343,8141.1917,9907.6933,48.0833,223659,53990.2,353,2041.0,6709.74,56708.5,-22048.4,10205.0,-18218.667
2537,28043.54,8622.4807,6474.2133,10140.2433,2.3333,186816,42674.0,18,1742.6666666666667,5604.44,47346.833,-18424.4,8713.333,-15196.667
2538,28833.9567,8456.4817,7043.845,14216.28,1.0933,190257,45835.8,10,1798.3333333333333,5707.69,48338.5,-18716.067,8991.667,-15487.833
2539,33408.58,11571.8853,8787.175,13220.8233,24.16,224070,58430.7,206,2057.6666666666665,6722.08,56763.5,-22108.667,10288.333,-18256.667
2540,21787.7167,7245.7729,6940.845,8669.6717,3.5733,145016,46165.8,26,1337.0,4350.45,36831.167,-14270.733,6685.0,-11808.167
2541,46911.9133,10551.5669,8500.165,8433.8183,7.0367,313410,56696.2,60,2910.6666666666665,9402.28,79402.167,-30921.2,14553.333,-25524.667
2542,29237.9967,9606.5763,7935.69,7448.91,12.3967,193385,53225.7,69,1832.0,5801.53,49063.833,-19051.533,9160.0,-15735.833
2543,39091.4267,10009.0169,10140.085,15348.9433,5.5767,259403,67404.8,31,2413.3333333333335,7782.06,65888.667,-25525.133,12066.667,-21120.833
2544,28637.2433,8452.2077,7177.9533,11328.0533,-0.54,191521,47203.3,3,1762.3333333333333,5745.61,48556.833,-18881.533,8811.667,-15595.333
2545,28797.7633,8098.9555,5275.0833,13960.8033,4.13,191759,35081.0,15,1803.3333333333333,5752.73,48564.0,-18926.133,9016.667,-15609.5
2546,30108.98,7406.2558,5607.885,12092.6,-0.54,196237,37700.5,3,1915.0,5887.08,49884.5,-19293.6,9575.0,-15944.0
2547,35482.6033,10135.7037,9939.6733,13278.4617,1.5367,234767,65276.3,13,2227.0,7042.97,59534.5,-23139.533,11135.0,-19090.333
2548,30563.1433,10152.3046,8260.0183,10151.9383,2.1567,204135,54417.2,17,1866.3333333333333,6124.01,51825.167,-20096.867,9331.667,-16620.833
2549,31667.39,10212.6381,7802.8517,12100.545,19.9,210961,51800.5,158,1963.3333333333333,6328.79,53490.167,-20796.067,9816.667,-17172.167
2550,26908.97,8330.7721,8119.8367,8842.5117,4.6833,178700,53751.7,23,1676.0,5360.97,45324.167,-17610.333,8380.0,-14545.833
2551,27555.71,10538.9499,10008.755,10758.4533,12.84,183491,65889.5,112,1703.6666666666667,5504.71,46549.0,-18078.667,8518.333,-14937.667
2552,35054.8767,11483.4787,10696.9617,14449.2133,-0.4567,231095,71081.0,8,2207.6666666666665,6932.81,58647.5,-22759.933,11038.333,-18803.833
2553,29074.5367,10785.1193,9435.845,13524.665,12.8433,189923,62304.2,80,1822.0,5697.67,48349.667,-18644.8,9110.0,-15438.0
2554,35017.7067,9604.2336,7733.76,9559.2517,-0.54,232922,51112.0,3,2154.3333333333335,6987.64,59148.0,-22925.267,10771.667,-18964.333
2555,27512.5133,9047.4245,7957.3717,15445.6983,-0.71,182454,52769.5,4,1758.6666666666667,5473.58,46121.667,-18042.067,8793.333,-14834.0
2556,26173.9767,8961.1862,8315.8017,10157.19,1.5767,174521,54203.8,11,1646.6666666666667,5235.61,44153.667,-17242.8,8233.333,-14205.833
2557,33490.4933,8786.0221,7080.0217,11360.3483,3.2933,219420,46234.5,30,2095.0,6582.56,55828.0,-21552.733,10475.0,-17842.333
2558,41606.5367,9397.2005,8084.2117,7486.895,2.6333,274637,53704.2,22,2597.3333333333335,8239.07,69751.167,-27026.867,12986.667,-22343.5
2559,29354.08,10146.728,9830.4067,10752.8667,6.3033,192340,64535.7,47,1869.6666666666667,5770.18,48811.167,-18943.6,9348.333,-15632.0
2560,44055.0033,10305.7447,9686.775,9424.7217,-0.69,292147,65148.5,8,2737.0,8764.37,74156.167,-28766.867,13685.0,-23783.667
2561,36417.94,10297.4511,8142.1733,11432.47,0.5833,238829,53360.2,6,2293.3333333333335,7164.84,60696.0,-23487.4,11466.667,-19422.167
2562,25250.3967,8666.5849,7849.0417,10953.0067,4.3533,167445,52020.2,25,1578.3333333333333,5023.33,42471.167,-16500.6,7891.667,-13635.167
2563,41465.3933,9475.4597,8021.32,13149.8433,11.1367,275556,52943.3,80,2543.6666666666665,8266.66,70018.333,-27103.933,12718.333,-22434.0
2564,31928.7867,9784.8929,9648.1567,13696.73,20.17,210178,64660.7,105,2002.0,6305.32,53390.333,-20679.533,10010.0,-17097.333
2565,33087.5533,10989.6951,8623.0467,8704.0917,19.91,218318,56733.7,181,2058.0,6549.52,55479.667,-21471.8,10290.0,-17759.833
2566,32532.1,7543.0904,6405.7417,10138.9917,4.0833,219148,42333.5,19,1971.6666666666667,6574.4,55561.833,-21604.8,9858.333,-17857.667
2567,24320.6467,9493.7069,8942.15,8987.215,2.24,160964,58821.0,39,1514.3333333333333,4828.88,40867.5,-15845.733,7571.667,-13101.667
2568,34729.11,10539.469,9430.9317,13962.0733,4.3267,231481,60381.5,55,2129.3333333333335,6944.41,58775.333,-22786.133,10646.667,-18851.167
2569,23796.97,10228.1209,9933.565,14211.4183,16.1733,158760,66293.2,133,1472.3333333333333,4762.77,40250.5,-15651.8,7361.667,-12926.167
2570,33246.3067,11360.8155,12839.4983,15126.3017,-0.88,218476,84609.8,5,2089.3333333333335,6554.24,55504.667,-21493.267,10446.667,-17766.0
2571,36453.4667,11262.3071,9797.4533,11356.5667,1.6867,244711,64596.5,8,2227.3333333333335,7341.3,62035.5,-24128.0,11136.667,-19932.0
2572,37762.9367,12002.8733,10539.6533,9935.69,2.9467,249247,70095.0,27,2345.3333333333335,7477.37,63355.167,-24507.267,11726.667,-20289.0
2573,34009.2467,10470.5258,7782.6683,8541.5967,3.0967,226597,51775.5,24,2098.0,6797.88,57493.167,-22322.133,10490.0,-18449.667
2574,29883.74,8214.8935,6333.9383,10015.2067,2.2067,197969,41787.8,18,1859.0,5939.04,50253.333,-19492.467,9295.0,-16111.167
2575,35316.1167,8817.4703,7074.54,7746.0833,-0.54,233873,46669.0,3,2186.3333333333335,7016.15,59409.167,-23010.867,10931.667,-19030.0
2576,29435.3933,10028.3253,7164.2767,9498.6083,0.9133,196863,47138.0,10,1821.3333333333333,5905.86,49877.0,-19421.8,9106.667,-16032.333
2577,35457.4967,9090.5451,7244.6733,10766.055,-0.59,232449,48340.7,5,2248.6666666666665,6973.43,59019.5,-22881.933,11243.333,-18896.833
2578,37461.95,9805.6317,6340.1933,21480.425,-0.3567,246899,42179.7,5,2347.3333333333335,7406.95,62698.833,-24300.333,11736.667,-20080.167
2579,31068.7533,9647.6871,9169.8933,12192.1467,-0.3567,208008,60453.0,5,1901.6666666666667,6240.22,52764.667,-20495.8,9508.333,-16948.667
2580,28921.82,7951.8681,6787.9217,12063.4533,2.06,191472,44881.2,13,1801.3333333333333,5744.12,48603.833,-18852.8,9006.667,-15580.0
2581,31665.7433,9018.1646,7110.17,14902.0183,1.69,211715,47144.8,17,1935.0,6351.41,53732.333,-20850.0,9675.0,-17243.0
2582,36044.96,8475.9268,7424.1067,8658.9967,2.0767,237270,48998.7,4,2260.6666666666665,7118.06,60263.333,-23348.6,11303.333,-19291.167
2583,28012.1067,10783.2305,10489.0967,11777.08,7.9533,186876,69375.3,52,1707.3333333333333,5606.24,47472.5,-18386.133,8536.667,-15217.167
2584,38343.1767,9165.1284,7633.26,11744.5933,18.4833,250591,50763.7,143,2401.3333333333335,7517.71,63792.667,-24601.2,12006.667,-20372.667
2585,36269.39,12187.6906,11943.3183,9253.9433,5.9833,244824,79258.8,59,2204.0,7344.69,62021.667,-24156.133,11020.0,-19960.833
2586,36773.3733,10780.8811,9539.8183,10567.5733,1.7867,242212,62177.2,28,2293.0,7266.34,61563.333,-23817.133,11465.0,-19704.167
2587,26993.1967,9013.817,9313.0383,8576.915,2.02,179435,61249.5,22,1644.6666666666667,5383.03,45633.5,-17633.667,8223.333,-14613.0
2588,31764.1733,8084.67,7116.5117,14721.455,3.1567,211839,45989.2,37,1956.3333333333333,6355.14,53746.667,-20869.133,9781.667,-17250.167
2589,35885.72,7667.5927,5063.7967,7982.8267,1.1267,239722,33567.0,13,2230.6666666666665,7191.62,60714.833,-23658.4,11153.333,-19515.667
2590,25494.3933,7707.3549,7492.585,8110.4767,4.7,168380,49738.8,31,1583.6666666666667,5051.36,42784.5,-16562.133,7918.333,-13697.667
2591,40727.15,9406.8503,7159.3267,8751.2533,-0.2433,271223,47111.3,4,2555.3333333333335,8136.65,68660.5,-26780.333,12776.667,-22066.333
2592,28311.14,8452.2638,7610.3,9248.0683,4.9033,187246,50659.3,36,1734.6666666666667,5617.34,47651.5,-18388.533,8673.333,-15242.5
2593,30813.05,8172.7775,6540.7767,16413.3317,5.86,205663,43146.3,36,1891.6666666666667,6169.85,52188.5,-20257.133,9458.333,-16746.5
2594,37098.49,9097.2192,6852.4317,10918.635,3.2767,244914,44751.5,31,2306.6666666666665,7347.39,62236.833,-24088.067,11533.333,-19931.0
2595,32013.5633,10926.3892,9356.9883,13926.4517,1.9233,209982,61724.5,17,2014.3333333333333,6299.43,53359.667,-20652.533,10071.667,-17064.667
2596,34167.8967,8995.211,6471.635,14775.46,-0.5267,227995,42218.8,6,2103.0,6839.83,57844.5,-22461.267,10515.0,-18570.167
2597,47714.1667,8843.3479,6560.4067,11819.85,1.11,317624,43579.0,11,2961.6666666666665,9528.7,80544.167,-31307.2,14808.333,-25859.833
2598,29643.01,9306.5632,8052.86,12393.8567,5.6733,198575,53482.3,22,1805.0,5957.21,50394.333,-19557.2,9025.0,-16176.333
2599,35233.49,10675.9681,9630.6117,9779.1467,4.4767,233657,64793.3,41,2179.6666666666665,7009.69,59342.333,-22994.533,10898.333,-19022.333
2600,36931.1867,11853.1499,9664.09,13264.0067,1.73,245302,64298.2,15,2287.3333333333335,7359.02,62260.833,-24156.0,11436.667,-19969.333
2601,30712.5633,9693.4105,9473.1033,11320.96,5.29,203965,62741.7,47,1895.6666666666667,6118.93,51798.0,-20073.867,9478.333,-16608.833
2602,39690.7167,9753.5769,7879.6883,10799.4333,8.9233,262186,52219.5,94,2492.0,7865.55,66523.0,-25828.0,12460.0,-21329.833
2603,27890.2033,10311.9433,10597.0683,14700.835,-0.4133,185683,69630.5,5,1715.3333333333333,5570.47,47141.833,-18279.933,8576.667,-15118.833
2604,54398.6067,10637.0749,7954.2833,14979.1033,8.0433,358656,52791.2,48,3394.3333333333335,10759.64,91128.167,-35279.867,16971.667,-29181.0
2605,39336.93,9103.4636,7290.165,7738.4667,8.5233,262565,47653.2,37,2438.0,7876.93,66547.667,-25894.0,12190.0,-21383.667
2606,34290.0667,9154.9915,7263.8633,16609.8333,4.26,225904,48167.0,27,2148.3333333333335,6777.1,57373.333,-22231.533,10741.667,-18370.5
2607,38328.2533,10582.4794,9101.7233,9193.015,7.1567,255765,58906.0,48,2366.0,7672.92,64860.0,-25209.0,11830.0,-20825.667
2608,32812.3867,7023.0539,5686.0067,6476.485,1.9567,219108,37501.8,17,2017.6666666666667,6573.22,55585.0,-21587.667,10088.333,-17846.5
2609,47372.6733,9768.8277,8593.4333,9645.715,4.09,321306,58099.3,34,2869.6666666666665,9639.14,81319.167,-31733.467,14348.333,-26200.5
2610,41123.9167,11024.61,9729.7867,9636.4317,0.3567,272879,63993.3,7,2573.0,8186.35,69182.333,-26902.933,12865.0,-22206.833
2611,43160.2967,8795.6627,6982.52,13288.9467,3.4067,285579,45098.3,35,2688.6666666666665,8567.33,72500.5,-28115.533,13443.333,-23235.333
2612,36577.3067,9320.7241,8700.5167,8310.8433,4.0167,243499,57289.3,29,2276.0,7304.94,61725.0,-24009.8,11380.0,-19822.833
2613,34573.4,7904.9735,7535.34,11529.2183,0.18,227308,49047.3,7,2167.6666666666665,6819.2,57757.667,-22358.467,10838.333,-18483.333
2614,30479.13,8692.0765,7864.2083,12528.2033,2.1733,200792,52235.2,26,1916.3333333333333,6023.73,50974.5,-19768.6,9581.667,-16332.167
2615,31316.1933,9037.5567,8251.2783,9892.8383,3.88,208550,54688.3,34,1930.3333333333333,6256.46,52927.5,-20538.933,9651.667,-16980.5
2616,42301.1967,10700.8327,7837.7633,15930.755,3.0433,284759,51454.5,31,2563.6666666666665,8542.73,72211.333,-28067.2,12818.333,-23204.0
2617,40272.64,11495.5699,8822.2133,16027.3933,-0.71,269032,58447.0,4,2460.6666666666665,8070.94,68295.0,-26488.467,12303.333,-21908.167
2618,33349.35,11762.8797,10921.66,17372.7917,-0.6467,220909,71653.0,4,2080.3333333333335,6627.25,56064.5,-21756.067,10401.667,-17988.0
2619,40733.06,13000.6939,12279.6567,16167.2817,7.7367,270446,80635.7,53,2500.6666666666665,8113.36,68727.833,-26598.133,12503.333,-22013.333
2620,43263.5433,11068.8502,9207.645,11390.61,2.56,287585,61195.8,30,2684.3333333333335,8627.51,72956.167,-28334.467,13421.667,-23407.333
2621,26574.5833,9701.541,10054.7683,12410.64,2.6567,176379,66333.8,23,1655.6666666666667,5291.35,44740.667,-17379.6,8278.333,-14356.167
2622,33013.99,10012.2105,9329.805,13154.8733,-0.1233,215424,61314.5,5,2089.3333333333335,6462.69,54788.167,-21169.533,10446.667,-17514.0
2623,36074.83,8510.1997,6898.52,10326.17,2.7267,240629,45176.7,30,2214.3333333333335,7218.83,61075.167,-23695.667,11071.667,-19595.167
2624,33319.6333,9037.6779,8880.7117,11997.4883,4.83,223861,56812.5,32,2038.3333333333333,6715.8,56729.667,-22080.333,10191.667,-18237.167
2625,71889.2633,11483.666,9304.845,7988.26,1.69,476045,61565.8,17,4501.0,14281.33,120750.0,-46909.067,22505.0,-38738.0
2626,39267.9967,10116.3849,6851.84,16332.59,3.59,258705,45635.7,27,2478.3333333333335,7761.13,65644.833,-25483.133,12391.667,-21046.5
2627,40363.7567,13152.3338,11962.165,16005.8967,4.5333,269297,78586.5,41,2471.6666666666665,8078.89,68371.667,-26510.8,12358.333,-21934.333
2628,41202.66,10976.9007,8102.2067,14616.105,9.51,273856,53413.0,56,2540.3333333333335,8215.66,69537.333,-26956.333,12701.667,-22295.667
2629,26160.7867,9523.6629,7597.835,17212.6,2.3867,173165,50915.5,18,1626.3333333333333,5194.92,43973.833,-17043.467,8131.667,-14096.167
2630,39596.9667,11772.3594,8862.445,9543.305,8.0067,266708,58392.5,89,2408.0,8001.2,67594.5,-26303.733,12040.0,-21735.0
2631,38979.8733,10504.4443,9858.555,13307.955,9.5933,260276,65119.5,102,2395.0,7808.24,66032.333,-25642.2,11975.0,-21193.5
2632,34713.65,11655.9587,11354.51,13069.1683,10.8867,230549,75559.0,78,2133.6666666666665,6916.45,58578.5,-22678.467,10668.333,-18771.167
2633,46016.7,11678.7197,9532.9867,8765.3367,2.9633,303871,62651.7,13,2866.3333333333335,9116.1,77194.5,-29896.4,14331.667,-24729.167
2634,31148.1467,11765.0209,9660.7017,9178.425,5.8867,207084,64003.7,55,1955.0,6212.48,52446.0,-20438.333,9775.0,-16847.0
2635,41938.0133,14322.5167,12060.9283,14145.87,15.65,278050,79432.5,156,2601.0,8341.48,70594.833,-27372.133,13005.0,-22631.167
2636,42607.3533,10532.0929,9361.8383,12484.1283,4.51,283925,62414.5,22,2613.3333333333335,8517.72,72095.333,-27946.867,13066.667,-23125.5
2637,43242.6067,12130.2123,10565.3733,14926.2983,6.4967,285269,69570.7,35,2703.6666666666665,8558.04,72448.0,-28074.6,13518.333,-23207.167
2638,48644.78,12937.4317,11471.24,18757.4117,4.1067,320634,75685.7,36,3029.3333333333335,9618.98,81489.667,-31530.867,15146.667,-26079.667
2639,52596.0233,10785.4591,9031.405,14296.7533,1.81,350657,59767.8,11,3248.3333333333335,10519.69,88942.833,-34554.333,16241.667,-28553.833
2640,29665.6233,8531.5017,6734.8467,10517.7317,-0.4467,198671,45192.0,5,1819.0,5960.09,50376.667,-19583.467,9095.0,-16182.667
2641,34688.1833,11881.8467,10412.84,14059.135,6.4333,229546,69077.3,36,2163.3333333333335,6886.35,58270.5,-22601.0,10816.667,-18684.333
2642,34189.2467,10693.844,9066.5983,16980.135,7.9033,227890,59546.5,56,2110.0,6836.68,57806.167,-22455.6,10550.0,-18548.0
2643,43681.01,11338.5353,9397.27,10545.5067,4.6367,289338,62345.0,23,2727.0,8680.11,73415.833,-28501.267,13635.0,-23548.667
2644,35285.1,12840.1627,14138.8233,19464.4917,0.9933,234648,93324.0,6,2169.3333333333335,7039.4,59591.833,-23092.8,10846.667,-19100.0
2645,34138.3767,8454.4939,9302.7717,13165.345,3.5767,227925,60731.2,49,2099.3333333333335,6837.71,57821.5,-22456.333,10496.667,-18561.167
2646,38151.6833,11462.0775,10325.7167,12840.6783,3.55,250703,68321.0,19,2408.0,7521.05,63650.833,-24680.2,12040.0,-20380.0
2647,35104.6467,10229.9169,8121.0683,8910.5633,7.82,233884,54412.2,72,2160.3333333333335,7016.48,59366.833,-23030.0,10801.667,-19050.333
2648,40903.7867,11407.7589,10477.6433,12101.1683,13.4867,272025,69123.0,102,2534.3333333333335,8160.72,69014.333,-26799.267,12671.667,-22143.667
2649,30814.6767,9453.326,9526.905,13976.9917,8.2167,203311,62516.2,39,1940.0,6099.31,51585.333,-20028.133,9700.0,-16541.833
2650,41521.7367,10025.8791,8272.0983,13219.2483,1.5767,277110,54809.8,11,2568.3333333333335,8313.27,70251.167,-27321.533,12841.667,-22562.833
2651,26381.9733,9461.3003,8303.2267,11347.8983,0.2033,174529,55099.7,10,1630.3333333333333,5235.84,44363.167,-17160.533,8151.667,-14208.167
2652,41812.2033,11078.8123,7853.17,18518.5333,3.6767,273437,51752.7,5,2642.3333333333335,8203.07,69504.5,-26885.533,13211.667,-22221.5
2653,32955.3267,9530.5041,7816.425,7854.3667,5.9,219366,52858.5,34,2032.3333333333333,6580.96,55674.5,-21603.467,10161.667,-17858.333
2654,31121.5233,9832.0793,7259.5633,11510.1133,3.97,208627,46685.3,57,1891.6666666666667,6258.79,52949.667,-20545.6,9458.333,-16999.667
2655,34403.8667,11760.1833,11400.7317,17278.4867,9.0233,228718,76454.8,47,2121.6666666666665,6861.5,58075.167,-22513.467,10608.333,-18627.667
2656,36424.6367,10585.8771,8983.3467,13524.065,5.9633,241243,60143.7,19,2268.3333333333335,7237.27,61236.333,-23754.133,11341.667,-19636.5
2657,34591.39,10264.464,7648.175,14448.0533,2.52,228614,50650.2,32,2162.6666666666665,6858.39,58030.333,-22510.667,10813.333,-18600.0
2658,45132.9133,10090.0477,9214.09,9998.5417,0.71,294034,61780.7,8,2875.6666666666665,8820.98,74740.0,-28910.733,14378.333,-23895.667
2659,40327.1933,12016.5371,10917.8617,17021.95,4.1933,272046,72427.5,20,2466.3333333333335,8161.36,68859.833,-26865.333,12331.667,-22160.333
2660,38931.7333,13012.9722,10946.0433,11100.8267,4.4267,259828,72569.7,20,2391.3333333333335,7794.8,65925.333,-25595.4,11956.667,-21149.667
2661,56489.0133,12937.8713,9544.2567,20857.8667,2.13,378077,63365.5,5,3460.3333333333335,11342.28,95896.167,-37256.933,17301.667,-30794.167
2662,38060.3733,10416.0619,9355.7567,12454.3233,1.0567,253219,62125.7,7,2358.0,7596.54,64237.833,-24948.667,11790.0,-20615.333
2663,29702.7633,9767.7767,8057.2117,10625.615,5.4267,195762,53429.2,33,1864.0,5872.83,49707.5,-19269.4,9320.0,-15928.167
2664,31288.29,12271.1097,11292.245,17187.2833,35.1733,208837,74249.2,262,1952.0,6265.09,52880.0,-20615.467,9760.0,-17001.333
2665,32039.7767,10151.5748,9039.8717,9427.2033,0.6833,210378,60297.8,9,1997.6666666666667,6311.31,53520.167,-20667.533,9988.333,-17112.5
2666,43210.1367,11575.0016,8852.8,17102.3017,2.52,287517,58561.5,25,2666.6666666666665,8625.47,72976.667,-28312.667,13333.333,-23412.667
2667,40455.77,10918.5084,9015.8817,9217.6183,12.44,270973,60185.8,56,2468.3333333333335,8129.17,68754.0,-26693.067,12341.667,-22076.0
2668,37319.0167,14031.4075,13592.6533,18572.2417,2.7433,247729,89185.0,18,2309.3333333333335,7431.85,62895.5,-24387.667,11546.667,-20167.333
2669,39359.15,11215.0787,10387.7783,14341.61,36.73,258813,68672.5,262,2492.3333333333335,7764.35,65669.167,-25494.867,12461.667,-21041.167
2670,33509.96,11811.3398,9164.5283,10124.6333,7.0733,221830,61771.7,89,2095.6666666666665,6654.86,56279.667,-21854.067,10478.333,-18048.833
2671,28976.0733,9764.4997,8284.49,15904.1833,1.5133,191369,55364.0,10,1809.6666666666667,5741.04,48589.167,-18838.133,9048.333,-15564.333
2672,46387.0233,9326.2147,7871.1283,12597.46,-0.4767,313704,52222.5,4,2838.6666666666665,9411.09,79344.333,-31003.067,14193.333,-25558.667
2673,33398.4267,11119.0594,9520.2367,12651.8483,8.1867,222136,63691.7,62,2076.6666666666665,6664.06,56329.5,-21895.467,10383.333,-18083.0
2674,34041.38,10491.2434,10201.4017,11603.8817,5.66,226294,67698.2,45,2123.3333333333335,6788.78,57365.833,-22312.4,10616.667,-18417.5
2675,47122.8433,10859.5827,9678.18,13239.1067,6.1833,313695,64622.0,36,2928.3333333333335,9410.81,79537.833,-30923.8,14641.667,-25543.667
2676,33228.6733,9234.2351,7404.25,18963.2567,2.4967,220609,49372.7,32,2058.3333333333335,6618.24,55999.333,-21722.067,10291.667,-17958.5
2677,35812.25,11617.2593,10542.65,11530.94,1.36,238986,70967.7,20,2222.3333333333335,7169.55,60558.5,-23573.8,11111.667,-19453.667
2678,34100.0933,9144.2365,6955.29,14926.755,1.36,224000,47002.3,3,2145.3333333333335,6719.96,56906.833,-22037.2,10726.667,-18216.167
2679,33453.1467,11261.7625,11061.8967,17397.76,7.0233,221967,73310.3,34,2086.3333333333335,6658.98,56297.667,-21874.333,10431.667,-18060.833
2680,26974.67,9906.8097,7572.405,11913.3817,19.8467,180713,50527.8,104,1654.0,5421.37,45822.0,-17813.867,8270.0,-14724.833
2681,40496.0233,11314.8995,10342.9467,11948.3833,16.1433,269224,68993.7,95,2529.3333333333335,8076.69,68237.0,-26550.0,12646.667,-21914.333
2682,42246.85,11473.7026,10523.41,15430.3267,-0.1233,282106,69031.7,5,2630.6666666666665,8463.15,71444.333,-27843.467,13153.333,-22970.5
2683,28353.05,10960.0108,10405.3017,9454.4783,2.7567,187046,69087.2,11,1776.0,5611.35,47494.333,-18411.467,8880.0,-15221.167
2684,33909.3633,11370.5634,9749.9483,16402.705,5.57,223715,65307.0,37,2136.3333333333335,6711.43,56749.167,-22043.4,10681.667,-18189.5
2685,45350.63,10257.1758,9724.7167,16122.5567,6.1833,305085,63884.3,46,2787.6666666666665,9152.53,77231.667,-30124.4,13938.333,-24847.5
2686,30797.1267,9161.8597,7739.535,11263.6067,4.33,205633,51108.8,22,1907.0,6168.96,52114.0,-20281.0,9535.0,-16739.833
2687,24832.06,9930.7983,9215.21,16811.1517,6.5467,164023,61009.7,64,1555.6666666666667,4920.66,41621.667,-16155.933,7778.333,-13332.667
2688,30579.2533,10208.3724,8828.4017,11712.3183,4.0733,207642,57612.2,36,1843.3333333333333,6229.22,52561.333,-20503.8,9216.667,-16924.167
2689,33794.7767,14385.2646,13417.6867,17481.7783,5.6467,225371,89005.0,47,2097.0,6761.11,57122.333,-22225.333,10485.0,-18348.333
2690,25904.9033,10845.2999,11192.0383,11192.0383,14.5267,174583,73856.2,126,1573.3333333333333,5237.47,44249.0,-17217.067,7866.667,-14231.167
2691,40267.4033,11477.1891,8763.595,13459.68,1.28,265267,57819.2,17,2536.0,7957.97,67332.333,-26120.4,12680.0,-21582.5
2692,30599.42,9238.8299,8778.61,8520.28,2.0033,202665,58999.7,13,1885.0,6079.92,51517.5,-19926.0,9425.0,-16497.0
2693,58053.0533,9491.5197,7319.345,14111.5,1.4567,390118,48289.3,17,3545.6666666666665,11703.52,98873.0,-38474.467,17728.333,-31777.333
2694,30324.0267,7584.851,6217.9967,15530.0033,6.5333,202300,41586.2,41,1879.0,6068.96,51281.667,-19947.267,9395.0,-16474.333
2695,37281.96,9566.3079,7205.195,13839.5883,3.2367,247403,46807.5,20,2305.0,7422.06,62822.5,-24351.6,11525.0,-20136.0
2696,32775.42,12085.4415,12208.1417,18110.21,4.32,218365,80544.7,28,2033.0,6550.92,55364.167,-21527.333,10165.0,-17777.333
2697,32316.2033,10091.4272,8468.7433,19388.37,5.6033,215797,55674.7,53,1996.0,6473.87,54713.333,-21274.0,9980.0,-17577.0
2698,33197.8,11005.7113,8479.4117,14994.0,8.8967,221014,56134.2,82,2069.6666666666665,6630.4,56011.5,-21798.267,10348.333,-17994.167
2699,47032.2867,13192.3716,12638.9133,17369.0533,5.1467,310118,83968.7,57,2931.0,9303.52,78803.167,-30502.4,14655.0,-25227.0
2700,51246.6867,10558.7184,6604.785,22473.2833,-0.1167,342375,43950.2,6,3180.3333333333335,10271.22,86733.667,-33781.533,15901.667,-27878.333
2701,31350.5,10158.8511,8834.23,21518.275,-0.35,209768,58715.3,5,1921.6666666666667,6293.0,53202.167,-20672.667,9608.333,-17080.333
2702,28257.1633,9093.4178,9974.9117,14321.4517,-0.54,189902,66284.2,3,1730.3333333333333,5697.03,48108.0,-18737.2,8651.667,-15462.333
2703,36502.21,9223.2083,7846.7017,11229.9,-0.54,242625,52578.8,3,2256.6666666666665,7278.71,61585.667,-23890.667,11283.333,-19754.833
2704,28307.9767,7738.9286,5996.8617,11800.9033,-0.54,186645,39582.5,3,1780.6666666666667,5599.31,47366.5,-18382.333,8903.333,-15178.833
2705,33090.21,8027.0367,4930.1833,18513.4517,-0.6333,218708,32401.0,5,2064.3333333333335,6561.21,55534.0,-21528.0,10321.667,-17798.667
2706,28480.2133,6947.5587,4602.605,10608.1067,-0.54,188704,30454.3,3,1772.6666666666667,5661.08,47894.667,-18582.867,8863.333,-15356.0
2707,39327.8867,8290.1489,6559.5867,12156.4483,-0.54,260718,43006.7,3,2471.3333333333335,7821.52,66073.0,-25714.467,12356.667,-21208.833
2708,31571.7,7930.9641,5081.0383,12602.4183,-0.54,212411,34199.5,3,1940.3333333333333,6372.3,53780.667,-20969.933,9701.667,-17313.0
2709,47418.59,10280.1961,8862.365,8440.265,-0.7667,316691,58254.8,3,2916.6666666666665,9500.69,80329.667,-31206.267,14583.333,-25788.833
2710,32798.9567,7545.7302,5775.6483,7805.045,0.6267,218147,38688.2,3,2027.0,6544.39,55358.833,-21485.933,10135.0,-17753.333
2711,41852.0033,7534.7449,3308.76,11926.5817,1.5567,280853,21299.7,9,2559.6666666666665,8425.57,71201.5,-27690.067,12798.333,-22883.333
2712,49215.89,10193.9523,7553.0517,16666.955,-0.0733,327081,50095.5,3,3042.3333333333335,9812.39,83030.333,-32204.0,15211.667,-26634.5
2713,52554.7867,9604.2068,8057.4317,8057.4317,-0.54,350862,53712.3,3,3252.0,10525.82,88939.5,-34596.533,16260.0,-28574.0
2714,33007.54,8893.5967,6206.8933,15999.6283,-0.54,218192,41703.0,3,2049.6666666666665,6545.74,55435.667,-21464.2,10248.333,-17758.0
2715,46564.1,8972.2568,4988.9117,14792.365,-0.54,312614,32817.5,3,2861.6666666666665,9378.4,79195.167,-30844.8,14308.333,-25473.0
2716,57609.0567,7999.8471,5031.4783,11949.325,-0.54,385574,33384.2,3,3549.3333333333335,11567.19,97719.167,-38027.133,17746.667,-31396.833
2717,27689.4067,6115.6374,4196.945,10037.4217,-0.71,185782,27750.8,3,1702.0,5573.44,47068.167,-18329.2,8510.0,-15133.0
2718,29042.94,5901.0213,3198.325,11753.4167,-0.54,196126,21705.2,3,1776.6666666666667,5883.74,49630.0,-19373.133,8883.333,-15981.0
2719,36786.34,7560.8335,2412.785,13109.2433,-0.54,242252,16535.5,3,2317.0,7267.54,61491.5,-23853.867,11585.0,-19703.833
2720,36015.6033,7710.0347,5082.355,6852.6017,-0.8167,243220,33788.5,3,2177.6666666666665,7296.57,61647.167,-23985.133,10888.333,-19831.333
2721,35979.5,8687.4928,7149.4433,10008.1283,-0.54,241754,47134.7,3,2213.0,7252.6,61225.667,-23860.6,11065.0,-19703.167
2722,32690.3967,4536.5064,22.4717,7459.39,-0.5833,215489,130.8,3,2050.0,6464.63,54709.167,-21214.067,10250.0,-17519.333
2723,38161.8533,6174.5857,25.5817,11828.1683,-0.54,255538,178.2,3,2366.0,7666.12,64702.667,-25226.6,11830.0,-20810.333
2724,52197.2867,6844.1359,1210.035,8678.4317,-0.3067,341905,8093.8,3,3294.6666666666665,10257.12,86890.0,-33625.0,16473.333,-27798.167
2725,38564.2067,7870.6396,5115.9917,13503.645,-0.3067,257299,34000.2,3,2410.0,7718.94,65149.333,-25400.067,12050.0,-20954.0
2726,28407.0467,7083.2068,4675.1483,15190.97,-0.3067,189910,30963.2,3,1758.0,5697.28,48117.5,-18735.067,8790.0,-15462.667
2727,38030.4667,8690.5587,5916.04,10899.7383,-0.7667,251754,38249.0,3,2396.6666666666665,7552.6,63809.333,-24827.133,11983.333,-20487.667
2728,34763.94,5884.0395,1242.1767,10099.7133,-1.6033,233136,8109.7,3,2149.6666666666665,6994.04,59023.833,-23017.6,10748.333,-18984.667
2729,34573.57,8316.9287,7825.4333,10712.395,-0.4767,229220,52389.3,3,2140.0,6876.57,58217.5,-22557.0,10700.0,-18663.5
2730,50547.9233,9574.3437,7538.0483,11337.4833,-0.3067,336667,50126.0,3,3156.0,10099.99,85294.333,-33215.733,15780.0,-27410.667
2731,27577.8733,8145.8446,7710.4733,8984.14,-0.54,183389,51947.3,3,1707.3333333333333,5501.64,46528.0,-18066.6,8536.667,-14921.833
2732,57973.7933,8656.5287,7173.6917,10538.0267,-0.54,387523,47905.2,3,3587.6666666666665,11625.66,98194.333,-38226.867,17938.333,-31557.667
2733,24322.89,8090.6406,5544.67,17316.9183,-0.54,165017,34725.0,3,1473.6666666666667,4950.49,41758.833,-16299.933,7368.333,-13454.833
2734,39935.6633,9313.4515,5914.5433,13241.0867,-0.54,270225,39158.0,3,2428.3333333333335,8106.73,68400.0,-26685.067,12141.667,-22027.667
2735,32251.4233,6828.5761,5676.33,9386.8117,-0.54,212787,37903.7,3,2011.0,6383.59,54060.333,-20933.333,10055.0,-17314.167
2736,38421.4333,8135.683,3342.0567,18198.155,-0.3067,257438,22605.7,3,2342.6666666666665,7723.1,65322.167,-25358.667,11713.333,-20978.5
2737,36471.2233,8028.7905,3475.495,13380.9517,-0.54,246851,22810.8,3,2201.6666666666665,7405.49,62533.833,-24356.6,11008.333,-20119.833
2738,31609.93,7301.3743,2869.1917,13551.6267,1.5367,208952,19066.8,4,1967.6666666666667,6268.53,53071.167,-20561.933,9838.333,-17006.167
2739,32430.8833,7829.8312,3113.8467,16464.3983,-0.9233,214759,20578.7,3,2004.6666666666667,6442.75,54572.5,-21122.867,10023.333,-17484.833
2740,45976.8067,10694.5813,9083.88,23294.1717,-0.54,304732,61015.3,3,2856.3333333333335,9141.94,77360.0,-30002.467,14281.667,-24804.333
2741,24420.05,8060.2718,6819.3433,13609.8433,-0.2433,165106,45693.0,4,1481.0,4953.15,41814.833,-16295.267,7405.0,-13457.667
2742,27975.16,8694.7941,7568.8817,11055.2933,-0.54,185980,50558.0,3,1745.6666666666667,5579.36,47142.667,-18338.867,8728.333,-15136.333
2743,33852.8133,9965.9579,8262.8283,10935.8917,0.2433,224140,55167.5,3,2127.0,6724.18,56825.5,-22097.867,10635.0,-18234.0
2744,47268.5967,8664.9385,5446.9633,16491.17,-0.54,313699,36165.3,3,2929.0,9410.93,79631.833,-30887.0,14645.0,-25532.167
2745,45561.4133,9009.4367,6364.3433,16175.5267,-0.54,301640,42981.3,3,2852.6666666666665,9049.18,76516.167,-29721.6,14263.333,-24545.667
2746,29988.2533,8468.7667,7567.7867,8384.7167,-0.54,196095,50571.5,3,1879.6666666666667,5882.82,49906.5,-19256.4,9398.333,-15943.0
2747,40789.3133,7854.4872,6209.76,8878.7633,0.16,274744,40621.3,3,2450.3333333333335,8242.28,69750.667,-27048.467,12251.667,-22406.833
2748,44079.0867,7296.7727,3656.7533,9554.42,-0.54,299042,24613.3,3,2680.3333333333335,8971.22,75637.167,-29553.467,13401.667,-24377.5
2749,38544.5567,7603.7501,2255.0967,14265.6667,-0.69,258104,15220.3,3,2386.0,7743.09,65364.0,-25475.2,11930.0,-21017.333
2750,40187.7367,8499.3064,7147.4267,15460.9283,-0.8233,271377,47267.2,3,2444.0,8141.27,68736.167,-26780.867,12220.0,-22128.833
2751,49511.1167,8795.9977,5956.3583,11787.8383,-0.0733,334439,39580.2,3,2986.3333333333335,10033.15,84786.667,-32973.2,14931.667,-27267.167
2752,34919.4933,6740.4934,978.6467,10404.2867,-0.54,231546,6523.7,3,2178.6666666666665,6946.36,58738.5,-22813.867,10893.333,-18844.833
2753,42674.6167,11802.8547,10255.155,18623.7817,-0.54,284219,68410.5,3,2644.3333333333335,8526.55,72089.833,-28007.933,13221.667,-23155.5
2754,32338.78,10918.7849,9070.485,16262.8567,0.3933,216810,60468.8,3,1961.6666666666667,6504.28,55044.333,-21344.333,9808.333,-17673.833
2755,30633.9833,7887.2559,6931.9,12085.72,-0.54,204646,46199.3,3,1875.6666666666667,6139.35,51941.667,-20152.533,9378.333,-16672.833
2756,36432.2733,9820.6681,9455.0417,16155.8317,-0.88,243806,63741.7,3,2235.3333333333335,7314.14,61829.833,-24029.2,11176.667,-19859.167
2757,31998.58,8656.8103,8335.53,14855.7733,-0.54,216534,55537.0,3,1938.6666666666667,6495.98,54828.333,-21375.4,9693.333,-17643.667
2758,43033.5567,9328.3445,7003.305,11251.3633,-0.54,290461,46776.2,3,2618.6666666666665,8713.79,73568.5,-28664.733,13093.333,-23677.333
2759,33392.1967,10514.5454,8237.4017,13180.9683,-0.88,223745,55045.5,3,2031.0,6712.33,56789.0,-22033.467,10155.0,-18230.667
2760,31938.2233,8683.2771,7499.3067,14207.9617,-0.54,214781,50692.3,3,1938.3333333333333,6443.39,54477.833,-21165.0,9691.667,-17509.667
2761,21129.8633,5987.1209,1740.5083,11700.8167,-0.54,142329,11588.5,3,1288.6666666666667,4269.83,36059.833,-14041.8,6443.333,-11601.333
2762,28101.6233,6528.1178,2752.075,13264.0733,-0.71,187851,18411.8,3,1735.6666666666667,5635.49,47613.167,-18524.867,8678.333,-15300.5
2763,30036.99,5786.0425,1984.4283,13679.5367,-0.76,201397,13204.2,3,1842.3333333333333,6041.89,51053.5,-19858.067,9211.667,-16412.0
2764,35842.3967,8173.5449,7196.4933,12799.2367,-0.54,238725,48024.0,3,2211.0,7161.73,60578.5,-23513.667,11055.0,-19439.167
2765,48370.6767,10140.6761,9023.77,10635.975,0.6233,324611,58921.7,11,2987.0,9738.31,82179.5,-32050.467,14935.0,-26431.667
2766,33416.0267,9212.1341,6942.5383,14674.7167,-0.54,224370,46417.8,3,2038.0,6731.06,56893.5,-22116.533,10190.0,-18282.0
2767,33351.8667,7730.6889,5160.0983,10933.5833,-0.2433,222331,34480.2,3,2077.6666666666665,6669.9,56330.0,-21934.2,10388.333,-18102.167
2768,33408.2233,7641.2324,3776.89,16350.8133,-0.9667,220851,25010.7,3,2089.0,6625.49,56060.5,-21745.933,10445.0,-17976.833
2769,24664.6633,6467.1059,4730.76,10392.9,-0.54,166672,32027.8,3,1496.3333333333333,5000.13,42219.0,-16446.8,7481.667,-13589.333
2770,45153.82,10220.9828,4924.4267,13101.2233,-0.0667,303628,32998.0,4,2767.6666666666665,9108.82,76905.0,-29963.667,13838.333,-24734.667
2771,53272.9533,7637.4868,4935.95,12473.4667,-0.18,359748,32826.0,5,3230.3333333333335,10792.42,91145.5,-35491.467,16151.667,-29325.167
2772,35578.58,8087.3411,3918.3267,17829.9517,-0.54,239007,25634.7,3,2200.0,7170.18,60489.5,-23605.6,11000.0,-19475.5
2773,39222.55,8487.8977,6406.6767,14583.7167,-0.3067,262899,43454.7,3,2401.3333333333335,7886.95,66666.167,-25913.4,12006.667,-21423.833
2774,40336.8667,6794.6914,3933.715,12119.185,-0.4133,269074,26308.2,4,2495.0,8072.2,68226.333,-26524.333,12475.0,-21912.333
2775,33660.7167,10708.6091,9744.375,15705.43,-0.42,226325,64730.2,4,2069.0,6746.15,57045.667,-22156.267,10345.0,-18319.833
2776,35042.3133,9152.6909,7041.4333,13707.265,-0.88,235354,47219.3,3,2134.6666666666665,7060.58,59682.0,-23197.933,10673.333,-19175.667
2777,33265.8833,10485.6405,8548.9533,20559.255,-0.54,222083,57566.7,3,2050.6666666666665,6662.45,56330.333,-21884.4,10253.333,-18095.833
2778,28574.3767,9238.7179,9814.4917,13655.945,-0.54,191985,65625.2,3,1762.3333333333333,5759.51,48601.167,-18956.467,8811.667,-15641.5
2779,31619.06,6455.6712,2153.8467,14348.4683,-0.3067,213433,13925.3,3,1919.6666666666667,6402.96,54073.833,-21057.067,9598.333,-17399.0
2780,26716.3533,6251.7776,1002.3367,11865.955,-0.3067,178628,6380.0,3,1640.6666666666667,5358.82,45310.5,-17601.467,8203.333,-14554.833
2781,48348.84,9971.1071,6710.6533,8018.3667,-0.54,327442,44741.7,3,2925.6666666666665,9823.24,82915.167,-32322.4,14628.333,-26695.5
2782,44485.8767,8119.3605,3423.8617,12222.0883,-0.3067,299851,22872.5,3,2719.0,8995.51,75933.667,-29596.8,13595.0,-24441.5
2783,36848.23,8263.1691,4060.8317,12971.4117,-0.9767,249235,27579.8,7,2233.3333333333335,7477.03,63127.333,-24596.133,11166.667,-20326.667
2784,37481.4533,10342.6713,9255.87,13327.3833,-0.54,250595,61986.7,3,2322.0,7517.82,63483.667,-24725.533,11610.0,-20404.5
2785,44639.8233,9262.9677,5998.0117,14456.4783,-0.54,301207,40679.2,3,2734.3333333333335,9036.19,76231.5,-29748.867,13671.667,-24550.667
2786,42851.4967,9111.1053,6001.61,17507.5217,-0.54,289635,40869.7,3,2585.0,8689.03,73414.667,-28561.2,12925.0,-23616.0
2787,38500.5533,10620.3375,9162.1283,19353.4633,-1.39,262062,61465.8,3,2306.3333333333335,7861.82,66350.167,-25872.267,11531.667,-21370.833
2788,48209.98,11223.5083,7516.4767,15523.4017,-0.54,325720,50438.0,3,2913.6666666666665,9771.58,82552.833,-32122.933,14568.333,-26559.833
2789,33808.6967,9444.0354,6987.0733,12763.2117,-0.54,227622,46807.3,3,2078.3333333333335,6828.63,57618.667,-22476.933,10391.667,-18553.333
2790,28534.4833,10016.8755,9775.0817,14030.9533,-0.54,192609,64729.8,3,1734.6666666666667,5778.25,48794.0,-19004.267,8673.333,-15706.833
2791,32891.74,9498.6587,7549.5083,9367.8467,1.9633,222192,50005.2,13,1991.3333333333333,6665.74,56306.167,-21916.0,9956.667,-18120.833
2792,46694.5333,11399.1269,9763.6383,18883.7233,-0.54,317891,66054.5,3,2832.0,9536.7,80360.5,-31434.0,14160.0,-25928.667
2793,45732.8367,10602.3201,9276.125,14763.8983,-0.8233,313427,62050.2,3,2755.3333333333335,9402.77,79146.833,-31026.6,13776.667,-25566.833
2794,51508.0433,13127.2882,11267.515,20533.2233,-0.3067,345521,76131.5,3,3192.6666666666665,10365.61,87455.5,-34122.067,15963.333,-28154.333
2795,36882.66,8560.7459,6683.8517,17176.715,-0.54,251036,45175.5,3,2232.6666666666665,7531.06,63480.5,-24815.067,11163.333,-20477.167
2796,48584.18,10530.4016,7288.76,19621.5517,-0.54,326377,49526.3,3,2950.0,9791.28,82807.833,-32152.267,14750.0,-26612.667
2797,38497.3567,9308.9525,5612.35,15494.9933,-0.54,259521,37914.3,3,2344.6666666666665,7785.59,65748.5,-25604.733,11723.333,-21155.333
2798,56674.47,10477.6663,6588.0267,10154.5017,-1.0967,385320,44168.0,3,3435.3333333333335,11559.57,97450.167,-38083.933,17176.667,-31428.0
2799,37228.17,7703.5523,3610.795,15622.795,-0.54,251507,24341.2,3,2260.6666666666665,7545.17,63706.667,-24818.667,11303.333,-20508.333
2800,53832.5733,8978.4717,3480.2717,13502.115,-0.54,364756,23524.5,3,3246.6666666666665,10942.64,92401.0,-35990.733,16233.333,-29753.667
2801,50279.3533,9470.1237,4563.285,19119.6217,-0.54,340375,31513.8,3,3050.3333333333335,10211.22,86167.833,-33607.867,15251.667,-27743.5
2802,43472.04,8587.9611,4447.9483,13116.6983,0.16,292422,29861.5,3,2645.0,8772.64,74143.833,-28826.933,13225.0,-23842.5
2803,40397.22,7146.5121,3528.2567,14419.1233,-0.54,270758,23555.7,3,2480.0,8122.72,68640.0,-26695.667,12400.0,-22069.833
2804,44913.99,7416.3521,4830.6183,10134.71,-0.54,300987,31720.5,3,2747.0,9029.59,76340.5,-29661.267,13735.0,-24529.833
2805,52202.8133,11288.8364,9110.5667,15744.8917,-0.54,350844,61239.3,3,3159.0,10525.28,89038.167,-34553.467,15795.0,-28602.167
2806,35363.9067,9118.2557,6039.4533,14517.9,-0.6467,238412,40673.3,3,2151.3333333333335,7152.34,60406.333,-23519.933,10756.667,-19431.5
2807,25319.4867,8527.5777,7977.79,19799.1183,-0.54,170192,54120.7,3,1546.3333333333333,5105.72,43139.0,-16782.733,7731.667,-13874.167
2808,45701.09,7435.3823,176.605,13969.5133,-0.54,309694,1131.2,3,2776.0,9290.79,78370.667,-30590.533,13880.0,-25249.833
2809,59325.0133,10537.7731,1292.0117,24275.8133,-0.54,400510,8680.8,3,3641.3333333333335,12015.28,101326.167,-39571.6,18206.667,-32651.5
2810,45206.99,9699.5443,7271.2833,16029.1983,-0.54,305707,49267.7,3,2762.0,9171.19,77347.333,-30202.533,13810.0,-24919.0
2811,38461.7467,9111.6999,3270.4433,12697.405,-0.54,259287,22109.7,3,2355.0,7778.58,65642.667,-25600.333,11775.0,-21134.167
2812,47607.19,11796.2153,7641.605,9987.1233,-0.0733,323861,51807.8,3,2877.6666666666665,9715.79,81918.0,-32004.933,14388.333,-26410.0
2813,42503.9067,9445.5818,5320.57,19329.2117,-0.54,285156,35715.0,3,2605.6666666666665,8554.64,72276.0,-28120.733,13028.333,-23234.333
2814,44776.6933,10598.1377,8588.8767,18830.0133,1.6167,303156,57761.3,16,2715.3333333333335,9094.66,76754.5,-29929.467,13576.667,-24719.667
2815,57182.4833,11992.3727,8881.055,10180.915,-0.54,386336,59961.2,3,3481.0,11590.05,97825.333,-38137.067,17405.0,-31500.833
2816,57278.9833,12723.2001,10518.665,13573.6983,-0.54,389076,71619.8,3,3468.6666666666665,11672.25,98432.333,-38442.267,17343.333,-31726.667
2817,44250.4233,10771.0865,6950.505,16809.5417,-0.54,300754,47242.2,3,2670.6666666666665,9022.59,76109.5,-29707.0,13353.333,-24528.0
2818,46423.8967,13821.6456,12865.73,18052.2967,-0.54,314125,85658.7,3,2827.0,9423.73,79501.0,-31024.667,14135.0,-25611.167
2819,33491.6867,9080.2803,6193.5183,14738.5333,-0.4567,224758,41387.2,3,2067.3333333333335,6742.72,56907.833,-22188.533,10336.667,-18307.0
2820,40487.9367,9481.4723,6214.0767,16705.5633,-0.6467,273170,41713.0,4,2477.6666666666665,8195.07,69145.5,-26975.8,12388.333,-22265.167
2821,36438.1633,7232.3604,3180.8767,9965.0233,-0.54,246589,21083.0,3,2220.6666666666665,7397.63,62398.167,-24358.467,11103.333,-20102.5
2822,57295.0367,9800.1776,6547.04,17327.6083,0.0533,388447,44582.3,3,3458.6666666666665,11653.37,98364.167,-38343.667,17293.333,-31672.167
2823,42847.8967,8789.4883,5351.2133,20099.2383,-0.54,289982,35818.7,3,2590.0,8699.43,73455.5,-28614.2,12950.0,-23642.833
2824,30513.7733,9090.117,8279.8817,16487.9033,-0.54,204166,55461.5,3,1874.3333333333333,6124.94,51777.833,-20122.0,9371.667,-16638.667
2825,30993.5767,8253.6499,5306.0017,14424.1167,-1.24,209405,35223.8,3,1876.0,6282.11,53059.333,-20657.2,9380.0,-17070.667
2826,52009.27,12243.4885,10909.9467,29831.945,-0.54,353300,73162.0,3,3149.6666666666665,10598.97,89382.0,-34907.2,15748.333,-28812.833
2827,27324.38,10442.9693,8309.17,15505.255,-0.7667,184437,55736.7,3,1678.6666666666667,5533.08,46653.833,-18225.867,8393.333,-15030.0
2828,34868.6867,9985.3879,8275.41,9884.5483,0.0233,234458,55785.3,9,2139.3333333333335,7033.72,59387.0,-23136.867,10696.667,-19111.833
2829,36902.39,10627.222,7471.275,12753.32,-0.54,248941,50513.5,3,2253.3333333333335,7468.19,63035.833,-24573.8,11266.667,-20294.5
2830,54071.1467,9962.008,7209.0917,19683.055,-0.54,363580,47936.8,3,3298.0,10907.38,92161.667,-35851.4,16490.0,-29636.5
2831,64957.1867,10453.1335,6106.4867,15896.94,-0.54,441162,41700.0,3,3913.6666666666665,13234.82,111688.833,-43556.8,19568.333,-35978.0
2832,37020.59,8908.3647,4491.8833,18288.0567,-0.54,249934,30252.7,3,2221.3333333333335,7497.99,63420.167,-24618.733,11106.667,-20385.5
2833,33517.56,8007.2763,5526.3383,10454.1383,-0.3067,225286,37122.8,3,2054.6666666666665,6758.56,57077.333,-22226.333,10273.333,-18365.333
2834,77623.9333,12190.6596,9673.0617,19618.0233,-0.54,520491,65722.5,3,4742.333333333333,15614.7,132015.667,-51291.933,23711.667,-42426.167
2835,40586.5733,10181.2165,7099.2917,15312.37,-0.54,273139,47945.2,3,2469.3333333333335,8194.14,69242.667,-26930.733,12346.667,-22266.167
2836,37069.6167,11804.1547,9546.7717,22057.9383,-0.54,247919,63996.2,3,2267.3333333333335,7437.55,62914.0,-24418.267,11336.667,-20200.333
2837,46346.9867,9629.1732,6296.5917,17029.73,-0.3067,313915,42501.8,3,2834.3333333333335,9417.42,79380.167,-31030.933,14171.667,-25591.333
2838,47914.5,10358.6033,10703.815,12320.0367,-0.3067,322751,71774.8,3,2933.6666666666665,9682.5,81720.5,-31862.0,14668.333,-26294.833
2839,38910.8433,9885.1413,5920.38,11292.62,-0.4133,264855,39495.3,3,2354.0,7945.61,66978.333,-26179.6,11770.0,-21603.5
2840,33121.9933,9733.9119,8289.89,19303.905,-0.54,223863,55274.0,3,2020.6666666666667,6715.86,56663.5,-22107.2,10103.333,-18253.5
2841,50273.7,10718.0425,9601.2017,12668.5983,-0.0733,338041,64165.5,3,3061.6666666666665,10141.2,85701.333,-33327.667,15308.333,-27549.5
2842,41207.1567,8069.8522,5814.64,19826.1167,-0.54,273864,39405.5,3,2575.3333333333335,8215.89,69417.667,-27005.733,12876.667,-22297.333
2843,37541.22,8696.7,519.305,17312.8767,-0.54,256235,3501.2,3,2246.6666666666665,7687.02,64836.333,-25312.467,11233.333,-20903.0
2844,51667.58,7987.1495,2912.8283,13237.1383,-0.54,348100,19465.8,3,3127.3333333333335,10442.98,88279.167,-34308.4,15636.667,-28382.833
2845,41522.3767,8157.4535,5358.8867,10226.7767,-0.3067,281665,36570.0,3,2520.6666666666665,8449.91,71259.333,-27829.2,12603.333,-22961.0
2846,46704.4667,13438.0302,13036.9067,14711.8617,-0.54,310191,87782.3,3,2904.6666666666665,9305.7,78686.167,-30563.733,14523.333,-25247.0
2847,50425.6133,12211.3115,8819.53,22687.96,-0.9233,340659,59865.3,3,3091.3333333333335,10197.68,86045.833,-33566.4,15456.667,-27708.167
2848,36467.3533,10071.3822,6197.7017,17630.89,-0.54,245982,42035.5,3,2239.3333333333335,7379.42,62236.5,-24301.733,11196.667,-20043.5
2849,46179.7833,10102.9089,7946.065,13968.2733,-0.88,308823,53306.5,3,2828.6666666666665,9264.65,78356.667,-30421.867,14143.333,-25163.0
2850,45681.1167,12140.5305,8837.6917,19027.6583,-0.54,308043,58795.2,3,2784.0,9241.25,78027.667,-30397.467,13920.0,-25110.333
2851,40288.5367,9567.0305,7810.32,14608.4833,-0.54,270507,52681.7,3,2457.3333333333335,8115.17,68598.0,-26662.133,12286.667,-22049.167
2852,75975.85,10748.4149,9524.2217,17721.8183,-0.88,511176,64104.5,3,4605.666666666667,15335.25,129648.667,-50375.733,23028.333,-41660.667
2853,35694.23,8148.1199,3205.255,17784.99,-0.9467,240165,21851.2,3,2177.3333333333335,7204.93,60867.167,-23686.2,10886.667,-19578.333
2854,61855.4933,11276.7625,7743.4467,22049.0233,-0.88,420163,51660.3,5,3756.3333333333335,12604.86,106261.833,-41527.867,18781.667,-34265.0
2855,47401.82,10943.513,6652.8567,11794.04,-0.4133,317565,44740.7,3,2893.3333333333335,9526.92,80573.5,-31283.6,14466.667,-25881.667
2856,36814.4167,10542.6993,9586.7983,17664.3867,-0.3067,247046,64553.2,3,2254.6666666666665,7411.35,62623.167,-24359.933,11273.333,-20133.5
2857,26390.04,7958.2482,7163.11,10057.8233,-0.54,178512,48336.3,3,1588.0,5355.34,45253.333,-17601.133,7940.0,-14557.5
2858,54640.0267,12143.5067,10134.0633,14663.585,0.2333,367456,68748.0,10,3372.0,11023.66,92986.167,-36296.8,16860.0,-29933.0
2859,34312.7367,10004.4083,8165.7,8465.605,-0.54,234273,55034.3,3,2076.6666666666665,7028.17,59186.0,-23180.267,10383.333,-19104.5
2860,58765.5733,13204.7151,11943.4817,14156.4717,-0.54,395232,80076.5,3,3602.0,11856.94,100109.0,-39002.867,18010.0,-32207.5
2861,34073.14,10027.1131,9124.5067,13812.5383,-0.88,229192,61284.0,5,2092.3333333333335,6875.74,58039.667,-22622.6,10461.667,-18681.333
2862,42368.7467,9027.9273,4780.415,10425.1683,-0.3067,285274,32261.5,3,2594.6666666666665,8558.18,72242.0,-28157.933,12973.333,-23246.833
2863,36377.8633,10336.201,6613.6467,22231.85,-0.17,244815,43747.0,3,2201.3333333333335,7344.43,62102.5,-24122.067,11006.667,-19953.667
2864,42857.8433,10938.2193,7321.4067,15294.245,-0.54,287728,48694.0,3,2604.0,8631.81,73005.333,-28343.467,13020.0,-23455.833
2865,37399.3167,11900.9101,10562.695,18723.4233,-0.3067,253046,71044.2,3,2267.0,7591.35,64083.333,-24975.867,11335.0,-20634.5
2866,37396.55,12637.1811,13292.7467,17836.6883,0.5933,253159,89517.0,6,2273.0,7594.75,64075.0,-25001.867,11365.0,-20636.333
2867,42468.0533,12306.7145,12424.7033,19777.08,0.1667,286428,83540.0,4,2612.6666666666665,8592.82,72460.167,-28301.6,13063.333,-23346.667
2868,42740.13,8312.0837,3951.4817,13314.3333,-0.3067,288445,26626.5,3,2607.3333333333335,8653.33,73038.0,-28473.867,13036.667,-23514.0
2869,47465.73,7970.8294,29.655,11805.22,-0.88,320919,207.8,3,2878.6666666666665,9627.53,81283.167,-31670.467,14393.333,-26167.833
2870,53815.31,9360.7295,4883.1817,15783.7583,-0.3067,363591,32819.8,3,3289.3333333333335,10907.71,92010.5,-35914.067,16446.667,-29635.5
2871,27123.6767,7683.6493,5770.965,15274.3383,-0.54,185168,38518.2,3,1647.0,5555.01,46761.5,-18329.0,8235.0,-15098.833
2872,35062.25,8983.5084,4326.3433,14066.64,-0.7667,238739,29406.3,4,2089.3333333333335,7162.15,60482.0,-23555.067,10446.667,-19473.5
2873,37391.5533,10673.8429,8769.71,13631.56,-0.5967,253905,59636.3,3,2294.3333333333335,7617.12,64130.667,-25128.733,11471.667,-20699.167
2874,45189.1533,13682.3247,11319.3633,13019.805,2.3267,305472,77066.5,23,2736.3333333333335,9164.12,77386.333,-30139.8,13681.667,-24903.167
2875,34966.4767,8177.0488,5720.2683,15714.4733,-0.54,233608,38638.8,3,2147.0,7008.21,59271.333,-23013.067,10735.0,-19035.0
2876,34137.91,9337.4704,6852.8833,14431.1817,-0.54,228625,46242.7,3,2097.6666666666665,6858.71,57962.0,-22540.133,10488.333,-18631.0
2877,39274.1233,11155.4596,10928.34,15262.6617,0.6267,262267,74107.2,3,2404.3333333333335,7867.99,66573.167,-25824.2,12021.667,-21364.5
2878,37504.8967,8974.1274,6073.415,13726.4633,-0.3067,251765,40938.5,3,2286.6666666666665,7552.93,63848.833,-24813.533,11433.333,-20516.667
2879,40359.7767,8704.8249,6664.9,13041.7367,0.11,271961,44816.0,3,2456.6666666666665,8158.81,68915.167,-26826.2,12283.333,-22171.333
2880,43993.76,9420.3474,7264.0617,12208.2417,-0.63,296356,48870.8,3,2686.3333333333335,8890.66,75068.833,-29243.733,13431.667,-24153.667
2881,33414.3633,6850.017,1703.5967,14007.99,-0.0667,225832,11345.3,3,2023.0,6774.93,57217.5,-22279.4,10115.0,-18413.667
2882,34591.4733,9533.9234,8204.7833,10558.5133,-0.87,236679,55637.7,3,2065.6666666666665,7100.34,59859.0,-23392.2,10328.333,-19304.0
2883,42745.41,7749.335,5013.4117,7275.08,-1.05,288288,33239.2,3,2599.0,8648.61,73045.167,-28439.533,12995.0,-23503.833
2884,42467.5667,8590.6503,1933.9783,12589.5683,-0.54,289278,13015.8,3,2576.0,8678.3,73113.667,-28610.067,12880.0,-23594.333
2885,48512.51,9199.1603,6362.6317,17559.9267,-0.54,326068,42839.8,3,2947.3333333333335,9782.01,82705.667,-32131.333,14736.667,-26580.5
2886,48310.91,8964.7103,5659.8033,17600.9067,-0.54,325221,38135.0,3,2954.6666666666665,9756.61,82380.167,-32092.2,14773.333,-26507.0
2887,35764.7333,9382.9295,6330.81,13206.605,-0.01,240894,42213.0,4,2183.0,7226.8,61024.5,-23769.067,10915.0,-19632.5
2888,37631.54,10650.4983,9774.7133,13748.2533,-0.3067,252562,66547.0,3,2302.6666666666665,7576.84,64031.667,-24899.8,11513.333,-20590.5
2889,34870.68,9114.1867,6604.3167,17628.375,-0.54,237317,44486.0,3,2117.6666666666665,7119.48,59984.833,-23469.467,10588.333,-19352.5
2890,41769.6867,9525.9463,6266.71,13176.115,-0.54,283505,41838.0,3,2532.0,8505.12,71731.833,-28008.267,12660.0,-23119.0
2891,39784.0067,10521.2757,11464.2283,17330.9867,-0.54,269446,76685.0,3,2416.3333333333335,8083.34,68198.667,-26609.667,12081.667,-21970.0
2892,51467.8067,9796.9865,6891.2867,13788.7567,-0.0733,345869,45775.0,3,3133.3333333333335,10376.04,87705.167,-34091.733,15666.667,-28188.333
2893,47869.76,11360.7051,8512.605,20520.0033,-0.54,323176,56861.2,3,2911.0,9695.26,81863.167,-31890.0,14555.0,-26353.667
2894,45270.57,11958.5263,10168.225,21728.3733,-0.54,304770,68536.8,3,2757.0,9143.07,77242.5,-30057.0,13785.0,-24843.0
2895,52510.37,13641.8012,11053.6133,14325.28,-0.54,353523,74202.0,3,3214.3333333333335,10605.67,89538.0,-34889.467,16071.667,-28815.5
2896,44262.8133,11843.766,8739.12,16197.0783,-0.54,299167,57635.0,3,2676.6666666666665,8974.98,75803.5,-29512.0,13383.333,-24387.0
2897,50939.7833,10474.5585,7442.6483,16822.29,-0.88,343006,49661.5,3,3105.0,10290.15,86921.667,-33832.533,15525.0,-27964.5
2898,59243.1833,13426.7815,11125.295,16520.63,1.3467,399496,74842.5,3,3583.3333333333335,11984.85,101295.5,-39381.0,17916.667,-32572.833
2899,55951.17,12011.8038,11078.3217,19386.48,-0.54,376103,74034.5,3,3415.3333333333335,11283.07,95334.0,-37087.067,17076.667,-30655.5
2900,37939.8633,8461.229,5240.4817,13535.8533,-0.54,255965,35530.3,3,2312.3333333333335,7678.93,64825.833,-25262.733,11561.667,-20863.833
2901,36939.8,9717.3723,6581.4067,21521.2617,-0.54,248048,43560.8,3,2249.6666666666665,7441.4,62914.0,-24443.933,11248.333,-20220.0
2902,34788.27,9987.6043,6849.4583,15212.785,-0.54,235263,45848.5,3,2112.6666666666665,7057.87,59569.333,-23224.933,10563.333,-19177.333
2903,39899.17,10265.2677,5058.7183,22212.045,-0.54,266767,33907.2,3,2497.6666666666665,8002.97,67482.167,-26360.467,12488.333,-21713.833
2904,47242.3333,11229.7513,9785.9783,17803.0333,-0.7667,319798,64497.5,3,2870.3333333333335,9593.9,80947.833,-31580.4,14351.667,-26070.667
2905,35119.1833,9160.622,5515.2917,10993.0017,-0.3067,237436,37505.2,3,2145.0,7123.05,60070.833,-23458.867,10725.0,-19340.833
2906,42982.3267,8790.0565,6797.8433,16378.24,-0.54,282686,45948.0,3,2700.0,8480.56,71807.167,-27814.4,13500.0,-22991.0
2907,32920.6467,8884.1917,6274.9383,17294.86,-0.54,225017,41852.8,3,1972.0,6750.48,56906.833,-22240.667,9860.0,-18356.0
2908,50111.27,12988.0599,13002.8633,17560.9,-0.6467,338350,87145.3,5,3050.6666666666665,10150.47,85686.167,-33395.533,15253.333,-27583.167
2909,41927.89,10844.7769,5562.6583,18781.57,-0.3067,282617,36831.8,3,2534.0,8478.49,71674.667,-27853.6,12670.0,-23041.667
2910,27512.7067,7963.0425,4545.4567,14855.2367,0.5,185362,30395.7,3,1673.3333333333333,5560.84,46976.667,-18281.8,8366.667,-15109.667
2911,47993.1267,9066.6799,6098.2667,18889.0683,-0.8233,322190,39842.7,3,2949.3333333333335,9665.66,81625.167,-31787.867,14746.667,-26256.5
2912,50062.3367,9820.6123,7420.54,14901.1333,-0.59,337477,48665.7,3,3057.6666666666665,10124.27,85466.0,-33308.933,15288.333,-27507.333
2913,71803.43,14436.1679,8888.5767,16330.24,-0.54,484822,59549.7,3,4353.666666666667,14544.63,122841.333,-47827.867,21768.333,-39523.0
2914,45797.8233,10652.4256,2300.7733,19549.595,-0.71,309507,15630.7,3,2784.6666666666665,9285.19,78373.167,-30552.2,13923.333,-25231.667
2915,57887.4233,10335.3661,5403.3517,13895.8483,-0.54,390674,36037.8,3,3511.6666666666665,11720.19,99001.333,-38534.267,17558.333,-31858.167
2916,64982.2133,9430.6778,646.2617,19389.6167,-0.18,436390,4259.2,3,3963.0,13091.68,110661.5,-43013.467,19815.0,-35572.5
2917,39689.5133,9487.5457,7209.4767,12504.8517,-0.54,268007,48584.7,3,2405.3333333333335,8040.18,67911.833,-26436.667,12026.667,-21852.5
2918,40694.84,8210.3641,864.66,19962.18,-0.54,274009,5791.3,3,2465.0,8220.24,69496.833,-27003.067,12325.0,-22344.167
2919,34740.4633,6836.5107,496.5683,12389.0367,-0.54,233644,3237.2,3,2129.6666666666665,7008.93,59180.667,-23054.133,10648.333,-19043.333
2920,51300.0933,13534.3502,9730.6967,15664.4817,-0.54,348213,65808.7,3,3094.0,10446.36,88159.167,-34378.933,15470.0,-28396.5
2921,62505.6433,12369.2613,5947.965,24334.0617,-0.88,423111,39743.2,3,3791.3333333333335,12693.31,107132.333,-41769.333,18956.667,-34507.333
2922,47773.89,8992.2717,1899.505,16500.4517,-1.05,320964,13037.8,3,2923.3333333333335,9628.89,81344.5,-31655.0,14616.667,-26161.167
2923,44922.79,9372.9581,8020.1917,15931.1683,-0.54,303841,53355.2,3,2712.6666666666665,9115.19,76990.167,-29972.067,13563.333,-24773.833
2924,75064.6767,9866.0595,4145.7217,11278.6617,-0.54,506738,27621.2,3,4553.666666666667,15202.11,128389.167,-49991.933,22768.333,-41303.0
2925,68134.9233,11040.7503,7932.9867,12511.7183,0.16,455894,53163.3,3,4184.666666666667,13676.79,115611.5,-44934.2,20923.333,-37142.5
2926,29967.51,9752.7207,7869.3067,20711.0017,-0.88,202371,52149.0,5,1825.6666666666667,6071.11,51239.167,-19978.6,9128.333,-16492.5
2927,61103.57,9196.6641,5168.54,15930.1683,-0.54,415257,34459.0,3,3682.0,12457.67,105104.333,-41009.6,18410.0,-33858.833
2928,42092.2067,11106.9176,7593.7183,20653.385,-0.3067,285299,51798.8,3,2547.3333333333335,8558.94,72225.167,-28169.733,12736.667,-23258.833
2929,49908.9067,10260.7324,5329.1067,23159.6933,-0.54,338116,35869.0,3,3021.3333333333335,10143.44,85609.0,-33379.533,15106.667,-27570.667
2930,31417.3233,7518.8001,3694.4883,15699.1933,0.3933,213064,24692.8,3,1906.6666666666667,6391.89,53912.667,-21047.733,9533.333,-17372.833
2931,47146.8567,11159.5491,7102.3267,20610.47,-0.4133,317361,47691.3,5,2876.0,9520.79,80415.5,-31305.933,14380.0,-25863.5
2932,36198.5933,8062.1735,416.55,11088.3083,-0.54,246823,2544.3,3,2174.0,7404.66,62443.0,-24387.4,10870.0,-20131.667
2933,38811.1333,6572.7721,496.765,13755.6633,-0.54,262004,3404.8,3,2367.0,7860.1,66341.0,-25864.467,11835.0,-21360.5
2934,59430.3067,8585.0437,1502.9733,17792.4967,-0.55,399279,10174.0,3,3623.6666666666665,11978.34,101234.0,-39362.2,18118.333,-32538.167
2935,57088.8067,5925.0223,232.0467,13921.7783,-1.1067,383249,1523.7,3,3486.6666666666665,11497.44,97174.167,-37780.133,17433.333,-31236.0
2936,58695.2633,7172.3139,1187.8533,20566.01,-0.5267,394812,7993.3,3,3570.6666666666665,11844.33,100102.5,-38921.4,17853.333,-32183.5
2937,33017.3467,6766.0297,3419.0367,10251.4167,-0.54,220747,23023.3,3,2020.6666666666667,6622.38,56018.833,-21741.867,10103.333,-17985.333
2938,51234.5767,6424.6382,91.0183,13336.7317,-0.54,344668,592.2,3,3125.6666666666665,10340.01,87350.833,-33993.267,15628.333,-28091.333
2939,38330.1567,7495.1479,4394.1233,10058.085,-0.6467,259954,29170.7,3,2318.3333333333335,7798.59,65801.333,-25670.267,11591.667,-21191.167
2940,39877.39,8451.4713,3747.775,17617.53,-0.88,270044,24898.5,3,2405.0,8101.29,68416.833,-26642.067,12025.0,-22023.667
2941,40315.9333,7941.6743,456.845,16960.655,-0.54,271051,2965.8,3,2456.0,8131.5,68719.5,-26722.4,12280.0,-22092.667
2942,38337.2367,8143.9587,827.0033,11563.6483,-0.54,257967,5578.3,3,2347.3333333333335,7738.97,65344.833,-25455.4,11736.667,-21027.833
2943,46957.4633,6737.5021,122.14,17172.59,-0.88,318679,795.7,3,2828.3333333333335,9560.33,80702.167,-31454.867,14141.667,-25991.833
2944,41597.6067,12689.3052,9143.9617,24982.9417,-0.54,280712,62369.2,3,2535.6666666666665,8421.34,71090.167,-27706.4,12678.333,-22885.833
2945,46742.99,8813.0657,3564.4933,20231.5283,-0.0733,313111,23588.0,3,2859.3333333333335,9393.29,79422.5,-30853.133,14296.667,-25516.333
2946,35809.0933,9682.3301,6951.7817,18600.2383,-0.54,240420,46146.5,3,2187.6666666666665,7212.56,60955.333,-23701.8,10938.333,-19595.333
2947,51082.39,8936.2643,4143.5933,19835.1083,-0.5833,345714,28106.3,3,3106.0,10371.39,87504.5,-34141.0,15530.0,-28182.5
2948,47786.77,10950.0783,6148.77,20416.0817,-1.1567,321430,41878.3,3,2914.3333333333335,9642.87,81471.0,-31697.6,14571.667,-26201.167
2949,26721.0967,6462.1587,2297.8217,13965.285,-0.54,180055,16481.2,3,1620.0,5401.63,45650.5,-17750.867,8100.0,-14680.167
2950,38619.0433,9540.1735,5487.795,15015.2967,-0.54,260908,36578.5,3,2348.3333333333335,7827.21,66074.833,-25751.667,11741.667,-21273.0
2951,38562.5767,9802.7978,7826.7,14925.7167,-0.0733,261515,52906.3,3,2332.6666666666665,7845.41,66200.667,-25822.667,11663.333,-21324.167
2952,54771.64,10353.1741,1833.4317,18790.895,-0.54,368999,12514.8,3,3344.3333333333335,11069.94,93469.167,-36412.133,16721.667,-30077.0
2953,47603.4633,10350.462,2600.035,18662.87,-0.54,323295,17170.5,3,2868.6666666666665,9698.83,81848.833,-31919.533,14343.333,-26368.0
2954,46442.3667,10580.869,3832.97,24207.7467,-0.0733,314244,25970.0,3,2835.3333333333335,9427.3,79498.167,-31049.6,14176.667,-25610.167
2955,36136.13,8812.3539,575.555,27403.43,-0.2133,243642,3772.8,3,2209.3333333333335,7309.23,61692.833,-24051.267,11046.667,-19861.333
2956,83638.9433,12320.086,6457.4867,21480.4,-0.9933,563461,43218.3,3,5089.333333333333,16903.81,142797.667,-55573.2,25446.667,-45936.0
2957,45762.4833,10236.2998,3858.9217,21991.9417,-0.0733,305839,25969.5,3,2806.6666666666665,9175.15,77604.667,-30126.0,14033.333,-24924.667
2958,50353.0167,10959.9604,4804.9867,26936.5867,-0.3067,338849,32493.3,3,3090.3333333333335,10165.45,85806.5,-33447.267,15451.667,-27623.333
2959,45226.38,10548.4133,10025.985,14430.925,-1.2167,304184,67000.5,6,2740.3333333333335,9125.48,77161.167,-29972.267,13701.667,-24789.667
2960,52458.43,11921.4241,11417.805,13767.1883,-0.54,353942,76782.8,3,3180.3333333333335,10618.23,89699.0,-34908.8,15901.667,-28851.667
2961,35536.2567,11219.3185,9318.56,21071.1767,-0.54,237281,62246.3,3,2183.0,7118.39,60204.167,-23374.467,10915.0,-19326.833
2962,54162.9267,14195.5221,11752.355,19155.075,1.5933,364296,78969.5,3,3305.3333333333335,10928.86,92331.667,-35926.6,16526.667,-29697.667
2963,37547.3033,11238.5451,9439.015,11211.765,-0.54,252983,62431.5,3,2295.6666666666665,7589.47,64067.5,-24969.667,11478.333,-20618.333
2964,49672.5133,11728.0241,9764.2883,13599.5817,-0.7267,334980,65879.7,3,3031.0,10049.38,84832.167,-33063.2,15155.0,-27300.833
2965,36659.6467,8286.0271,4706.8217,12216.275,-0.3067,249090,31611.2,3,2234.3333333333335,7472.68,62958.833,-24634.533,11171.667,-20309.0
2966,37320.46,10269.1435,9747.85,15920.2267,-0.5833,249633,65412.7,3,2296.0,7488.96,63302.333,-24605.667,11480.0,-20345.167
2967,55758.1867,12303.2777,5188.6133,25305.8817,-0.54,377225,34665.3,3,3367.6666666666665,11316.72,95576.167,-37214.533,16838.333,-30758.5
2968,31159.7233,11118.8171,9867.0583,16812.31,-0.0733,210201,67326.8,3,1898.0,6305.99,53240.5,-20743.933,9490.0,-17132.833
2969,48228.72,14693.7731,12240.5767,22843.27,-0.54,325155,82019.7,3,2963.6666666666665,9754.62,82279.833,-32119.067,14818.333,-26505.0
2970,46389.8433,9675.4426,5982.1933,14821.205,-0.54,312328,40176.3,3,2836.0,9369.81,79117.833,-30818.467,14180.0,-25459.333
2971,40748.0533,9258.8655,2236.02,15701.0067,-0.18,275155,14605.0,3,2487.0,8254.62,69655.667,-27168.733,12435.0,-22428.5
2972,34155.97,11013.3186,8103.4817,15433.7483,-0.54,231840,54598.2,3,2072.0,6955.17,58650.333,-22907.867,10360.0,-18901.667
2973,37666.55,11532.2266,10481.22,22244.0633,-0.7667,253849,70423.3,4,2285.3333333333335,7615.45,64347.0,-25031.067,11426.667,-20691.5
2974,60085.54,10774.4367,3226.4433,19285.92,-0.54,406419,21201.3,3,3664.6666666666665,12192.54,102848.667,-40144.333,18323.333,-33134.667
2975,48320.55,11351.3896,3125.03,23663.555,-0.54,325393,21323.7,3,2932.6666666666665,9761.75,82494.167,-32080.867,14663.333,-26517.833
2976,47623.9067,7962.1553,3612.765,12259.61,-0.54,318902,23676.5,3,2899.3333333333335,9567.04,80952.5,-31399.467,14496.667,-25992.833
2977,55756.4,11956.8054,8283.1067,21270.865,0.61,374898,55829.0,15,3382.0,11246.9,95100.5,-36939.333,16910.0,-30561.667
2978,44937.9167,9245.0369,5662.2367,17430.5883,-0.0733,302196,37953.0,3,2741.6666666666665,9065.85,76594.833,-29801.267,13708.333,-24629.833
2979,58506.36,12642.5294,7969.795,17687.015,-0.54,393940,53725.7,3,3560.6666666666665,11818.16,99850.333,-38847.8,17803.333,-32117.667
2980,72867.12,11192.6362,7156.9883,18851.89,-0.6467,490582,48094.5,3,4423.333333333333,14717.42,124392.167,-48359.467,22116.667,-39999.667
2981,39924.6233,10200.1623,9714.18,16293.125,-0.3067,265597,64712.0,3,2472.6666666666665,7967.89,67393.833,-26161.933,12363.333,-21638.5
2982,52675.2433,9295.3643,6146.4233,20189.4583,-0.64,355785,40694.0,3,3209.3333333333335,10673.51,90080.833,-35124.6,16046.667,-29001.167
2983,34840.41,9719.2039,4548.5183,20967.7517,-0.6467,234278,30265.5,3,2120.6666666666665,7028.31,59400.5,-23095.4,10603.333,-19096.333
2984,47186.35,9498.6898,5914.2133,15451.8167,-0.6467,320489,39052.0,3,2822.0,9614.65,81212.667,-31612.8,14110.0,-26138.167
2985,60611.39,14103.3885,9223.6633,17582.265,1.3267,408091,61905.3,3,3711.6666666666665,12242.69,103347.5,-40279.133,18558.333,-33258.0
2986,44720.5067,10671.315,6638.3633,13609.5683,-0.54,302376,44367.0,3,2714.0,9071.24,76574.333,-29845.4,13570.0,-24649.667
2987,46908.01,11049.3343,6706.62,22926.51,-0.54,318558,44631.7,3,2843.0,9556.71,80590.167,-31475.533,14215.0,-25978.333
2988,43837.5267,11153.4181,6280.7417,19942.4067,-0.2933,294340,42261.8,3,2698.3333333333335,8830.16,74548.667,-29048.467,13491.667,-23984.5
2989,46906.1067,12196.125,7593.7983,22205.845,-0.3067,314342,50806.5,3,2899.0,9430.24,79614.167,-31022.8,14495.0,-25610.5
2990,40342.8767,10215.5246,7337.93,16908.5467,-0.59,270528,48963.7,3,2472.0,8115.81,68583.333,-26672.267,12360.0,-22044.0
2991,54024.5733,10753.7185,6121.8117,18130.52,0.0533,362446,40815.8,3,3318.0,10873.34,91848.833,-35749.6,16590.0,-29538.0
2992,48602.62,13574.844,10488.6517,28566.7633,-0.3067,326962,69207.2,3,2964.3333333333335,9808.82,82867.0,-32245.533,14821.667,-26649.333
2993,42911.5067,9110.8479,6857.6567,12276.0517,-0.8167,289576,46675.7,3,2626.0,8687.24,73296.0,-28596.733,13130.0,-23605.0
2994,43371.87,9133.3401,1001.1017,18479.87,-0.9933,293343,6205.5,3,2610.6666666666665,8800.27,74360.667,-28924.4,13053.333,-23918.0
2995,51313.4267,9670.3739,4241.7833,15984.8467,-0.18,347063,28874.3,3,3108.3333333333335,10411.86,87909.167,-34248.933,15541.667,-28300.333
2996,46804.0733,12501.0235,10157.295,14039.46,-0.54,316756,67934.2,3,2807.0,9502.64,80322.667,-31222.067,14035.0,-25834.167
2997,95262.6967,12909.6777,9341.265,20759.2817,-0.54,642619,61578.2,3,5813.666666666667,19278.53,162731.0,-63431.333,29068.333,-52383.833
2998,48093.6767,11859.1597,6690.1183,24508.59,-0.54,325268,44650.5,3,2895.3333333333335,9758.01,82454.833,-32071.667,14476.667,-26524.167
2999,58060.82,9838.0834,7003.5267,14566.6367,-0.71,389618,47383.5,3,3550.0,11688.52,98789.5,-38407.867,17750.0,-31759.333
3000,62014.0567,9964.3051,4802.0017,29865.5483,-0.54,420774,32397.2,3,3713.0,12623.19,106635.0,-41500.8,18565.0,-34308.333
3001,40427.17,13339.0151,12123.43,32271.2267,1.72,270443,81610.3,5,2490.6666666666665,8113.27,68559.333,-26664.933,12453.333,-22033.833
3002,49807.47,9688.9543,5749.1183,19998.73,2.52,336630,38580.5,25,3056.3333333333335,10098.87,85141.5,-33269.4,15281.667,-27445.167
3003,42578.39,11596.8363,9410.9117,15369.2867,3.1633,284767,63530.8,32,2627.3333333333335,8542.99,72187.167,-28078.6,13136.667,-23209.833
3004,55867.4533,15902.9793,14327.4633,15959.1683,-0.18,376322,96175.2,5,3464.6666666666665,11289.62,95124.167,-37214.667,17323.333,-30655.0
3005,39906.93,13409.3577,13223.8133,16326.9467,6.1833,268612,87328.7,49,2440.0,8058.33,68045.0,-26504.4,12200.0,-21892.0
3006,58326.8733,16052.003,14807.71,17571.09,8.0167,393022,100096.3,46,3543.3333333333335,11790.64,99614.667,-38758.6,17716.667,-32036.5
3007,46877.94,16209.1281,15768.4117,23509.9633,7.6867,317599,105610.8,18,2852.6666666666665,9527.94,80356.167,-31377.333,14263.333,-25892.167
3008,53053.0067,14563.1834,13699.8333,14651.6,20.9267,360509,92142.7,126,3205.0,10815.24,91221.833,-35613.067,16025.0,-29396.0
3009,51406.8967,16686.8955,15550.4417,20973.1483,2.4,344965,104739.0,31,3153.0,10348.93,87428.833,-34021.533,15765.0,-28114.333
3010,37397.3467,10734.3265,8785.2983,17421.2367,1.4967,250567,59411.5,5,2296.3333333333335,7516.98,63522.333,-24704.467,11481.667,-20419.167
3011,51217.6667,12624.5409,10735.8167,20844.0217,1.4867,344534,73169.3,5,3132.6666666666665,10336.0,87293.0,-33989.667,15663.333,-28085.0
3012,43529.0967,11333.8601,8293.805,12599.4033,1.15,293485,55922.8,9,2651.6666666666665,8804.53,74345.333,-28958.933,13258.333,-23920.167
3013,39439.4,13413.8043,13003.2283,18334.1817,2.1967,263851,87336.8,15,2410.3333333333335,7915.5,66962.333,-25985.267,12051.667,-21504.833
3014,43337.07,13161.3013,12232.8217,15074.59,2.1567,292207,82337.8,17,2648.3333333333335,8766.17,73990.167,-28845.267,13241.667,-23815.667
3015,45626.4833,9640.785,6499.6283,15982.2683,-0.18,309793,44044.2,5,2730.6666666666665,9293.75,78509.0,-30554.933,13653.333,-25274.667
3016,48066.1567,13965.6137,11405.6967,13271.065,1.43,322257,76593.7,9,2951.6666666666665,9667.69,81681.5,-31778.867,14758.333,-26262.5
3017,54647.8433,13638.5833,8771.1117,29691.3117,1.34,364511,59088.7,12,3374.0,10935.31,92460.333,-35918.133,16870.0,-29699.667
3018,72505.41,13183.3564,10921.6283,14068.7833,1.9233,486908,72902.5,17,4449.666666666667,14607.21,123361.167,-48037.133,22248.333,-39674.167
3019,53193.62,16324.1719,16101.4233,18997.15,3.2933,356902,109230.7,33,3259.6666666666665,10707.02,90468.167,-35193.067,16298.333,-29086.833
3020,53942.27,14253.8287,13661.75,19006.71,17.9133,360787,91781.0,107,3337.0,10823.57,91420.5,-35589.133,16685.0,-29397.667
3021,42624.74,16465.2582,15722.6367,19790.2483,1.6633,287602,105680.8,5,2582.6666666666665,8628.04,72891.667,-28363.8,12913.333,-23444.5
3022,49131.4767,14546.9441,11207.2333,11220.3467,3.0367,332015,74856.0,20,2981.3333333333335,9960.41,84100.833,-32762.6,14906.667,-27073.833
3023,54687.57,12725.7063,10409.4283,20778.0633,1.07,369793,70325.8,13,3322.3333333333335,11093.77,93636.167,-36504.2,16611.667,-30149.833
3024,48031.2033,11920.9135,8262.8217,23871.98,3.97,325463,55362.8,40,2889.3333333333335,9763.87,82470.833,-32104.333,14446.667,-26545.833
3025,36795.1367,12664.8415,11728.0817,18317.035,-0.88,249900,79052.5,5,2225.3333333333335,7496.97,63232.5,-24687.0,11126.667,-20374.0
3026,47957.1633,13434.9091,11404.1433,11316.8817,3.8633,323185,76924.7,24,2891.3333333333335,9695.53,81993.833,-31839.533,14456.667,-26349.333
3027,40835.8267,11437.8717,9101.5917,17151.31,1.02,274033,61463.5,5,2523.3333333333335,8220.96,69383.667,-27053.133,12616.667,-22332.333
3028,55007.9033,11388.0306,7944.5467,14035.765,2.18,369933,53378.7,14,3357.0,11097.97,93758.167,-36483.4,16785.0,-30149.833
3029,48773.7067,14420.6261,11700.7183,17454.005,-0.0733,327512,79632.2,3,2998.6666666666665,9825.34,82950.0,-32322.467,14993.333,-26672.5
3030,63161.2733,11969.0095,8597.49,16829.5983,0.0233,427532,57705.7,15,3819.6666666666665,12825.94,108287.833,-42191.333,19098.333,-34859.5
3031,46630.1433,11726.5174,8747.78,15191.6533,2.14,312508,58940.3,16,2856.3333333333335,9375.21,79242.167,-30804.733,14281.667,-25464.167
3032,32048.5367,10111.9178,9254.3967,22694.065,0.0533,216487,62625.2,5,1939.3333333333333,6494.57,54861.167,-21352.867,9696.667,-17651.0
3033,38995.45,9185.6882,6389.0917,17073.3617,-0.4133,261223,43066.8,5,2382.3333333333335,7836.65,66271.667,-25735.867,11911.667,-21288.667
3034,29842.3333,11310.8053,9723.0717,17639.4733,0.6233,200021,66357.8,5,1809.6666666666667,6000.6,50786.5,-19689.6,9048.333,-16303.5
3035,43124.7167,14067.2837,12856.9483,20646.4633,3.4933,293226,87153.2,20,2585.6666666666665,8796.75,74258.333,-28941.867,12928.333,-23916.833
3036,47988.0867,9589.1809,6599.3867,13537.2117,1.42,324548,44478.3,5,2929.6666666666665,9736.42,82124.167,-32060.0,14648.333,-26460.833
3037,53297.39,8959.4135,6421.2767,10369.2383,-0.0733,359857,42686.3,3,3223.6666666666665,10795.69,91205.833,-35489.133,16118.333,-29333.333
3038,66060.8,12045.1541,7625.6367,18319.0933,1.1667,443928,50945.0,11,4031.3333333333335,13317.8,112539.667,-43769.667,20156.667,-36183.667
3039,51399.6233,12344.6232,10000.32,12268.0583,7.1167,345457,66641.2,53,3126.0,10363.69,87610.167,-34047.4,15630.0,-28156.833
3040,50492.6933,12923.2197,9409.4,18767.5567,0.62,341073,63164.3,15,3065.6666666666665,10232.16,86391.167,-33658.133,15328.333,-27800.833
3041,32416.4467,12237.9648,8589.3617,21635.34,0.2867,219534,57565.8,5,1949.6666666666667,6585.98,55638.833,-21651.2,9748.333,-17905.5
3042,61352.25,10612.1331,6301.3583,12833.4333,1.03,412989,43168.5,11,3727.0,12389.65,104707.833,-40714.733,18635.0,-33665.5
3043,45472.24,9379.1309,3749.01,12707.4033,1.3033,307626,24356.3,11,2745.3333333333335,9228.74,77947.0,-30346.333,13726.667,-25083.833
3044,63022.98,8680.2685,1078.5567,19788.1233,2.2133,426267,6990.7,17,3820.3333333333335,12787.98,107960.167,-42069.333,19101.667,-34757.5
3045,50713.1767,9945.2678,4699.9667,23613.5533,0.5333,342465,31586.0,8,3050.3333333333335,10273.91,86862.167,-33748.067,15251.667,-27926.5
3046,45490.9733,10665.5658,7854.25,16249.7767,1.6167,303512,52379.3,23,2804.6666666666665,9105.34,76998.167,-29903.2,14023.333,-24732.667
3047,37735.2867,15848.6751,17000.4067,21096.145,1.48,253885,114274.0,14,2293.6666666666665,7616.52,64378.167,-25025.733,11468.333,-20702.0
3048,46835.9933,13211.3487,10655.39,12217.9717,1.5867,316926,71155.7,25,2850.0,9507.76,80215.833,-31298.933,14250.0,-25838.667
3049,41074.0533,13757.5577,10997.4483,14776.68,2.27,277202,74359.8,23,2485.3333333333335,8316.02,70265.5,-27334.133,12426.667,-22600.0
3050,41783.79,14610.0827,15651.55,20698.915,1.8433,282004,106659.3,21,2555.3333333333335,8460.09,71388.333,-27845.467,12776.667,-22995.833
3051,44137.5033,13118.2103,12945.4583,13964.56,6.1333,297493,88068.8,24,2686.0,8924.77,75376.833,-29347.933,13430.0,-24246.167
3052,44680.6933,14770.336,14246.7617,12278.8833,0.2867,303973,95959.2,5,2700.0,9119.16,76892.833,-30037.467,13500.0,-24793.833
3053,42583.46,12810.3911,10526.765,15602.5967,1.24,287080,70986.5,19,2612.6666666666665,8612.36,72657.167,-28353.067,13063.333,-23396.333
3054,46491.5233,17227.3533,15669.43,13147.6317,-0.01,312624,104886.5,4,2845.3333333333335,9378.69,79202.833,-30843.667,14226.667,-25473.0
3055,42815.2367,15039.5453,12899.815,16216.0883,24.9367,289913,86643.2,130,2579.0,8697.37,73463.0,-28597.467,12895.0,-23642.667
3056,37507.7333,12935.3947,11350.8983,13194.18,4.8067,251538,76653.7,46,2297.0,7546.1,63770.833,-24799.2,11485.0,-20495.0
3057,41515.85,12355.3129,10534.7017,18848.7133,0.0533,279956,71070.5,5,2539.0,8398.65,70884.333,-27637.467,12695.0,-22824.667
3058,49411.6367,11332.344,8092.2083,16067.4417,5.1133,330917,53940.2,18,3024.0,9927.47,83933.333,-32610.0,15120.0,-26959.167
3059,61238.4567,11774.4771,9030.315,13147.4383,3.8067,412454,60949.8,22,3730.6666666666665,12373.59,104518.333,-40683.467,18653.333,-33623.333
3060,33657.4367,10685.0608,9109.58,14677.66,6.16,226380,61297.7,60,2044.3333333333333,6791.37,57410.167,-22311.933,10221.667,-18453.833
3061,54412.0067,10240.5327,7276.2267,17079.545,2.8433,372136,49053.0,8,3290.0,11164.04,93985.667,-36832.867,16450.0,-30354.833
3062,33340.1133,10473.6145,7140.8183,20540.0117,-0.2233,226717,48013.8,8,2012.6666666666667,6801.48,57360.5,-22399.2,10063.333,-18486.0
3063,71936.5033,9354.3648,5858.485,16547.4817,0.88,483370,39777.2,14,4419.0,14501.07,122436.5,-47699.4,22095.0,-39396.667
3064,34119.5067,10641.6951,7952.915,17118.6617,1.7533,229859,53418.5,12,2088.6666666666665,6895.74,58201.0,-22691.4,10443.333,-18729.167
3065,45890.7367,12755.222,11929.5067,20154.45,8.4133,310463,80250.7,60,2770.3333333333335,9313.87,78671.333,-30624.133,13851.667,-25322.0
3066,51545.3967,14387.7077,10927.1017,24292.5533,8.4667,345985,74308.8,25,3164.3333333333335,10379.53,87669.0,-34129.467,15821.667,-28195.333
3067,48813.1167,11338.6328,7004.47,16250.5017,3.68,330393,47541.7,37,2953.0,9911.75,83686.0,-32604.133,14765.0,-26945.5
3068,35789.9367,10275.9585,8186.1333,8683.6217,1.36,239127,54941.0,13,2208.6666666666665,7173.77,60629.167,-23573.667,11043.333,-19482.667
3069,47343.0867,14431.6717,13751.3033,19702.5767,1.36,319622,92925.0,3,2892.6666666666665,9588.62,80909.5,-31560.533,14463.333,-26057.833
3070,41284.7433,12452.636,11060.8633,15668.9567,5.15,280055,74053.7,29,2498.3333333333335,8401.61,70886.833,-27656.2,12491.667,-22839.167
3071,40929.4767,11192.7317,9571.2683,15924.4267,3.72,275538,64393.5,28,2507.3333333333335,8266.11,69782.833,-27194.467,12536.667,-22461.667
3072,52154.8667,12025.2941,10995.46,14995.61,2.1967,349561,74039.7,15,3192.0,10486.8,88648.167,-34452.933,15960.0,-28487.167
3073,38914.92,12201.7672,10469.6733,20446.8017,1.8767,262975,70619.0,38,2345.6666666666665,7889.22,66670.5,-25926.8,11728.333,-21446.333
3074,48564.7733,14634.3505,13670.0017,24238.5033,2.7133,328242,92058.8,24,2967.0,9847.24,83062.5,-32423.467,14835.0,-26756.5
3075,53905.2,16173.1782,14541.6483,23896.55,2.2767,364411,97958.5,18,3284.3333333333335,10932.3,92243.167,-35984.933,16421.667,-29707.0
3076,56852.48,14122.1366,11628.5867,17121.8067,-0.54,385147,79000.0,3,3447.0,11554.38,97497.5,-38030.4,17235.0,-31404.0
3077,53836.2933,15278.1685,13972.56,17589.24,2.7767,363256,94413.0,18,3273.3333333333335,10897.66,92030.167,-35839.2,16366.667,-29619.0
3078,49211.47,12698.7623,12107.64,19719.5517,3.1233,332470,80085.7,27,2985.6666666666665,9974.07,84226.833,-32803.267,14928.333,-27114.5
3079,51999.8133,15136.2228,12554.6017,21798.8117,0.01,351604,84133.8,8,3159.6666666666665,10548.08,89031.167,-34708.267,15798.333,-28669.5
3080,56828.8867,16023.4203,12926.965,19480.435,1.2633,380425,87471.5,15,3523.0,11412.72,96346.667,-37546.333,17615.0,-30999.167
3081,51473.1,13430.0461,9529.245,10979.0833,4.7833,348918,64949.2,49,3125.0,10467.5,88296.167,-34465.067,15625.0,-28450.5
3082,50550.23,14003.4783,12454.45,17905.0067,9.8133,340942,84234.3,52,3057.3333333333335,10228.23,86442.667,-33611.333,15286.667,-27796.0
3083,37186.5733,14523.4632,12640.21,26533.6333,0.2433,253379,85004.7,8,2249.0,7601.34,64056.333,-25053.267,11245.0,-20662.833
3084,39318.16,14294.8206,13992.5767,23424.765,8.3,262846,93221.7,68,2405.0,7885.36,66710.167,-25885.2,12025.0,-21417.167
3085,43536.9067,14172.9051,12592.045,19505.5217,0.0667,291122,84940.8,8,2681.6666666666665,8733.64,73815.167,-28698.4,13408.333,-23721.833
3086,39302.0033,15882.2293,12697.915,15362.7417,-0.2233,263943,85754.8,8,2390.3333333333335,7918.27,66954.333,-26006.933,11951.667,-21515.333
3087,53203.4967,16153.1042,11865.31,18414.5133,5.38,360419,79781.3,57,3229.6666666666665,10812.53,91224.667,-35593.867,16148.333,-29388.167
3088,45970.6433,17107.41,16033.1183,18387.525,4.63,308468,107793.8,32,2831.6666666666665,9254.01,78131.833,-30440.867,14158.333,-25132.667
3089,78048.1767,14282.0934,10707.3067,9732.6683,2.1967,530401,71472.3,17,4719.666666666667,15912.01,134194.0,-52402.667,23598.333,-43253.5
3090,57338.06,12872.5937,7735.7917,12176.2567,2.11,384650,52431.8,31,3533.0,11539.46,97431.333,-37957.4,17665.0,-31340.333
3091,50351.19,14695.7965,11977.705,17179.025,11.24,339807,81316.2,51,3069.0,10194.19,86057.0,-33538.667,15345.0,-27706.333
3092,49810.8333,15831.0328,15633.1617,24475.9917,8.0167,336304,105215.8,63,3053.3333333333335,10089.1,85092.333,-33223.933,15266.667,-27413.333
3093,48758.0733,14656.3863,13181.6533,20115.78,-0.0967,328782,88888.3,13,2969.6666666666665,9863.44,83292.333,-32439.533,14848.333,-26806.5
3094,51312.28,14291.2865,10806.1867,17956.2767,16.4033,344567,72916.7,123,3160.0,10336.98,87265.5,-34007.2,15800.0,-28083.0
3095,42862.3767,15335.4545,14857.52,19656.5667,3.8,289355,99960.0,31,2605.3333333333335,8680.61,73296.333,-28552.4,13026.667,-23588.833
3096,57915.56,14758.461,10919.96,16569.53,9.6867,390363,73433.0,85,3524.3333333333335,11710.86,98914.5,-38506.8,17621.667,-31824.667
3097,56861.7633,13731.2067,11691.1917,18981.3833,3.41,385939,78956.5,28,3462.3333333333335,11578.13,97598.0,-38148.533,17311.667,-31477.5
3098,44821.5633,12527.0386,10527.0517,17955.4817,7.02,302725,70448.8,44,2728.3333333333335,9081.73,76660.167,-29881.0,13641.667,-24681.0
3099,59019.2967,15314.1409,11360.1433,22544.8767,0.0533,396159,76219.7,5,3605.0,11884.73,100443.667,-39054.267,18025.0,-32279.833
3100,66060.6033,14685.1986,10628.45,15116.975,3.43,444307,71632.7,35,4019.3333333333335,13329.17,112661.5,-43796.733,20096.667,-36230.0
3101,48240.5067,12527.8624,11127.925,14659.495,6.6033,325032,74840.2,53,2939.0,9750.94,82357.167,-32063.6,14695.0,-26499.0
3102,44375.9667,14868.6657,11752.395,21392.99,-0.4567,298574,78716.7,8,2711.3333333333335,8957.2,75653.667,-29453.4,13556.667,-24338.167
3103,46559.36,15289.5375,13175.72,18283.8383,11.4433,313943,88701.7,88,2863.3333333333335,9418.26,79428.0,-31017.4,14316.667,-25586.167
3104,43180.0233,14269.5007,14109.6283,16396.2733,3.58,291647,95852.5,17,2607.0,8749.39,73934.0,-28755.867,13035.0,-23782.5
3105,51430.2,17189.1757,15842.4333,18450.0533,32.7067,346208,105759.3,209,3142.6666666666665,10386.2,87709.667,-34157.667,15713.333,-28221.333
3106,64067.48,16450.7469,13140.3567,13836.4783,4.2833,433070,88965.7,39,3898.6666666666665,12992.08,109644.5,-42756.267,19493.333,-35306.167
3107,52177.3767,14783.5729,12945.6983,18968.6033,18.07,349701,87321.5,127,3216.3333333333335,10491.01,88601.167,-34499.8,16081.667,-28496.667
3108,40515.5733,16375.5063,14169.37,25907.415,4.33,271746,95048.3,22,2483.3333333333335,8152.34,68893.0,-26791.933,12416.667,-22154.5
3109,47915.83,14575.5025,13157.4683,19841.8183,3.0267,322802,88207.2,6,2932.3333333333335,9684.03,81745.5,-31862.2,14661.667,-26313.167
3110,44779.3633,14166.7736,12810.6067,14968.5183,15.2467,299955,86372.3,116,2750.0,8998.63,76048.667,-29571.6,13750.0,-24446.333
3111,35625.41,13576.5759,12257.6617,27794.2567,5.9033,239498,82380.3,63,2165.0,7184.91,60742.333,-23602.667,10825.0,-19524.167
3112,39320.5033,12173.9002,10497.8,16664.3467,23.07,265853,70619.3,133,2389.6666666666665,7975.57,67319.0,-26243.067,11948.333,-21679.333
3113,67940.2733,14603.2043,12615.2017,21401.955,4.8633,459679,84753.8,13,4125.666666666667,13790.34,116387.667,-45380.733,20628.333,-37485.333
3114,53040.06,13273.8739,10968.6433,17934.9033,2.5367,357033,73703.0,33,3245.0,10710.96,90437.167,-35231.733,16225.0,-29101.333
3115,55729.94,15934.5011,13550.4033,13252.0867,2.7533,377396,91098.3,25,3361.6666666666665,11321.84,95610.167,-37235.067,16808.333,-30775.333
3116,42701.3833,14602.9461,14760.73,17822.6767,23.4167,287143,98522.0,153,2608.3333333333335,8614.25,72772.5,-28319.533,13041.667,-23407.5
3117,51842.79,17508.3161,16736.5283,26448.5383,7.8033,348921,113077.5,73,3178.3333333333335,10467.59,88361.667,-34439.467,15891.667,-28438.667
3118,48393.4533,14492.3575,12665.0867,19105.6867,3.06,327208,85630.0,18,2937.3333333333335,9816.22,82861.833,-32296.933,14686.667,-26674.333
3119,41603.77,14454.2466,13936.3617,18523.1133,2.9267,281450,93617.5,26,2523.6666666666665,8443.47,71271.167,-27781.533,12618.333,-22947.667
3120,45491.0867,14703.1335,14451.04,27091.67,5.53,304218,97710.7,29,2813.0,9126.52,77095.167,-30005.6,14065.0,-24790.0
3121,42782.71,14665.6566,13584.25,17213.5717,8.6433,287955,90942.7,45,2617.6666666666665,8638.61,72941.333,-28414.4,13088.333,-23471.167
3122,49208.3667,14583.1135,14392.8133,16686.1317,1.0733,329878,97268.7,9,3002.3333333333335,9896.3,83684.0,-32501.933,15011.667,-26881.667
3123,63494.2967,17541.5558,14033.4367,19707.1217,3.2133,427219,95063.3,37,3874.3333333333335,12816.53,108270.0,-42135.733,19371.667,-34828.167
3124,49615.3567,14448.2415,13573.3217,15004.0283,7.1067,336351,91057.8,36,2995.0,10090.49,85180.833,-33197.8,14975.0,-27433.167
3125,46755.74,13167.2135,11009.1317,15278.5617,-0.35,314116,74921.2,6,2876.0,9423.44,79553.167,-31001.867,14380.0,-25599.0
3126,43585.6233,16765.0789,15940.515,20601.08,5.5467,294237,106943.2,34,2667.3333333333335,8827.09,74468.333,-29060.133,13336.667,-23986.333
3127,65093.8467,12755.0007,9308.0317,12547.8483,0.55,438984,62784.8,9,3985.3333333333335,13169.48,111131.5,-43344.133,19926.667,-35789.667
3128,57334.2667,15136.1425,11724.99,22598.01,-0.3067,388434,79719.0,3,3471.3333333333335,11653.0,98346.167,-38348.4,17356.667,-31673.167
3129,57412.35,13609.5659,12038.955,13787.8517,10.7133,386449,80974.5,98,3512.3333333333335,11593.45,97895.667,-38131.6,17561.667,-31506.833
3130,50443.0333,15234.5985,12537.605,17979.525,20.3233,339108,84956.2,144,3105.0,10173.2,85862.167,-33476.667,15525.0,-27640.667
3131,40204.7033,14289.4028,13606.6917,20361.6767,4.3067,272483,90863.5,36,2432.3333333333335,8174.47,68991.0,-26900.267,12161.667,-22222.167
3132,43611.0933,14363.6053,12440.0633,11807.6683,6.94,295233,84180.3,42,2642.3333333333335,8856.96,74758.5,-29143.2,13211.667,-24072.833
3133,40786.8367,14160.7741,11313.3717,17145.6367,2.4467,273467,76667.8,24,2481.3333333333335,8203.97,69396.333,-26934.8,12406.667,-22285.333
3134,40435.3533,15261.3373,14099.82,19906.87,5.2233,271532,95356.7,44,2480.6666666666665,8145.92,68801.5,-26785.733,12403.333,-22129.667
3135,71575.7933,16116.2167,14454.8517,11836.15,24.2833,484396,97183.8,159,4366.0,14531.86,122557.167,-47856.4,21830.0,-39486.833
3136,51531.04,15833.2717,15437.9583,20662.6,-0.35,349346,103577.8,13,3135.6666666666665,10480.34,88373.333,-34519.8,15678.333,-28481.167
3137,51386.9167,16458.6501,14529.2233,18485.2217,14.6333,346049,98205.7,97,3145.3333333333335,10381.45,87643.333,-34152.533,15726.667,-28212.0
3138,60208.2633,17267.641,14752.18,18532.5617,5.8867,405702,99578.7,55,3699.6666666666665,12171.03,102673.667,-40070.933,18498.333,-33063.833
3139,43987.31,16269.5165,14265.055,14452.595,1.65,297065,96269.5,19,2674.0,8911.91,75240.0,-29316.933,13370.0,-24217.667
3140,49700.1467,15086.5514,12181.3483,18879.0867,49.0667,337217,83119.8,268,3024.0,10116.48,85289.333,-33327.667,15120.0,-27498.0
3141,50742.09,15548.7707,13675.9317,18045.5833,7.9933,344491,92023.3,43,3065.3333333333335,10334.69,87198.833,-34018.6,15326.667,-28099.5
3142,63081.3767,14325.4553,10175.4283,8837.8933,8.6667,426475,69123.5,85,3838.0,12794.21,107974.833,-42105.0,19190.0,-34772.667
3143,51925.0133,14974.5094,12869.9983,18206.9183,2.44,347817,87391.5,25,3225.0,10434.48,88046.5,-34344.8,16125.0,-28336.167
3144,49390.4367,13768.1178,10829.17,13798.465,2.3267,334433,73381.7,23,3001.0,10032.97,84641.167,-33030.2,15005.0,-27258.5
3145,35438.4767,11731.2855,11304.3683,17937.5067,1.2467,239405,76492.3,14,2154.3333333333335,7182.11,60632.0,-23628.133,10771.667,-19519.167
3146,59078.4433,14231.6783,11917.6883,19566.6017,3.8633,398731,80525.0,22,3602.3333333333335,11961.91,100970.333,-39358.133,18011.667,-32507.333
3147,72299.5533,18725.3363,16701.285,20009.105,4.6467,491415,113295.5,47,4368.0,14742.42,124335.333,-48548.867,21840.0,-40069.333
3148,46086.6333,12979.2706,12445.8183,23978.8283,0.55,312111,86048.8,5,2783.3333333333335,9363.3,79055.5,-30800.0,13916.667,-25448.833
3149,51574.7767,15102.9013,12346.2883,15063.39,3.1467,347871,83562.8,29,3150.6666666666665,10436.11,88079.833,-34342.333,15753.333,-28352.167
3150,48251.0067,11829.1577,9042.7833,15963.195,2.1167,324756,61169.3,21,2949.0,9742.64,82274.167,-32041.467,14745.0,-26469.333
3151,52040.1233,12502.3984,10190.4517,24049.0717,-0.4133,352737,69308.8,5,3184.6666666666665,10582.09,89169.167,-34879.8,15923.333,-28754.667
3152,74949.6667,15223.5651,10103.385,21838.0683,-0.4133,507461,70760.5,5,4551.666666666667,15223.8,128456.0,-50109.8,22758.333,-41378.667
3153,43391.42,12867.8241,10009.5733,24193.035,10.6067,292915,67937.0,59,2635.3333333333335,8787.42,74209.167,-28899.333,13176.667,-23882.5
3154,53291.59,17915.0674,15144.51,23039.3667,3.8,360974,101889.7,38,3241.6666666666665,10829.19,91339.667,-35658.933,16208.333,-29426.667
3155,41881.3233,13162.2164,12210.4367,14615.3767,0.01,282851,83033.3,8,2547.6666666666665,8485.49,71637.0,-27915.333,12738.333,-23064.167
3156,52126.0467,14403.1513,12765.06,15409.6567,0.9967,352260,86788.0,12,3173.0,10567.78,89182.5,-34779.067,15865.0,-28710.167
3157,42536.21,11883.112,9525.6617,23197.4917,6.4967,287815,64419.2,32,2577.3333333333335,8634.41,72885.167,-28408.867,12886.667,-23461.167
3158,48530.8433,15038.8562,14174.045,14597.085,6.37,327485,96476.2,20,2952.6666666666665,9824.51,82957.333,-32314.0,14763.333,-26700.333
3159,64355.2767,19008.243,17552.6833,23871.9517,2.4633,436621,117466.0,25,3902.3333333333335,13098.61,110479.0,-43132.667,19511.667,-35601.333
3160,49695.4767,13540.6732,13072.6733,17115.9183,17.0933,334698,88050.7,120,3034.3333333333335,10040.91,84789.167,-33023.933,15171.667,-27282.333
3161,45169.1833,16521.0895,14991.3117,17919.4683,4.4767,303046,101917.5,22,2772.3333333333335,9091.35,76802.167,-29888.333,13861.667,-24697.667
3162,56738.53,15860.4495,12761.1717,14952.335,5.04,381472,86136.3,26,3487.3333333333335,11444.13,96600.333,-37654.267,17436.667,-31088.333
3163,57578.06,16110.8111,12768.365,14450.5433,-0.6467,386916,86004.8,5,3512.6666666666665,11607.46,98090.5,-38147.067,17563.333,-31536.167
3164,59228.3933,14663.2742,12913.9583,17863.9617,2.28,398450,87636.8,28,3644.6666666666665,11953.46,100869.667,-39342.067,18223.333,-32476.0
3165,47420.22,14818.7507,11758.0467,18474.6967,9.3867,321055,79578.7,45,2873.0,9631.62,81300.667,-31690.733,14365.0,-26186.333
3166,55776.7767,14010.4243,9518.8067,17056.9783,0.71,375881,63837.3,8,3409.0,11276.41,95190.333,-37100.133,17045.0,-30634.833
3167,51894.2767,13325.0539,11200.3917,19924.43,0.9733,351168,75598.5,14,3148.6666666666665,10535.01,88918.833,-34666.067,15743.333,-28636.833
3168,42243.8267,11972.0372,10070.9433,19792.6417,-0.2867,284836,67073.0,14,2586.6666666666665,8545.06,72113.0,-28122.067,12933.333,-23225.5
3169,42376.9267,13821.1837,10455.045,19206.2267,15.6067,286320,70370.8,122,2581.0,8589.56,72490.333,-28267.8,12905.0,-23340.167
3170,42945.0233,12951.4198,11455.585,15424.03,5.49,293104,78197.2,37,2589.3333333333335,8793.09,74101.833,-28980.067,12946.667,-23916.5
3171,56595.2633,13634.1969,11193.8717,11713.3667,1.07,382502,75959.5,20,3433.6666666666665,11475.03,96884.5,-37746.6,17168.333,-31186.0
3172,51852.5533,13176.6665,12323.7317,15848.8883,13.28,349008,83384.8,98,3147.0,10470.22,88502.5,-34400.667,15735.0,-28454.5
3173,43822.31,14107.5121,13042.4517,18548.1517,4.79,295415,87812.2,32,2700.3333333333335,8862.41,74725.0,-29192.933,13501.667,-24073.833
3174,58006.6133,15786.6543,11735.4733,17381.4883,2.1867,394794,78059.0,5,3530.6666666666665,11843.78,99753.5,-39057.333,17653.333,-32186.667
3175,45747.2,12967.8003,9841.1083,12662.21,3.5967,310101,66709.0,19,2768.6666666666665,9303.0,78501.0,-30619.8,13843.333,-25280.333
3176,44157.7033,9776.4462,6926.0517,14993.755,5.6367,298767,46832.2,53,2687.0,8962.97,75619.333,-29505.6,13435.0,-24354.0
3177,46947.3967,14711.263,13212.4017,20793.7783,0.9433,315875,89235.5,7,2844.0,9476.23,80126.0,-31124.667,14220.0,-25750.167
3178,59278.06,11790.849,11403.365,16814.995,11.1167,400176,76783.2,60,3604.6666666666665,12005.26,101362.667,-39490.2,18023.333,-32623.0
3179,50873.23,13844.3827,11799.5817,19488.645,10.9167,343429,79452.8,53,3124.6666666666665,10302.83,86873.667,-33936.267,15623.333,-27990.333
3180,41343.3367,14318.2102,12324.035,16569.2583,11.4033,277940,82958.8,93,2542.3333333333335,8338.17,70376.667,-27437.333,12711.667,-22645.833
3181,45346.1467,12704.4078,8747.685,18333.0983,7.1733,305854,58787.2,52,2783.0,9175.58,77397.833,-30211.6,13915.0,-24930.667
3182,44387.3533,12251.4951,10897.9367,13702.26,3.67,300135,73720.0,13,2722.6666666666665,9004.02,75903.333,-29665.667,13613.333,-24467.667
3183,30224.21,10959.004,11166.4533,16464.0517,5.2933,210191,75831.7,20,1817.0,6305.71,52881.5,-20885.667,9085.0,-17162.333
3184,39287.03,10631.974,9980.605,13020.675,1.89,266512,67194.5,21,2380.3333333333335,7995.33,67447.333,-26323.467,11901.667,-21733.833
3185,41418.58,12270.1785,11225.3233,17510.15,3.0433,278514,75710.2,23,2542.6666666666665,8355.38,70537.333,-27487.8,12713.333,-22699.667
3186,65441.2067,16443.4599,15865.4317,16714.17,4.4433,440986,107323.8,41,3979.6666666666665,13229.54,111755.333,-43495.0,19898.333,-35947.0
3187,74295.4267,17468.2913,15835.11,17547.7167,2.7933,500376,107348.0,30,4564.333333333333,15011.26,126654.833,-49413.333,22821.667,-40779.0
3188,36493.5967,13195.2712,12649.9917,15682.5817,4.1133,245462,85405.2,34,2251.3333333333335,7363.83,62124.167,-24242.733,11256.667,-20008.333
3189,44334.2233,12662.9778,11488.8,18910.025,3.1,302314,77952.7,31,2682.3333333333335,9069.39,76411.167,-29898.333,13411.667,-24659.667
3190,42360.32,11198.4069,8285.175,18165.4583,7.85,285778,55831.8,38,2607.0,8573.32,72290.0,-28239.667,13035.0,-23298.333
3191,34176.6533,11772.862,10177.7233,17370.11,10.2333,233335,68362.3,59,2094.6666666666665,7000.02,58857.833,-23123.867,10473.333,-19030.667
3192,40806.97,16055.0736,13632.7683,24350.5883,548.9533,276097,92690.5,3532,2498.0,8282.87,69830.667,-27287.067,12490.0,-22509.5
3193,61768.4633,17200.9589,14910.29,24675.9867,3.47,418915,101195.7,23,3750.3333333333335,12567.43,105994.833,-41385.133,18751.667,-34160.333
3194,44371.2633,14994.1864,13499.13,16204.7483,6.92,299279,90657.0,47,2713.3333333333335,8978.33,75769.167,-29548.067,13566.667,-24394.833
3195,60768.3167,14377.4178,12998.3567,14818.59,14.57,412289,88025.7,83,3693.3333333333335,12368.65,104294.667,-40740.0,18466.667,-33621.667
3196,43568.0567,10980.3982,10917.3067,15434.5983,5.99,294211,73372.3,44,2672.3333333333335,8826.29,74430.167,-29070.067,13361.667,-23980.0
3197,40803.05,12730.8094,12292.6283,15968.1183,2.8267,275553,85150.8,40,2483.6666666666665,8266.55,69779.667,-27198.667,12418.333,-22462.833
3198,40972.1933,14555.8947,11648.8533,12131.5517,2.93,276940,78476.7,25,2479.3333333333335,8308.16,70170.333,-27319.8,12396.667,-22583.167
3199,37755.4667,11981.1584,11412.27,14798.95,3.9533,254601,77733.3,35,2281.6666666666665,7638.0,64565.0,-25094.2,11408.333,-20761.667
3200,41346.84,15504.4442,15234.2583,15691.42,15.9033,280636,101916.8,113,2523.3333333333335,8419.04,70943.167,-27749.867,12616.667,-22882.167
3201,54573.95,13936.6079,13136.96,16782.1917,5.78,369759,88604.7,47,3293.0,11092.75,93658.5,-36488.467,16465.0,-30153.833
3202,41730.04,13069.4209,11610.2633,17881.1583,3.6233,284576,78452.0,37,2515.6666666666665,8537.24,71963.167,-28129.867,12578.333,-23218.833
3203,47434.65,16777.0511,13355.5967,19044.165,2.31,323966,90277.0,21,2863.3333333333335,9718.95,81865.167,-32047.133,14316.667,-26419.0
3204,87274.51,14626.7304,12531.3567,15176.405,7.24,591935,84340.7,66,5287.333333333333,17758.01,149814.833,-58461.0,26436.667,-48274.0
3205,52467.1233,17019.8944,17622.3883,18494.7567,15.1333,352864,120082.8,78,3193.0,10585.89,89463.0,-34787.6,15965.0,-28759.167
3206,44366.2267,15032.6354,13656.32,9337.6067,11.2533,298776,92630.0,62,2699.3333333333335,8963.26,75725.167,-29465.2,13496.667,-24353.667
3207,59348.3,14664.8685,11841.2,20953.4233,3.02,399634,80405.3,35,3613.0,11989.0,101286.667,-39412.2,18065.0,-32580.167
3208,48670.67,15243.4898,12020.3367,13704.9783,2.0767,329740,80855.0,21,2988.0,9892.17,83330.0,-32616.0,14940.0,-26875.5
3209,59414.0667,13068.8269,10616.1567,16724.005,3.1,405101,71472.3,19,3566.6666666666665,12153.0,102497.333,-40021.267,17833.333,-33048.333
3210,37910.3167,11791.8828,9111.0967,17261.4867,2.64,253459,61405.3,19,2324.0,7603.75,64305.667,-24969.6,11620.0,-20649.5
3211,49781.3,12682.9761,11318.7317,11075.4933,2.27,335211,75866.5,23,3039.0,10056.3,84930.5,-33070.0,15195.0,-27330.5
3212,40493.85,15112.7324,12684.045,27320.8817,3.1067,271548,85725.8,26,2495.6666666666665,8137.25,68737.0,-26753.733,12478.333,-22105.0
3213,51441.2667,15912.7782,13298.93,21772.0733,3.3,346078,89952.0,28,3141.6666666666665,10382.3,87694.167,-34137.867,15708.333,-28205.667
3214,53911.7133,12436.3735,10377.105,11609.115,1.03,365120,70607.8,15,3267.6666666666665,10953.58,92441.333,-36047.533,16338.333,-29774.0
3215,53327.19,10203.5956,7789.9367,13880.4117,1.32,361621,52445.0,15,3211.3333333333335,10848.59,91598.5,-35684.733,16056.667,-29491.833
3216,42624.4033,16326.2075,16926.4833,26379.0917,3.3967,290043,114242.7,25,2571.3333333333335,8701.27,73380.333,-28656.533,12856.667,-23657.333
3217,44694.6867,13746.9071,12304.6117,16198.755,16.11,301148,82437.8,118,2743.6666666666665,9034.42,76229.0,-29738.067,13718.333,-24549.0
3218,41185.3633,12734.5552,10621.11,17682.1883,6.58,278212,71938.0,67,2506.3333333333335,8346.33,70449.0,-27462.8,12531.667,-22678.833
3219,50588.4,13364.2495,12459.0117,16700.68,-0.4133,342424,84642.5,5,3079.6666666666665,10272.7,86656.0,-33822.467,15398.333,-27916.167
3220,42423.9133,13195.2229,11880.74,21031.145,6.2067,285870,80425.7,43,2589.0,8576.08,72413.5,-28208.667,12945.0,-23302.0
3221,60616.68,13182.213,11297.9067,14426.9133,3.2767,408534,75550.7,29,3705.3333333333335,12255.98,103459.0,-40323.133,18526.667,-33301.833
3222,34679.8833,10778.1257,9173.0567,10557.805,0.2167,235549,61107.3,11,2090.0,7066.45,59628.667,-23258.4,10450.0,-19206.833
3223,49241.55,12419.5023,9003.8667,26001.9733,1.3767,330976,60881.0,21,2997.0,9929.25,83930.0,-32623.2,14985.0,-26979.5
3224,67881.09,13737.2932,11875.0217,19834.7333,3.4867,456791,80397.8,35,4162.666666666667,13703.69,115683.833,-45084.6,20813.333,-37235.167
3225,62068.95,16855.7376,14132.2117,24288.9517,5.0633,420426,95337.7,22,3785.3333333333335,12612.75,106356.0,-41542.8,18926.667,-34283.667
3226,49668.4633,14942.3045,14596.3117,14596.3117,10.4067,334909,99125.8,96,3030.6666666666665,10047.23,84823.667,-33052.267,15153.333,-27303.5
3227,41784.5567,14259.3564,13986.73,20415.8783,7.17,282191,94513.7,30,2560.6666666666665,8465.69,71398.333,-27878.8,12803.333,-23004.0
3228,30154.1067,13988.5444,14818.205,18744.1283,102.5367,203146,100144.5,733,1848.6666666666667,6094.34,51431.833,-20056.4,9243.333,-16559.0
3229,51356.9833,12292.5306,10276.135,11247.46,-1.39,345546,69258.8,7,3170.0,10366.35,87435.0,-34135.2,15850.0,-28159.167
3230,49866.5433,14694.1959,13951.0533,19404.095,1.29,336168,94400.0,7,3038.6666666666665,10085.01,85162.0,-33168.8,15193.333,-27405.0
3231,44747.6833,13032.3355,12558.4667,15316.0917,1.0933,299373,84551.0,10,2749.3333333333335,8981.15,75924.333,-29504.8,13746.667,-24399.667
3232,46566.8167,16133.6991,14157.4883,18442.5083,1.4867,313699,94191.2,5,2826.0,9410.95,79526.0,-30929.467,14130.0,-25570.667
3233,45914.01,12181.1182,9670.4817,9670.4817,1.24,311545,65225.0,6,2774.6666666666665,9346.31,78864.5,-30763.133,13873.333,-25407.0
3234,68503.6567,11145.6677,6537.955,17244.0133,-0.54,465971,44162.8,3,4149.0,13979.09,117839.667,-46058.267,20745.0,-38001.833
3235,40780.2367,13798.2423,12423.115,20247.0883,5.3867,274070,83559.8,35,2506.0,8222.07,69413.333,-27048.667,12530.0,-22336.5
3236,40033.19,13946.0191,12798.0483,17253.0217,3.8567,269876,88341.5,37,2470.0,8042.19,67925.333,-26444.667,12350.0,-21839.667
3237,45451.7333,15764.2995,13979.1683,17665.1183,0.16,306648,93110.5,3,2760.0,9199.4,77703.0,-30248.333,13800.0,-25002.333
3238,59763.71,14671.1612,13382.8583,13382.8583,8.18,400955,89966.8,44,3700.6666666666665,12028.61,101498.833,-39591.4,18503.333,-32675.667
3239,41093.0233,15996.7529,16059.6567,23207.6167,4.3233,276654,107534.0,37,2518.6666666666665,8299.59,70056.833,-27308.067,12593.333,-22548.667
3240,67987.5667,13605.2959,11287.4283,28704.5933,3.9533,456964,76209.2,22,4179.0,13708.9,115728.833,-45101.333,20895.0,-37243.833
3241,47820.01,11184.1127,8583.6283,18446.9683,4.2033,321235,57670.8,39,2927.0,9637.01,81411.5,-31682.333,14635.0,-26181.167
3242,76235.5967,14533.5514,11571.28,16069.8967,1.9233,509719,77593.7,17,4674.0,15291.53,129318.667,-50216.267,23370.0,-41528.333
3243,45522.81,11211.1369,6702.5667,18047.635,3.3533,306745,44822.7,32,2781.0,9202.31,77685.667,-30274.667,13905.0,-24995.5
3244,38044.9767,11156.6833,10558.7133,18720.07,0.7767,256165,70738.7,8,2323.3333333333335,7684.91,64895.833,-25274.6,11616.667,-20877.833
3245,55303.5167,13444.5292,10476.1,15939.7583,9.0533,375323,70709.3,95,3340.0,11259.65,95012.667,-37059.467,16700.0,-30609.333
3246,53855.5167,12760.0978,9438.6467,17760.26,2.1167,361603,63068.7,19,3314.0,10848.05,91586.667,-35685.867,16570.0,-29463.333
3247,34656.2567,9763.7295,7869.535,12376.355,2.1,234111,53397.2,10,2122.0,7023.29,59234.0,-23128.533,10610.0,-19082.5
3248,45742.6667,13404.9407,11360.1017,16923.9383,4.1467,309778,76550.5,37,2772.3333333333335,9293.3,78431.833,-30582.8,13861.667,-25261.333
3249,42990.1933,14139.1406,14035.9517,21244.165,6.61,291450,94587.2,54,2614.3333333333335,8743.46,73735.833,-28795.6,13071.667,-23765.167
3250,48602.24,14356.8277,13295.405,19708.71,3.8967,329456,89609.5,25,2945.6666666666665,9883.64,83393.5,-32533.733,14728.333,-26869.5
3251,35851.4967,14271.313,13584.12,15294.2467,14.87,240985,91898.3,80,2196.3333333333335,7229.53,61059.667,-23773.2,10981.667,-19646.167
3252,36743.5733,14019.3096,14161.4,13022.5283,4.0,249292,95861.0,28,2241.3333333333335,7478.74,63032.833,-24645.333,11206.667,-20329.333
3253,41045.7367,13855.8728,11703.6333,14718.275,-0.4767,276810,78908.0,4,2526.3333333333335,8304.27,70021.167,-27353.533,12631.667,-22557.833
3254,53796.4367,13978.0325,11814.7533,17566.8583,3.2133,362927,80040.0,37,3291.0,10886.17,91864.833,-35828.733,16455.0,-29580.833
3255,54054.6767,12734.6692,11818.8133,12971.4583,9.93,365101,80680.3,45,3316.0,10953.01,92361.5,-36075.667,16580.0,-29764.167
3256,64207.5933,14267.2773,10090.1817,16213.66,0.4767,434200,67663.7,8,3911.6666666666665,13025.96,109907.667,-42876.867,19558.333,-35407.5
3257,48578.1467,14202.526,12468.7417,24188.6,9.1867,327290,84786.8,57,2973.3333333333335,9818.68,82878.0,-32306.867,14866.667,-26678.333
3258,45738.0767,16346.7381,13174.27,18720.1867,3.67,310445,89081.0,30,2774.3333333333335,9313.31,78540.5,-30672.733,13871.667,-25314.667
3259,83163.7233,17166.6895,15455.9083,14280.8333,3.31,564424,105113.5,8,5072.333333333333,16932.69,142698.333,-55805.467,25361.667,-46023.5
3260,57060.5567,15535.3873,14260.7433,16291.55,5.95,386584,95651.3,46,3464.6666666666665,11597.49,97843.0,-38179.6,17323.333,-31523.667
3261,43920.7633,13444.6434,12490.765,14690.0817,1.4967,298072,84773.2,15,2643.0,8942.13,75489.667,-29418.533,13215.0,-24307.5
3262,44941.27,10734.5659,6756.5517,20728.735,1.0933,304013,45453.8,10,2742.0,9120.37,76931.833,-30029.933,13710.0,-24791.0
3263,53217.78,14264.0315,10047.995,18933.6117,11.6667,360270,67957.5,98,3219.6666666666665,10808.08,91244.833,-35556.133,16098.333,-29377.333
3264,40123.0033,11328.4008,10844.8083,12017.72,6.1433,270173,72663.5,51,2464.0,8105.17,68394.167,-26677.0,12320.0,-22019.333
3265,42882.02,12140.2337,11201.5667,14608.3217,9.86,289955,75757.7,113,2622.3333333333335,8698.62,73355.167,-28648.933,13111.667,-23634.5
3266,68513.7267,11969.1811,10912.2817,14960.155,7.76,464293,74206.3,36,4173.0,13928.76,117451.833,-45877.867,20865.0,-37854.0
3267,34032.47,13407.149,13287.2983,16578.0267,6.9333,229970,90293.2,68,2077.6666666666665,6899.07,58203.5,-22712.6,10388.333,-18745.833
3268,44525.69,12090.1475,11358.7117,13142.4183,0.6433,299781,77120.8,11,2724.6666666666665,8993.39,75926.5,-29585.533,13623.333,-24432.0
3269,70311.9433,14614.5579,12226.1183,19832.705,5.9733,474898,82348.8,36,4324.333333333333,14246.91,120093.667,-46942.133,21621.667,-38708.167
3270,41281.5167,12367.3735,10701.2333,14919.7317,2.6967,278123,72204.3,32,2524.0,8343.65,70435.167,-27450.467,12620.0,-22666.833
3271,56207.4767,14338.5297,9669.0767,13107.6617,5.9167,381245,64794.0,19,3394.3333333333335,11437.31,96527.333,-37638.0,16971.667,-31090.833
3272,41798.2467,13180.5897,11322.9917,11182.165,5.07,281367,76440.2,27,2571.3333333333335,8440.98,71219.167,-27785.733,12856.667,-22932.833
3273,52179.3567,14355.8765,13090.41,22822.0967,4.8867,351274,88376.3,35,3191.6666666666665,10538.19,88981.167,-34662.333,15958.333,-28636.0
3274,63301.6433,11983.3429,10262.085,13655.73,0.4767,428765,69239.8,8,3844.6666666666665,12862.91,108520.833,-42344.6,19223.333,-34960.833
3275,44063.9433,11753.3423,9894.775,16950.505,3.22,296818,66300.2,32,2688.3333333333335,8904.51,75198.0,-29284.4,13441.667,-24195.833
3276,37739.82,10910.8067,8867.7517,15637.5533,6.52,253245,60123.8,38,2330.3333333333335,7597.32,64125.0,-24999.0,11651.667,-20635.167
3277,34997.5633,10841.0491,9525.6567,14741.9533,2.3767,234955,63952.3,8,2140.3333333333335,7048.63,59560.0,-23167.067,10701.667,-19145.667
3278,91487.9967,16581.1051,13215.0217,21704.295,2.35,616695,89464.5,19,5612.0,18500.83,156093.5,-60901.667,28060.0,-50264.667
3279,40432.6433,15172.8847,12271.4283,25043.22,7.7867,273341,82425.8,62,2466.3333333333335,8200.21,69183.0,-26995.067,12331.667,-22287.167
3280,51554.47,13975.4325,10695.31,16512.765,2.86,348857,72918.0,10,3146.3333333333335,10465.67,88262.833,-34466.2,15731.667,-28439.5
3281,47603.5033,13296.3423,11978.3767,15282.6033,9.1967,320790,81344.7,67,2919.0,9623.67,81205.0,-31676.0,14595.0,-26144.167
3282,60264.0233,17757.245,15896.1017,17221.3367,4.7567,405661,106105.5,37,3681.0,12169.79,102777.167,-40021.267,18405.0,-33066.667
3283,41929.6067,12213.0279,10220.5833,19757.5217,1.1767,286329,68926.0,8,2519.0,8589.84,72406.833,-28303.067,12595.0,-23359.0
3284,46873.2767,16309.5391,16943.42,21107.4633,30.08,317205,114363.3,195,2845.6666666666665,9516.11,80309.833,-31317.0,14228.333,-25864.0
3285,41859.9833,15012.319,15699.8517,20727.8817,2.64,285403,107033.8,26,2514.6666666666665,8562.05,72202.0,-28199.733,12573.333,-23277.667
3286,46940.3,15826.6679,14347.6467,21305.9667,2.2467,315758,96677.0,21,2883.3333333333335,9472.7,79953.667,-31170.067,14416.667,-25732.667
3287,41277.9067,12368.3039,9374.255,12351.4217,2.31,277409,63952.8,21,2563.6666666666665,8322.24,70156.167,-27419.333,12818.333,-22599.5
3288,36309.19,12198.947,9086.8117,9907.3433,0.4867,244247,61249.2,16,2236.0,7327.39,61825.667,-24119.2,11180.0,-19904.667
3289,53484.4467,19117.4991,15462.2667,29642.255,1.28,361744,104716.0,17,3236.3333333333335,10852.28,91636.0,-35694.333,16181.667,-29491.167
3290,55776.94,17360.2292,15410.81,13049.275,9.7033,377312,104766.3,62,3405.6666666666665,11319.34,95456.833,-37279.733,17028.333,-30747.833
3291,51628.52,15882.4423,14087.8817,23019.7167,15.1767,349085,95433.2,85,3162.0,10472.52,88301.667,-34496.333,15810.0,-28459.333
3292,43165.39,12289.027,10030.9583,18344.9733,1.7133,290997,67776.8,27,2633.0,8729.89,73710.333,-28715.333,13165.0,-23724.5
3293,61682.8767,13165.9258,11547.8083,14276.6033,1.72,416821,78305.2,5,3793.3333333333335,12504.61,105393.833,-41206.733,18966.667,-33975.5
3294,46239.8233,12386.9823,11537.275,10064.0617,3.1733,312277,78080.2,20,2819.6666666666665,9368.29,79065.833,-30829.133,14098.333,-25463.5
3295,43499.86,13180.5309,11322.5017,16967.5317,0.7833,293866,76770.5,15,2663.0,8815.96,74354.167,-29031.6,13315.0,-23953.667
3296,47978.3167,13956.0499,11816.7417,15817.7717,2.1967,324169,79285.2,15,2928.3333333333335,9725.05,82051.167,-32013.4,14641.667,-26426.167
3297,42432.7233,13933.9133,13369.915,19249.915,-0.4567,285671,89613.2,8,2623.0,8570.09,72257.333,-28231.2,13115.0,-23278.5
3298,39652.5567,15189.3343,13832.8017,22725.785,6.2333,266757,93579.3,61,2436.0,8002.69,67547.5,-26332.467,12180.0,-21745.167
3299,64765.67,18628.9399,14144.1867,23438.925,11.07,440997,95053.3,87,3924.0,13229.87,111483.667,-43605.867,19620.0,-35962.0
3300,32792.2733,12763.7511,11089.1033,22399.9117,2.4467,221099,74061.7,11,2016.6666666666667,6632.94,55939.5,-21844.0,10083.333,-18019.5
